num,question,answer,filename,
1,"「肺炎始發病時產生高熱、口乾、躁動，脈搏快而有力等症狀，若致病原過強且患者體虛，使身體
無法適應而出現中毒性休克時，患者會產生冷汗淋漓、四肢冰冷、面色蒼白、脈搏沉細弱、甚至血
壓下降等變化。」若以陰陽互動關係來解釋前述病理過程，則下列選項何者較適當？
(A)陰陽互根互用 (B)陰陽相互轉化 (C)陰陽消長平衡 (D)陰陽對立制約",B,100-中醫基礎醫學（一）（包括中醫醫學史、中醫基礎理論、內經、難經）.csv,
2,"對於飲酒的生理，下列敘述何者錯誤？
(A)喝酒之後，常見小便獨先下 (B)酒者，為熟穀之液
(C)酒者，後穀而入，先穀而液出 (D)酒者，其氣悍以濁",D,100-中醫基礎醫學（一）（包括中醫醫學史、中醫基礎理論、內經、難經）.csv,
3,"患者每次應酬飲酒後隔日便因急性「痛風」（Gout）發作而無法行走；此最常見痛風發作處，在中
醫解剖位置為下列何者？
(A)核骨 (B)然骨 (C)京骨 (D)骰骨",A,100-中醫基礎醫學（一）（包括中醫醫學史、中醫基礎理論、內經、難經）.csv,
4,"一位 28 歲女性患者原本睡眠狀況良好，但因罹患乳癌接受化療近 10 個月後，開始出現入眠困難，
且至清晨4、5點即醒，白天時整個人覺得疲倦昏沈。關於患者的現況，下列相關敘述何者錯誤？
(A)肌膚也可能變得粗糙 (B)可出現細澀脈象
(C)可出現弦數脈象 (D)宜用當歸補血湯補血",D,100-中醫基礎醫學（一）（包括中醫醫學史、中醫基礎理論、內經、難經）.csv,
5,"王小姐因生意失敗割腕自殺，通常會影響之經絡不包括下列何者？
(A)手太陽小腸經 (B)手太陰肺經 (C)手厥陰心包經 (D)手少陰心經",A,100-中醫基礎醫學（一）（包括中醫醫學史、中醫基礎理論、內經、難經）.csv,
6,"下列何項非「伏邪」所感？
(A)春傷於風，邪氣留連，乃為洞泄 (B)夏傷於暑，秋為痎瘧
(C)秋傷於濕，上逆而咳，發為肺癰 (D)冬傷於寒，春必病溫",C,100-中醫基礎醫學（一）（包括中醫醫學史、中醫基礎理論、內經、難經）.csv,
7,"臨床上若急性發熱患者出現口渴口苦與肌腱韌帶易急攣，也會有感覺異常的症狀，在病因與病機的
表現中，下列何者正確？
(A)五臟會因為心氣熱，而產生下肢無力
(B)出現肝氣熱與脾氣熱的問題
(C)出現心氣熱與肝氣熱的問題
(D)患者有勞倦與久行，同時又遇大熱，所以關節無法活動靈活",B,100-中醫基礎醫學（一）（包括中醫醫學史、中醫基礎理論、內經、難經）.csv,
8,"中醫史上最早的醫案，是由下列何者所作？
(A)扁鵲 (B)公乘陽慶 (C)公孫光 (D)淳于意
代號：2106
頁次：8－2",D,100-中醫基礎醫學（一）（包括中醫醫學史、中醫基礎理論、內經、難經）.csv,
9,"《大醫習業》詳述醫德規範的文章收錄著作，下列何者正確？
(A)《千金要方》 (B)《抱朴子》 (C)《外臺秘要》 (D)《諸病源候論》",A,100-中醫基礎醫學（一）（包括中醫醫學史、中醫基礎理論、內經、難經）.csv,
10,"有關金元四大家之敘述，下列何者正確？
(A)劉河間，重脾胃，而始發明治內傷之法；河間之論，即《內經》飲食勞倦之義
(B)李東垣，對於傷寒、癰疽、眼目病尤其擅長，撰有《醫學發明》、《內外傷辨惑論》等
(C)李東垣，主清火，而始發明治溫暑之法；東垣之說，即五運六氣之旨
(D)朱丹溪，主攻邪，論吐汗下三法。攻邪以去其毒，而後進以和胃養血等劑以善後",B,100-中醫基礎醫學（一）（包括中醫醫學史、中醫基礎理論、內經、難經）.csv,
11,"清代考據風氣盛行，醫籍之考證作品與作者之配對，下列何者錯誤？
(A)汪昂－《素問靈樞類纂約注》 (B)徐大椿－《難經經釋》
(C)魏荔彤－《金匱要略方論本義》 (D)徐大椿－《傷寒來蘇集》",D,100-中醫基礎醫學（一）（包括中醫醫學史、中醫基礎理論、內經、難經）.csv,
12,"下列何書是針灸著作？
(A)《醫林改錯》 (B)《神應經》 (C)《格致餘論》 (D)《活法機要》",B,100-中醫基礎醫學（一）（包括中醫醫學史、中醫基礎理論、內經、難經）.csv,
13,"有關清末民初中醫學受打壓及爭取生存空間的史實，下列何者錯誤？
(A)1900年前後已出現否定五行說的思潮，梁啟超更在1923年5月為文辟之
(B)民國元年及民國二年的醫藥教育法規，皆漏列中醫中藥教育
(C)1929年2月，南京政府衛生部召開第一屆中央衛生委員會議，討論了有關廢止中醫藥的四項提案
(D)1930年3月17日，全國代表在上海召開全國醫藥團體代表大會，要求政府立即取消四項提案，
此乃國醫節之由來",D,100-中醫基礎醫學（一）（包括中醫醫學史、中醫基礎理論、內經、難經）.csv,
14,"50歲楊先生患有肺結核病史。咳嗽少痰夾血絲10年，兼有口燥咽乾，午後低熱，手足心熱，盜汗等
症狀。斷續服用抗肺結核藥物效果不佳，近 1 月出現腹脹，飲食不佳，腹瀉一日多行質稀，怕冷，手
足肢冷，倦怠，口乾不欲飲，舌紅乾苔薄白邊齒痕，脈沉細數無力。則下列何者不屬於楊先生前後
病症的陰陽變化？
(A)陰虛則熱 (B)陰損及陽 (C)陰勝則陽病 (D)陰陽偏衰",C,100-中醫基礎醫學（一）（包括中醫醫學史、中醫基礎理論、內經、難經）.csv,
15,"下列何醫者是中西醫匯通的代表醫家？
(A)合信 (B)艾儒略 (C)王清任 (D)張錫純",D,100-中醫基礎醫學（一）（包括中醫醫學史、中醫基礎理論、內經、難經）.csv,
16,"「范進中舉」故事中的精神療法，主要是利用情志之間五行的何種作用，以調解異常的情志變化？
(A)相侮 (B)相生 (C)相克 (D)相乘",C,100-中醫基礎醫學（一）（包括中醫醫學史、中醫基礎理論、內經、難經）.csv,
17,"據《靈樞．本神篇》論述，意之所存，謂之：
(A)志 (B)思 (C)慮 (D)智",A,100-中醫基礎醫學（一）（包括中醫醫學史、中醫基礎理論、內經、難經）.csv,
18,"據《難經》所言，中醫所謂的魄門，下列何者正確？
(A)咽 (B)喉 (C)肛門 (D)太倉下口",C,100-中醫基礎醫學（一）（包括中醫醫學史、中醫基礎理論、內經、難經）.csv,
19,"若患者自覺口中酸味，甚者旁人聞之有酸氣，下列何項病機最有可能？
(A)肝熱 (B)脾熱 (C)胃熱 (D)肺熱",A,100-中醫基礎醫學（一）（包括中醫醫學史、中醫基礎理論、內經、難經）.csv,
20,"下列那一症狀臨診時會讓妳/你比較不會想到腎系統之病症？
(A)五更泄瀉 (B)囟門不合 (C)哮喘 (D)瘰癧",D,100-中醫基礎醫學（一）（包括中醫醫學史、中醫基礎理論、內經、難經）.csv,
21,"我們可藉由觀察何骨，得知一身骨之大小？
(A)額骨 (B)眉棱骨 (C)顴骨 (D)頰車骨
代號：2106
頁次：8－3",C,100-中醫基礎醫學（一）（包括中醫醫學史、中醫基礎理論、內經、難經）.csv,
22,"下列何病位所生之「癰疽」其預後較佳？
(A)項 (B)脇 (C)伏兔 (D)腨",B,100-中醫基礎醫學（一）（包括中醫醫學史、中醫基礎理論、內經、難經）.csv,
23,"小美洗頭後頭髮未乾便吹到風，之後開始產生不適症狀，經中醫師診斷為「首風」，下列相關敘述
何者錯誤？
(A)症狀表現有：頭面多汗，惡風
(B)症狀表現有：頭痛
(C)病機為風氣循風府而上，入係頭，故亦覺眼寒
(D)在天氣將颳風的前一天，頭痛明顯且劇烈；但至颳風的那一天，頭痛則症減",C,100-中醫基礎醫學（一）（包括中醫醫學史、中醫基礎理論、內經、難經）.csv,
24,"一群好朋友至野外烤肉露營，胖虎突然變得怕人、怕火，而且還脫掉身上衣物，高聲唱歌且謾罵他
人，則胖虎最可能的病位，下列何者正確？
(A)足太陽經 (B)足陽明經 (C)足少陽經 (D)手少陰經",B,100-中醫基礎醫學（一）（包括中醫醫學史、中醫基礎理論、內經、難經）.csv,
25,"關於「心系」的敘述，下列何者錯誤？
(A)「心系」與「目系」間有手少陰之支脈聯繫
(B)人在憂思時會不時深呼吸伸展其氣，是因憂思時心系急，急則氣道約，約則不利
(C)人在悲傷時之所以會有淚出，是因為心系急則肺舉
(D)心系急易致胃氣不降，故嘔",D,100-中醫基礎醫學（一）（包括中醫醫學史、中醫基礎理論、內經、難經）.csv,
26,"下列中醫解剖名詞，何者是現代醫學解剖所稱之「顳骨乳突」（mastoid process of temporal bone）？
(A)鬢骨 (B)曲頰骨 (C)完骨 (D)顴骨",C,100-中醫基礎醫學（一）（包括中醫醫學史、中醫基礎理論、內經、難經）.csv,
27,"關於古代「宦官」的生理特性，下列何者錯誤？
(A)宗筋已去 (B)衝脈血去不復
(C)血不營脣口，故鬚不生 (D)不起性慾",D,100-中醫基礎醫學（一）（包括中醫醫學史、中醫基礎理論、內經、難經）.csv,
28,"關於「營」、「衛」之論述，下列何者錯誤？
(A)穀入於胃，以傳於肺，五藏六府，皆以受之。其清者為營，濁者為衛
(B)營在脈中，衛在脈外；營周不休，五十而復大會
(C)少壯之氣血盛，五藏之氣相搏，故晝精而夜瞑
(D)老者之氣血衰，其肌肉枯，故晝不精，夜不瞑",C,100-中醫基礎醫學（一）（包括中醫醫學史、中醫基礎理論、內經、難經）.csv,
29,"有關營氣循行交接部位，下列何者正確？
(A)從肝上注肺後，上循喉嚨，入於頏顙之竅，止於目系
(B)從督脈後，絡陰器，上過毛中，入臍中，散於胸中
(C)上循腹裡，入缺盆之後，下注心，復出太陰經
(D)營氣上額循巔，下項中，循脊入骶",D,100-中醫基礎醫學（一）（包括中醫醫學史、中醫基礎理論、內經、難經）.csv,
30,"根據《靈樞．經脈》之經脈循行，患者主訴目乾痛，應先考慮是那一條經脈的病變？
(A)肺經 (B)脾經 (C)肝經 (D)腎經",C,100-中醫基礎醫學（一）（包括中醫醫學史、中醫基礎理論、內經、難經）.csv,
31,"進食後，食物經過胃之消化，依《靈樞．經脈》，是那一條經脈之別支將營氣運送至心？
(A)胃經 (B)脾經 (C)肝經 (D)心經",B,100-中醫基礎醫學（一）（包括中醫醫學史、中醫基礎理論、內經、難經）.csv,
32,"根據《靈樞．經脈》，手太陰之別，起於腕上，直入掌中，散入於魚際，名稱為何？
(A)列缺 (B)通里 (C)內關 (D)支正
代號：2106
頁次：8－4",A,100-中醫基礎醫學（一）（包括中醫醫學史、中醫基礎理論、內經、難經）.csv,
33,"依《靈樞．經脈》，根據經脈循行，患者主訴下齒痛，應用那一條經脈上之穴位治療最合適？
(A)胃經 (B)膽經 (C)大腸經 (D)三焦經",C,100-中醫基礎醫學（一）（包括中醫醫學史、中醫基礎理論、內經、難經）.csv,
34,"阿華於右眼目銳眥處長了針眼，依據經脈循行，應與那條經脈無關？
(A)三焦經 (B)膽經 (C)小腸經 (D)膀胱經",D,100-中醫基礎醫學（一）（包括中醫醫學史、中醫基礎理論、內經、難經）.csv,
35,"小明腰扭傷，若以針刺委中處理，依《靈樞．經筋論》，是影響那一條經筋？
(A)足太陽膀胱經 (B)足少陽膽經 (C)足陽明胃經 (D)足厥陰肝經",A,100-中醫基礎醫學（一）（包括中醫醫學史、中醫基礎理論、內經、難經）.csv,
36,"依據《難經》所述，奇經八脈之疾病中，腹滿，腰溶溶若坐水中，是那一條經脈之疾病？
(A)任脈 (B)督脈 (C)衝脈 (D)帶脈",D,100-中醫基礎醫學（一）（包括中醫醫學史、中醫基礎理論、內經、難經）.csv,
37,"依《靈樞．經脈》，經脈因為伏行於分肉之間，深而不見，常無法判斷其虛實，所以應從氣口了解
其虛實，所指氣口為何？
(A)鼻子 (B)寸口 (C)穴位 (D)喉嚨",B,100-中醫基礎醫學（一）（包括中醫醫學史、中醫基礎理論、內經、難經）.csv,
38,"關於奇經八脈之敘述，下列何者錯誤？
(A)任脈為陰脈之海 (B)衝脈為陽脈之海
(C)任脈及衝脈對女子之月經生理密切相關 (D)衝脈，起於氣街，挾臍上行至胸中而散",B,100-中醫基礎醫學（一）（包括中醫醫學史、中醫基礎理論、內經、難經）.csv,
39,"一位38歲女性患者，婚後不孕，體瘦，語聲低微，倦怠無力感。今感覺腰部酸冷感，站立則酸痛重
感覺比較嚴重，舌淡紅苔薄，脈細無力。以經絡理論分析，以下列何經治療最合適？
(A)帶脈 (B)陽維脈 (C)任脈 (D)陰維脈",A,100-中醫基礎醫學（一）（包括中醫醫學史、中醫基礎理論、內經、難經）.csv,
40,"根據經脈循行，那一條經脈循行至心？
(A)肝經 (B)胃經 (C)大腸經 (D)腎經",D,100-中醫基礎醫學（一）（包括中醫醫學史、中醫基礎理論、內經、難經）.csv,
41,"有關膽經循行之敘述，下列何者正確？
(A)膽經有一支脈別跗上，入三毛，出爪甲端 (B)膽經循行在頸部循足太陽之前
(C)膽經循行在肩部循手少陽之前 (D)膽經有一支脈從耳前入耳中，出耳後",B,100-中醫基礎醫學（一）（包括中醫醫學史、中醫基礎理論、內經、難經）.csv,
42,"有關任脈的循行及其功能特點敘述，下列何者正確？
(A)起於毛際，循腹裏 (B)貫臍中央，上貫肺入咽
(C)上頤入齒，上目系 (D)女子帶下病與任脈相關",D,100-中醫基礎醫學（一）（包括中醫醫學史、中醫基礎理論、內經、難經）.csv,
43,"有關胃經循行之敘述，下列何者正確？
(A)胃經循行，從人迎前下大迎，循喉嚨，入缺盆
(B)胃經循行，從缺盆入乳外廉，下挾臍
(C)胃經有一分支，從胃口，下循腹裏，下至氣街中而合
(D)胃經循行，下循脛外廉，下足跗，入中趾尖",C,100-中醫基礎醫學（一）（包括中醫醫學史、中醫基礎理論、內經、難經）.csv,
44,"《素問．痹論》所述「痛痹」之病機與寒邪的那個特性有關？
(A)寒性凝滯 (B)寒主收引 (C)寒性重濁 (D)寒為陰邪，易傷陽氣",A,100-中醫基礎醫學（一）（包括中醫醫學史、中醫基礎理論、內經、難經）.csv,
45,"關於「痛甚不可按」與「按之痛止」之病因病機論述，下列何者錯誤？
(A)兩者最主要的病因病機都是因為「寒氣客於脈絡」
(B)寒氣客於脈外則血少，客於脈中則氣不通，故卒然而痛
(C)當脈中寒氣與炅氣相薄則出現經脈滿盛的狀態
(D)當寒氣與炅氣相薄，按之血氣散後則痛止
代號：2106
頁次：8－5",D,100-中醫基礎醫學（一）（包括中醫醫學史、中醫基礎理論、內經、難經）.csv,
46,"下列何者是造成《素問．生氣通天論》所論「薄厥」的病機？
(A)氣虛 (B)氣鬱 (C)氣逆 (D)氣陷",C,100-中醫基礎醫學（一）（包括中醫醫學史、中醫基礎理論、內經、難經）.csv,
47,"據《素問．五臟生成篇》所論，多食甘，有可能發生下列何病證？
(A)骨痛而髮落 (B)肉胝而唇揭 (C)筋急而爪枯 (D)皮槁而毛拔",A,100-中醫基礎醫學（一）（包括中醫醫學史、中醫基礎理論、內經、難經）.csv,
48,"據《素問．舉痛論》所論，下列何項病因會造成「心無所倚，神無所歸，慮無所定，故氣亂矣」？
(A)悲 (B)喜 (C)炅 (D)驚",D,100-中醫基礎醫學（一）（包括中醫醫學史、中醫基礎理論、內經、難經）.csv,
49,"關於「漏泄」之病因、病機及其症狀表現，下列何者錯誤？
(A)人有熱飲食下胃，其氣未定，汗則出
(B)汗循衛氣之道而出，汗或出於面，或出於背，或出於身半
(C)此因外傷於風所致
(D)此因衛氣慓悍滑疾，見開而出所致",B,100-中醫基礎醫學（一）（包括中醫醫學史、中醫基礎理論、內經、難經）.csv,
50,"關於「陰陽交」的實際病例，下列何者錯誤？
(A)患者會反覆發燒，汗出後體溫便下降
(B)患者會出現心律過速的症狀
(C)在診察過程中，患者對醫師的說話態度可能不很平和
(D)是會致命的急重症",A,100-中醫基礎醫學（一）（包括中醫醫學史、中醫基礎理論、內經、難經）.csv,
51,"關於「濕邪」對人體的影響，下列何者錯誤？
(A)濕為陰邪，重濁有質 (B)濕蒸於上，則頭脹如蒙
(C)濕在經絡，則麻木浮腫 (D)濕在臟腑，則嘔惡腫脹",C,100-中醫基礎醫學（一）（包括中醫醫學史、中醫基礎理論、內經、難經）.csv,
52,"關於「霍亂」之病因病機論述，下列何者錯誤？
(A)霍亂多發於夏秋之交，因起居冷熱不調，飲食生冷失節所致
(B)邪在上焦則吐，邪在下焦則利，在中焦則吐利交作，謂之「濕霍亂」
(C)若欲吐不吐，欲瀉不瀉，即為「乾霍亂」
(D)症可伴見憎寒壯熱而腹不痛，甚則轉筋",D,100-中醫基礎醫學（一）（包括中醫醫學史、中醫基礎理論、內經、難經）.csv,
53,"張子和治一病患，其症狀為「心痛，日增不已，月餘成塊，狀若覆杯，大痛不任，藥皆無功」，張
子和學巫者，雜以狂言，以謔病者，至是大笑，一二日，心下結硬乃散。此患者之病因以下列何者
最有可能？
(A)大喜 (B)大怒 (C)大悲 (D)大驚",C,100-中醫基礎醫學（一）（包括中醫醫學史、中醫基礎理論、內經、難經）.csv,
54,"導致心臟陽氣偏衰的常見病機，下列何者錯誤？
(A)宗氣不足 (B)脾虛氣弱 (C)血瘀氣滯 (D)衛氣鬱滯",D,100-中醫基礎醫學（一）（包括中醫醫學史、中醫基礎理論、內經、難經）.csv,
55,"下列有關形成「陽勝」的病機敘述，正確的有幾項？①感受陰邪，入裏化熱 ②過食生冷，陰寒內
盛，抑遏機體陽氣 ③血瘀、食積等鬱而化熱 ④情志內傷，五志過極而化火
(A)1 (B)2 (C)3 (D)4",C,100-中醫基礎醫學（一）（包括中醫醫學史、中醫基礎理論、內經、難經）.csv,
56,"下列有幾項是常見症狀「急躁易怒」的可能病機？①肝鬱氣滯，氣鬱化火 ②肝之陽氣升動太過
③肝血不足，心神失養 ④肝陰不足，陰不制陽
(A)4 (B)3 (C)2 (D)1
代號：2106
頁次：8－6",B,100-中醫基礎醫學（一）（包括中醫醫學史、中醫基礎理論、內經、難經）.csv,
57,"若患者表現熱重而毒陷肌膚筋骨，影響臟腑，筋骨好肉腐爛無餘，依《靈樞．癰疽篇》所記載，下
列何者正確？
(A)病位的皮膚會皮薄光亮 (B)病患產生癰
(C)會出現膚色枯暗，堅如牛頸項的皮 (D)不會影響骨髓",C,100-中醫基礎醫學（一）（包括中醫醫學史、中醫基礎理論、內經、難經）.csv,
58,"對於脹的症狀表現，依《靈樞．脹論》所描述，若病人出現腹滿的症狀，要考慮下列何問題？
(A)心脹與肝脹 (B)胃脹與腎脹 (C)脾脹與胃脹 (D)大腸脹與脾脹",B,100-中醫基礎醫學（一）（包括中醫醫學史、中醫基礎理論、內經、難經）.csv,
59,"有關藥食之氣味厚薄與陰陽之關係，下列何者正確？
(A)陰味出中焦，陽氣出上竅 (B)味厚者為陰，薄為陽之陰
(C)氣厚者為陽，薄為陽之陽 (D)氣薄則發泄，厚則發熱",D,100-中醫基礎醫學（一）（包括中醫醫學史、中醫基礎理論、內經、難經）.csv,
60,"若病人產生瘍症與感覺異常的表現，依《素問．風論篇》所記載的病機變化，下列何者正確？
(A)風氣由太陽經入，與衛氣相干，脈道不利，產生瘍症
(B)風氣由少陽經入，與衛氣相干，脈道不利，產生瘍症
(C)營血不足，產生感覺異常的表現
(D)風氣由陽明經入，與衛氣相干，脈道不利，產生瘍症",A,100-中醫基礎醫學（一）（包括中醫醫學史、中醫基礎理論、內經、難經）.csv,
61,"依《素問．生氣通天論》所描述，人當汗出與受到不同外邪侵犯時，會有下列何種病理表現？
(A)若汗出後受到熱邪侵犯，會產生小癤或汗疹
(B)若汗出後受到風邪侵犯，會容易產生大的疔腫
(C)若汗出後受到火邪侵犯，鬱結不解，會容易產生小癤子
(D)若汗出偏左或偏右，則無汗的半邊，會使人發生偏枯的疾病",D,100-中醫基礎醫學（一）（包括中醫醫學史、中醫基礎理論、內經、難經）.csv,
62,"一位35歲女性患者，近一年反覆外感，吃止痛消炎藥及抗生素多，導致近日常常噯氣吞酸，有關其
致病病機之論述，下列何者正確？
(A)寒邪客於脾，脾不能為胃行其津液，故噯氣吞酸
(B)外感之寒邪與新進之飲食皆留滯在胃中，新故相亂，氣并相逆，故噯氣吞酸
(C)寒邪客於胃，厥逆之氣從下而上，故噯氣吞酸
(D)寒飲食入胃，穀入於胃，胃氣上注於肺，肺因而寒，故噯氣吞酸",C,100-中醫基礎醫學（一）（包括中醫醫學史、中醫基礎理論、內經、難經）.csv,
63,"一位30歲女性，吹風則膚癢甚，有關其致病病機之論述，下列何者正確？
(A)其風邪入於皮膚之間，其氣外發，使腠理開疏，邪氣與正氣往來流行，故癢
(B)其風邪入於外分肉之間，迫切為沫，使經脈凝澀，正邪交爭，故癢
(C)其風邪入於脈中，則血閉不通，使不通則衛氣來復，邪氣與正氣往來流行，故癢
(D)其風邪入於皮膚之間，使腠理閉而內熱，邪氣往來流行，故癢",A,100-中醫基礎醫學（一）（包括中醫醫學史、中醫基礎理論、內經、難經）.csv,
64,"一位75歲獨居老人，排便困難，多日一行，近日常常忘記剛才做過的事，有關其致病病機之論述，
下列何者正確？
(A)因其腸胃實而厥氣上逆故善忘
(B)因腑氣不通，陽明氣上逆而善忘
(C)因腑氣不通，而營衛氣不得下行而上逆，故善忘
(D)因上氣不足而下氣有餘而善忘
代號：2106
頁次：8－7",D,100-中醫基礎醫學（一）（包括中醫醫學史、中醫基礎理論、內經、難經）.csv,
65,"一位35歲職業婦女，平日生活忙碌，常餓過頭，泛酸胃痛，晚上會因胃不舒而醒過來，但不打呼。
有關其致病病機之相關論述，下列何者正確？
(A)此因三陽脈逆，不得從其道，故不得臥 (B)此因氣道濇，衛氣衰少而臥不安
(C)此因陽明脈逆，不得從其道，故不得臥 (D)此因氣血衰，衛氣衰少而臥不安",C,100-中醫基礎醫學（一）（包括中醫醫學史、中醫基礎理論、內經、難經）.csv,
66,"有關癰與疽的差異與鑑別診斷，下列何者正確？
(A)疽者，其寒氣下陷肌膚，筋髓枯，內連五臟，血氣竭
(B)癰者，其熱勝腐肉成膿，但不會內陷骨髓
(C)疽者，其寒氣稽留於經脈之中，熱勝腐肉成膿，不內陷骨髓
(D)癰者，其熱勝腐肉成膿，其癰下，筋骨良肉皆無餘",B,100-中醫基礎醫學（一）（包括中醫醫學史、中醫基礎理論、內經、難經）.csv,
67,"若病患出現腹脹與腹筋起，依《靈樞．水脹篇》所記載，下列何者正確？
(A)為疝氣之候，氣虛下陷時易出現
(B)為膚脹之候，易出現腹大身盡腫，皮厚，腹色不變
(C)為鼓脹之候，易出現色蒼黃
(D)為疝氣之候，老人與嬰幼兒易出現",C,100-中醫基礎醫學（一）（包括中醫醫學史、中醫基礎理論、內經、難經）.csv,
68,"一位50歲肥胖婦人，近日常覺口中甘甜，溲多沫，善飢。有關其致病病機之相關論述，下列何者正
確？
(A)此乃多食甘美而多肥者，肥者令人內熱，甘者令人中滿，故其氣下泄
(B)五味入口，藏於胃，脾為之行其精氣，津液在脾，故令人口甘
(C)肝鬱脾虛，氣鬱中焦，胃氣上溢，故令人口甘
(D)此乃氣聚於脾中不得散，熱盛於中，內熱而溺赤，轉為消渴",B,100-中醫基礎醫學（一）（包括中醫醫學史、中醫基礎理論、內經、難經）.csv,
69,"一位50歲男性病人，平日酗酒，此次黃疸、腹脹滿、發燒入院後昏迷五日，手足溫，診斷為胰臟炎
併發敗血性休克，有關其致病病機之相關論述，下列何者正確？
(A)酒入於胃，則絡脈滿而經脈虛，脾主為胃行其津液者也，陽氣虛則邪氣入，精氣不得營於四肢所致
(B)酒入於胃，則經脈滿而絡脈虛，脾主為胃行其津液者也，陽氣虛則邪氣入，精氣不得營於四肢所致
(C)酒入於胃，則經脈滿而絡脈虛，脾主為胃行其津液者也，陰氣虛則陽氣入，陽氣入則胃不和，精
氣不得營於四肢所致
(D)酒入於胃，則絡脈滿而經脈虛，脾主為胃行其津液者也，陰氣虛則陽氣入，陽氣入則胃不和，精
氣不得營於四肢所致",D,100-中醫基礎醫學（一）（包括中醫醫學史、中醫基礎理論、內經、難經）.csv,
70,"有關痹證的症狀敘述，下列何者正確？
(A)痹在於筋則縱 (B)痹在於骨則拘 (C)痹在於皮則寒 (D)痹在於肉則燥",C,100-中醫基礎醫學（一）（包括中醫醫學史、中醫基礎理論、內經、難經）.csv,
71,"一位68歲女性，有糖尿病和高血壓，規律服西藥中，每逢寒流則全身酸痛，夜甚。有關其致病病機
之相關論述，下列何者較正確？
(A)此風寒濕氣客於經脈之間，無關乎大絡之脈
(B)此風寒濕氣客於經脈之中而痛，痛則神歸之，神歸之則寒，寒則為厥，厥則他痹發
(C)此風寒濕氣客於經脈之間，皆為實證，故針而瀉之
(D)此風寒濕氣客於外分肉之間，迫切為沫，沫得寒則聚，排分肉而痛
代號：2106
頁次：8－8",D,100-中醫基礎醫學（一）（包括中醫醫學史、中醫基礎理論、內經、難經）.csv,
72,"有關外感病人洒然而寒之病機論述，下列何者正確？
(A)因風氣藏於皮膚之間，腠理閉而發冷
(B)因風氣藏於皮膚之間，腠理開而發冷
(C)因風氣與太陽俱入，循諸脈俞，散於分肉之間，與衛氣相干而發冷
(D)因風氣與太陽俱入，循諸脈俞，散於分肉之間，衛氣有所凝而不行而發冷",B,100-中醫基礎醫學（一）（包括中醫醫學史、中醫基礎理論、內經、難經）.csv,
73,"一位40歲先天性糖尿病女性患者，外感二日後，面部及足皆水腫，言語不利，針刺之後五天，目下
腫，身重難以行，月事不來，煩而不能食，不能正躺，正躺則咳，有關其致病病機，下列何者正確？
(A)因氣上迫肺，心氣不得下通，故月事不來
(B)不能正躺是因為膈下有水氣
(C)此為風水病誤刺而轉為腎風
(D)此為支飲",A,100-中醫基礎醫學（一）（包括中醫醫學史、中醫基礎理論、內經、難經）.csv,
74,"一位50歲女性患者，兩天前不慎吹風導致頭項痛，身熱，目痛鼻乾不得臥，脈數，發燒到38.5°C，
有關其可能之致病病機及治則，下列何者正確？
(A)此時已入陽明症，可用瀉法 (B)此乃兩感於寒，太陽與陽明俱病
(C)此時宜用汗法治療 (D)此乃病溫，非風寒所致",C,100-中醫基礎醫學（一）（包括中醫醫學史、中醫基礎理論、內經、難經）.csv,
75,"關於中醫攝生的觀念，下列何者錯誤？
(A)飲食有節，起居有常，不妄勞作，是攝生論中最重要的實行項目
(B)起居有常，所以養生觀裡，一年四季均應常態，一律雞鳴而起
(C)孫思邈攝生咏：「勿使悲觀極，常令飲食均，…若要無百病，常當節五辛。」是養生致中和的精神
(D)注重調攝精神的心理衛生「恬憺虛無，真氣從之，精神內守，病安從來。」",B,100-中醫基礎醫學（一）（包括中醫醫學史、中醫基礎理論、內經、難經）.csv,
76,"平常飲食口味太過，會引起臟腑功能的虛損，依《素問．生氣通天論》所記載，若喜歡飲食過辛的
食物，則下列何者正確？
(A)會傷及脾胃的運化 (B)會產生肺氣不足與喘滿的症狀
(C)精神與筋脈都會被影響 (D)會產生筋脈拘緊與疼痛",C,100-中醫基礎醫學（一）（包括中醫醫學史、中醫基礎理論、內經、難經）.csv,
77,"下列有關氣之論述，何者正確？
(A)氣之主為肺 (B)氣之根為脾 (C)氣血生化之源為腎 (D)元氣之別使為心包",A,100-中醫基礎醫學（一）（包括中醫醫學史、中醫基礎理論、內經、難經）.csv,
78,"依《素問．上古天真論篇》所記載，關於腎氣與男性生命活動的表現，下列何者正確？
(A)16歲會表現真牙生 (B)48歲會表現髮墮齒槁
(C)32歲會表現肌肉壯 (D)24歲會表現天癸至",C,100-中醫基礎醫學（一）（包括中醫醫學史、中醫基礎理論、內經、難經）.csv,
79,"下列何醫家率先歸納出溫病發展的衛氣營血等四階段？
(A)薛雪 (B)吳鞠通 (C)王孟英 (D)葉天士",D,100-中醫基礎醫學（一）（包括中醫醫學史、中醫基礎理論、內經、難經）.csv,
80,"根據《史記》和《淮南子》，中醫藥的起始源自於下列何者？
(A)巫 (B)聖人 (C)本能 (D)實踐",B,100-中醫基礎醫學（一）（包括中醫醫學史、中醫基礎理論、內經、難經）.csv,
1,"下列有關氣運動的敘述，何者錯誤？
(A)元氣通過三焦而流行於全身
(B)人體生命的活動，即是氣機
(C)就局部來看，每個臟腑的生理活動，都必須具備升降出入四種形式
(D)就局部來看，不是每個臟腑氣機的升降出入運動間必須保持平衡",C,101-中醫基礎醫學（一）（包括中醫醫學史、中醫基礎理論、內經、難經）.csv,
2,"依《素問．四氣調神大論》所記載的四時養生方法，其中可使志安寧，收斂神氣，無外其志，為何
季節的養生之道？
(A)冬季 (B)秋季 (C)春季 (D)夏季",B,101-中醫基礎醫學（一）（包括中醫醫學史、中醫基礎理論、內經、難經）.csv,
3,"依《素問．四氣調神大論》所記載的四時養生方法，若違逆春季養生法，會產生下列何種身體的病
理變化？
(A)逆之則傷脾，夏為寒變，奉長者少 (B)逆之則傷心，冬為寒變，奉長者少
(C)逆之則傷肝，夏為寒變，奉長者少 (D)逆之則傷肺，冬為寒變，奉長者少",C,101-中醫基礎醫學（一）（包括中醫醫學史、中醫基礎理論、內經、難經）.csv,
4,"對於代脈、結脈、促脈之辨別，依《難經》所記載與病患臨床表現，下列何者正確？
(A)結脈為臟氣衰微與脾氣脫絕的表現
(B)結脈脈象主邪熱內陷體衰
(C)代脈指脈搏止有定數，動而中止，不能自還，主死
(D)促脈脈象往來緩，時一止復來，主氣鬱、血瘀",C,101-中醫基礎醫學（一）（包括中醫醫學史、中醫基礎理論、內經、難經）.csv,
5,"70歲帕金森氏症患者，目閉而不視人，有關其致病病機之論述，下列何者正確？
(A)此因衛氣留於陽，不得行於陰故目閉
(B)此因衛氣留於陰，不得行於陽故目閉
(C)其衛氣亢進不得入於陰，常留於陽，不得入於陰則陰氣虛，故目閉
(D)其血脈衰，氣道澀，經脈不通，五臟之氣相搏，其衛氣亢進，故目閉",B,101-中醫基礎醫學（一）（包括中醫醫學史、中醫基礎理論、內經、難經）.csv,
6,"依《靈樞．經脈》，十五別絡中，任脈之別，名稱為何？
(A)大包 (B)虛里 (C)長強 (D)尾翳",D,101-中醫基礎醫學（一）（包括中醫醫學史、中醫基礎理論、內經、難經）.csv,
7,"50 歲女性患者罹患大腸激躁症已二年，經常腹瀉，四肢無力，有關其可能之致病病機，下列何者最
正確？
(A)四肢皆稟氣於脾，脾經之氣不得隨經絡下行至四肢，故四肢無力
(B)四肢皆稟氣於胃，脾病不能為胃行其水穀津液之化生，故四肢無力
(C)四肢皆稟氣於肝，肝氣虛故氣道不利，筋骨肌肉皆無氣血以生，故四肢無力
(D)四肢皆稟氣於肺，肺氣虛故氣道不利，筋骨肌肉皆無氣血以生，故四肢無力",B,101-中醫基礎醫學（一）（包括中醫醫學史、中醫基礎理論、內經、難經）.csv,
8,"23 歲學生暑假吃冰後，遇雷陣雨，全身濕透，隔天鼻塞清涕一天，頭暈重困倦，發燒 38.5℃，惡風
寒，腹脹沒有食慾，腹水瀉日五至六行，舌質淡紅，脈濡，有關其可能之致病病機，下列何者正確？
(A)寒濕之邪，入陽經化熱閉塞，故腹部脹滿而納差
(B)寒濕之邪，上先受之，而後隨陽經下行至手足末端
(C)寒濕之邪，入脾經，故腹部脹滿而水瀉
(D)寒濕之邪，入陽經，故身發熱，入陰經，故困倦
代號：2103
頁次：6－2",C,101-中醫基礎醫學（一）（包括中醫醫學史、中醫基礎理論、內經、難經）.csv,
9,"有關突然昏厥的病機之論述，下列何者較正確？
(A)陰氣盛於上，則上虛，上虛則昏亂不知人
(B)陰氣盛於上，則下虛邪氣逆，逆則陰氣亂，故昏亂不知人
(C)陽氣盛於上，則下氣重上而邪氣逆，逆則陽氣亂，陽氣亂故昏亂不知人
(D)陽氣盛於下，則邪氣逆，熱氣在中，熱擾神明故昏亂不知人",C,101-中醫基礎醫學（一）（包括中醫醫學史、中醫基礎理論、內經、難經）.csv,
10,"腎能聚水而病水腫之原因為何？
(A)病腎風者，寒氣客於腸外，故身目浮腫
(B)水腫之候，陰股間寒，足脛腫，屬太陰經之所病
(C)腎者，胃之關，關門不利，故聚水溢於皮膚，故水腫
(D)病腎風者，寒氣客於皮膚之間，腹脹大一身盡腫",C,101-中醫基礎醫學（一）（包括中醫醫學史、中醫基礎理論、內經、難經）.csv,
11,"40 歲女性，已有二個小孩，近三年來月經週期先後不定期，且月經前及經來小腹抽痛三四天，合併
下墜感，並摸到小腹如拳頭大之硬塊，推之可動，經來量大夾血塊，西醫診斷懷疑為子宮腺肌症之
病人。有關其中醫診斷及病機之相關論述，下列何者正確？
(A)此由於寒氣客於子門，氣不得通，惡血當瀉不瀉，衃以留止，日以益大所致
(B)此由於寒氣客於腸外，與衛氣相搏，氣不得榮，癖而內著，瘜肉乃生所致
(C)此由於寒氣客於背俞之脈，氣不得通，惡血當瀉不瀉，衃以留止，日以益大所致
(D)此由於寒氣客於腸胃之間，膜原之下，血不得散，癖而內著，瘜肉乃生所致",A,101-中醫基礎醫學（一）（包括中醫醫學史、中醫基礎理論、內經、難經）.csv,
12,"50歲肝硬化之男性病人，腹部皮膚呈現青黃色，腹脹大而起青筋，全身腫。其診斷為下列何者？
(A)膚脹 (B)風水 (C)皮水 (D)鼓脹",D,101-中醫基礎醫學（一）（包括中醫醫學史、中醫基礎理論、內經、難經）.csv,
13,"患者由前臂內側，肘至腕處中路麻痛，西醫診斷為神經壓迫症，依中醫觀點，應是影響到那一條經絡？
(A)肺經 (B)心包經 (C)心經 (D)大腸經",B,101-中醫基礎醫學（一）（包括中醫醫學史、中醫基礎理論、內經、難經）.csv,
14,"有關肉痿的病因病機之論述，下列何者正確？
(A)數飲而出不得，中氣喘爭，時發飧泄 (B)多汗惡風，身體怠墮，四肢不欲動
(C)久居濕地，肌肉濡漬，痹而不仁 (D)食飲不下，鬲塞不通，腹善滿",C,101-中醫基礎醫學（一）（包括中醫醫學史、中醫基礎理論、內經、難經）.csv,
15,"60 歲停經之女性，家住山腳下，長期全身關節疼痛，下雨天甚，有關其致病病機之相關機理論述，
下列何者正確？
(A)衛氣慓疾滑利，不能入於脈也，循皮膚之中，分肉之間，逆其氣與風寒濕合故病痹
(B)營者，水穀之精氣，和調於五臟，循皮膚之中，逆其氣與風寒濕合故病痹
(C)營者，水穀之悍氣，和調於五臟，灑陳於六腑，逆其氣與風寒濕合故病痹
(D)衛氣，循皮膚之中，分肉之間，熏於肓膜，散於五臟，逆其氣與風寒濕合故病痹",A,101-中醫基礎醫學（一）（包括中醫醫學史、中醫基礎理論、內經、難經）.csv,
16,"18歲高三女學生，其經來第一、二天小腹痛，血塊出則痛減，按壓則痛甚，有關其致病病機之論述，
下列何者正確？
(A)寒氣客於脈外，與衛氣相薄而脈滿而痛，故按之則痛甚
(B)寒氣客於厥陰之大絡，故脈泣而血虛，故相引而痛，按之無益
(C)寒氣客於脈中，與衛氣相薄而脈滿而痛，故按之則痛甚
(D)寒氣客於衝脈，故脈泣而血虛，故相引而痛，按之無益",C,101-中醫基礎醫學（一）（包括中醫醫學史、中醫基礎理論、內經、難經）.csv,
17,"下列配對何者錯誤？
(A)督脈-十二經脈之海 (B)任脈-陰脈之海
(C)衝脈-血海 (D)陽維-一身在表之經",A,101-中醫基礎醫學（一）（包括中醫醫學史、中醫基礎理論、內經、難經）.csv,
18,"10歲小兒感染肺炎後，發高燒至39℃，舌質紅，脈數，經治療五天後燒已退，但仍有咳嗽清涕等症
，有關此時之飲食衛教，下列何者正確？
(A)此時體力不佳，應多食用肉類蛋白質以補充體力
(B)若小兒胃口不佳，勿勉強其進食
(C)不論小兒胃口好不好，皆要鼓勵勉強其進食
(D)若小兒胃口佳，一定要吃飽一點，才會恢復得快
代號：2103
頁次：6－3",B,101-中醫基礎醫學（一）（包括中醫醫學史、中醫基礎理論、內經、難經）.csv,
19,"依《素問．熱論》論述，對於人之傷於寒，其所產生的症狀與病程表現，下列何者錯誤？
(A)人之傷於寒，則為病熱，熱雖甚不死，兩感於寒而病者，必不免於死
(B)巨陽受之，頭項痛，腰脊強
(C)陽明受之，身熱目疼而鼻乾，不得臥也
(D)少陽受之，胸痛而腹滿嗌乾",D,101-中醫基礎醫學（一）（包括中醫醫學史、中醫基礎理論、內經、難經）.csv,
20,"對於病患產生痛的症狀，尤其是伴隨不可按的表現，依《素問．舉痛論》所記載的病理表現，下列
何者正確？
(A)脈外有寒氣，會產生經脈弛緩的表現
(B)寒氣與人體的陽氣對抗，則經脈縮小，所以痛甚而不可按之
(C)病位產生血氣亂的表現時，產生輕度的痛症
(D)寒氣客於經脈之中，與衛氣相搏，邪實於經，所以脈滿而痛，不可按之",D,101-中醫基礎醫學（一）（包括中醫醫學史、中醫基礎理論、內經、難經）.csv,
21,"濕證見發熱、惡寒、自汗，則為濕在何處？
(A)肌表 (B)經絡 (C)肌肉 (D)臟腑",A,101-中醫基礎醫學（一）（包括中醫醫學史、中醫基礎理論、內經、難經）.csv,
22,"病患出現腹大如懷子之狀，按之堅硬，推之則移，依《靈樞．水脹》所記載，其診斷與病機下列何
者正確？
(A)會有月事以時下，為腸覃之候 (B)會有月事不以時下，常生於女子
(C)濕熱氣客於脈外，與衛氣相搏，氣不得榮 (D)為生於胞中，易出現全身腫脹",A,101-中醫基礎醫學（一）（包括中醫醫學史、中醫基礎理論、內經、難經）.csv,
23,"下列何者為肺失宣肅導致肺陰不足的最重要與常見的病機？
(A)通調水道功能失調，水液代謝失常 (B)兼夾外邪，鬱久化火傷陰
(C)氣血生成不足 (D)氣逆耗陰",B,101-中醫基礎醫學（一）（包括中醫醫學史、中醫基礎理論、內經、難經）.csv,
24,"下列有關六腑的病機敘述，正確的有幾項？①小腸的泌別清濁功能失調，可歸屬於脾的升清與胃的
降濁功能失調之內 ②膀胱氣化不利，亦即腎的氣化功能失司 ③濕熱、寒濕與大腸之氣血相搏，
氣滯血瘀可致下痢赤白，裏急後重 ④膽為中正之官，決斷出焉，故寒邪犯膽，可出現所謂膽小怕
事的膽寒心理狀態
(A)1 (B)2 (C)3 (D)4",C,101-中醫基礎醫學（一）（包括中醫醫學史、中醫基礎理論、內經、難經）.csv,
25,"中醫所謂「戴陽」證，其主要的病機為何？
(A)陰盛格陽 (B)陽盛格陰 (C)亡陰 (D)亡陽",A,101-中醫基礎醫學（一）（包括中醫醫學史、中醫基礎理論、內經、難經）.csv,
26,"若病強烈的疼痛而導致的昏厥，其病機多為下列何者所致？
(A)氣陷 (B)氣逆 (C)氣脫 (D)氣閉",D,101-中醫基礎醫學（一）（包括中醫醫學史、中醫基礎理論、內經、難經）.csv,
27,"下列何者非痰在經絡筋骨所常見的病症？
(A)肢體麻木 (B)半身不遂 (C)陰疽流注 (D)胸悶心悸",D,101-中醫基礎醫學（一）（包括中醫醫學史、中醫基礎理論、內經、難經）.csv,
28,"有關風邪的特點論述，下列何者正確？
(A)風氣藏於分肉之間，內不得泄，外不得通 (B)風者，善行而數變，其寒也，則消肌肉
(C)風者，善行而數變，其熱也，則衰食飲 (D)風者，百病之長，至其變化，乃為他病",D,101-中醫基礎醫學（一）（包括中醫醫學史、中醫基礎理論、內經、難經）.csv,
29,"當思考「耳中常聞蟬鳴聲」之病因病機，下列何者最合理？
(A)暑邪閉竅 (B)心血虛 (C)肝膽火升 (D)心火上炎",C,101-中醫基礎醫學（一）（包括中醫醫學史、中醫基礎理論、內經、難經）.csv,
30,"關於「噎膈」、「反胃」及「翻胃」之論述，下列何者錯誤？
(A)噎膈症十死八九，反胃症十愈八九
(B)噎膈初起多因恚怒，以致陽結於上，陰涸於下
(C)翻胃者，食入即翻出；病因為痰熱壅阻膈間
(D)反胃者，早食晚吐、晚食朝吐；病因為胃火熾盛",D,101-中醫基礎醫學（一）（包括中醫醫學史、中醫基礎理論、內經、難經）.csv,
31,"關於外感寒邪對人體影響，下列何者正確？
(A)寒可為來自於天地之寒 (B)寒邪之影響，拘於冬季
(C)寒邪侵襲肌表，損傷衛陽者，為「中寒」 (D)寒邪直中臟腑，損傷臟腑陽氣者，為「傷寒」",A,101-中醫基礎醫學（一）（包括中醫醫學史、中醫基礎理論、內經、難經）.csv,
32,"依《素問．生氣通天論》對病因病機的論述，下列何者非「因於濕」的臨床表現？
(A)大筋緛短 (B)首如裹 (C)小筋弛長 (D)腫",D,101-中醫基礎醫學（一）（包括中醫醫學史、中醫基礎理論、內經、難經）.csv,
33,"依《素問．四氣調神大論》所記載的夏季節氣的特性與養生之道，下列何者正確？
(A)天地氣交，萬物華實，夜臥早起 (B)使志無怒，使氣不得泄
(C)逆之則傷肝，冬至重病 (D)夏天發陳，使華英成秀
代號：2103
頁次：6－4",A,101-中醫基礎醫學（一）（包括中醫醫學史、中醫基礎理論、內經、難經）.csv,
34,"依《素問．上古天真論》聖人傳下的教導，要會依時序避免虛邪賊風，且心性若能恬淡虛無，下列
何者的運作即會遵從自然的運行？
(A)臟腑 (B)筋肉 (C)真氣 (D)精神",C,101-中醫基礎醫學（一）（包括中醫醫學史、中醫基礎理論、內經、難經）.csv,
35,"下列那些是《素問．上古天真論》所記載的上古之人的養生做法，因而能形與神俱？①食飲有節
②不時御神 ③起居有常 ④不妄作勞 ⑤逆於生樂
(A)①③④ (B)②④⑤ (C)①②③④ (D)①②③⑤",A,101-中醫基礎醫學（一）（包括中醫醫學史、中醫基礎理論、內經、難經）.csv,
36,"依《素問．生氣通天論》所記載，人體陽氣一日的變化與相關養生的原則，下列何者正確？
(A)平旦而陽氣隆，日西而陽氣虛
(B)無擾筋骨，無見霧露，是重要的養生法則
(C)平旦時氣門閉
(D)平旦時陽氣收拒",B,101-中醫基礎醫學（一）（包括中醫醫學史、中醫基礎理論、內經、難經）.csv,
37,"關於內因之「火」，下列論述何者錯誤？
(A)情慾想望過度，則為少火生氣 (B)大怒則火起於肝
(C)怵惕思慮則火起於心 (D)醉飽則火起於脾胃",A,101-中醫基礎醫學（一）（包括中醫醫學史、中醫基礎理論、內經、難經）.csv,
38,"關於《素問．痿論》對於痿症症狀、病因病機及治則的描述，下列何者錯誤？
(A)症狀包括皮毛虛弱急薄，脛縱不任地，腰脊不舉，筋急而攣者
(B)因肝腎陰虛加以馳用過度所致
(C)因肺熱葉焦，不能輸布津液於四肢
(D)治痿獨取陽明，因陽明主潤宗筋，束骨而利機關也",B,101-中醫基礎醫學（一）（包括中醫醫學史、中醫基礎理論、內經、難經）.csv,
39,"有關營氣循行路徑，下列何者正確？
(A)從脾注心中，循手少陰，出腋，下臂 (B)從腎注心，上行注膻中，下注肺中
(C)從腎注肺，外散於胸中，循心主之脈 (D)從腎注肺，上循喉嚨，入於頏顙",A,101-中醫基礎醫學（一）（包括中醫醫學史、中醫基礎理論、內經、難經）.csv,
40,"有關胃經循行之敘述，下列何者正確？
(A)胃經循行，入下齒中，還出挾口環唇 (B)胃經循行，下交承漿之後，循頤後下廉
(C)胃經循行，出人迎之後，循頰車，上耳前 (D)胃經循行，起於目內眥，旁納太陽之脈",B,101-中醫基礎醫學（一）（包括中醫醫學史、中醫基礎理論、內經、難經）.csv,
41,"55 歲患者，一年前突然覺得頭頂痛兼頭重感而就醫，每次服藥後則疼痛更加劇烈。近日頭頂脹痛難
忍，吹風而痛甚，伴有嘔吐感，呃逆頻作，納差，倦怠，大便一日二次（質軟），舌淡苔白滑，脈弦
遲。依照經絡理論，以下列何經治療最合適？
(A)足陽明經 (B)足太陰經 (C)足膀胱經 (D)足厥陰經",D,101-中醫基礎醫學（一）（包括中醫醫學史、中醫基礎理論、內經、難經）.csv,
42,"55 歲患者，一年前突然覺得頭頂痛兼頭重感而就醫，每次服藥後則疼痛更加劇烈。近日頭頂脹痛難
忍，吹風而痛甚，伴有嘔吐感，呃逆頻作，納差，倦怠，大便一日二次（質軟），舌淡苔白滑，脈弦
遲，依據《靈樞．經脈》中經脈的循行，下列經脈何者不經過頭頂部？
(A)督脈 (B)足太陽經 (C)衝脈 (D)足厥陰經",C,101-中醫基礎醫學（一）（包括中醫醫學史、中醫基礎理論、內經、難經）.csv,
43,"有關膽經循行之敘述，下列何者正確？
(A)循胸過季之後，下至股骨大轉子，循股骨外側
(B)下至膝外側，循脛骨前至外踝
(C)下至膝外側，循腓骨至外踝之後
(D)循足跗入足小趾外側",A,101-中醫基礎醫學（一）（包括中醫醫學史、中醫基礎理論、內經、難經）.csv,
44,"有關蹻脈的循行及功用，下列何者正確？
(A)是從足太陰別出之脈 (B)至目內眥後，合於足陽明
(C)功用為濡養眼睛 (D)功用為濡養四肢為主，不入於體腔",C,101-中醫基礎醫學（一）（包括中醫醫學史、中醫基礎理論、內經、難經）.csv,
45,"某患者，近一年開始月經不調，常常自覺一股氣從大腿內側直衝小腹至今，酸脹感難以忍受而反覆
就醫。依照經絡理論，宜治以下列何經？
(A)足少陰經 (B)足厥陰經 (C)足太陰經 (D)足少陽經",B,101-中醫基礎醫學（一）（包括中醫醫學史、中醫基礎理論、內經、難經）.csv,
46,"依《靈樞．經脈》，足少陽之別，去踝五寸，別走厥陰，下絡足跗，名稱為何？
(A)光明 (B)蠡溝 (C)大鐘 (D)豐隆",A,101-中醫基礎醫學（一）（包括中醫醫學史、中醫基礎理論、內經、難經）.csv,
47,"患者主訴吃東西後就嘔吐，胃脘痛，腹脹，食慾不佳，排便稀軟或水瀉，依《靈樞．經脈》最可能
是那一條經絡之疾病？
(A)胃經 (B)脾經 (C)肝經 (D)膽經",B,101-中醫基礎醫學（一）（包括中醫醫學史、中醫基礎理論、內經、難經）.csv,
48,"依《靈樞．經脈》，足太陽膀胱經之所生病，下列何者正確？
(A)是主津液所生病 (B)是主液所生病 (C)是主筋所生病 (D)是主氣所生病
代號：2103
頁次：6－5",C,101-中醫基礎醫學（一）（包括中醫醫學史、中醫基礎理論、內經、難經）.csv,
49,"阿明因為運動過度導致頸、頷、肩、臑、肘、臂外後廉痛，應考慮是那一條經絡之疾病？
(A)小腸經 (B)三焦經 (C)大腸經 (D)心包經",A,101-中醫基礎醫學（一）（包括中醫醫學史、中醫基礎理論、內經、難經）.csv,
50,"李東垣所提出之「陰火理論」，其理論基礎可追溯至《素問．調經論》中所說「陰虛生內熱」。關
於此處之「陰虛」，下列敘述何者錯誤？
(A)可起於勞倦 (B)可兼見形氣衰少 (C)指腎陰虛 (D)可出現下脘不通現象",C,101-中醫基礎醫學（一）（包括中醫醫學史、中醫基礎理論、內經、難經）.csv,
51,"依《靈樞．經別》，那一條經絡之經別，出屬帶脈？
(A)足太陰脾經 (B)足厥陰肝經 (C)足少陰腎經 (D)足陽明胃經",C,101-中醫基礎醫學（一）（包括中醫醫學史、中醫基礎理論、內經、難經）.csv,
52,"依《靈樞．經脈》，根據經脈之循行，那條經脈的循行有入耳中？
(A)腎經 (B)小腸經 (C)大腸經 (D)膀胱經",B,101-中醫基礎醫學（一）（包括中醫醫學史、中醫基礎理論、內經、難經）.csv,
53,"下列關於「藏」、「府」的敘述，何者錯誤？
(A)「魄門」亦為五藏使，水穀不得久藏 (B)五藏六府之氣皆出於肺，而變見於氣口
(C)「髓」為「奇恆之府」之一 (D)「六府」者，傳化物而不藏，故實而不能滿",B,101-中醫基礎醫學（一）（包括中醫醫學史、中醫基礎理論、內經、難經）.csv,
54,"關於人體之「四海」與其「滎輸」之論述，下列何者正確？
(A)胃者，水穀之海，其輸上在氣街，下至陽陵泉
(B)衝脈者，為十二經脈之海，其輸上在於大杼，下出於巨虛之上下廉
(C)膻中者，為氣之海，其輸在於歧骨之上下，前在於人迎
(D)腦為髓之海，其輸上在於其蓋，下在風池",B,101-中醫基礎醫學（一）（包括中醫醫學史、中醫基礎理論、內經、難經）.csv,
55,"下列何者是「液」的生理功能與特性？
(A)上焦開發，宣五穀味，若霧露之溉 (B)腠理開發，汗出溱溱
(C)淖澤注於骨，骨屬屈伸，補益腦髓 (D)中焦受氣，取汁",C,101-中醫基礎醫學（一）（包括中醫醫學史、中醫基礎理論、內經、難經）.csv,
56,"當虛邪中人著於何病位且留而不去，其所出現的症狀為「移行腸胃之間，水湊滲注灌，濯濯有音，
有寒則月真滿雷引，故時切痛」？
(A)孫絡之脈 (B)陽明之經 (C)伏衝之脈 (D)輸之脈",A,101-中醫基礎醫學（一）（包括中醫醫學史、中醫基礎理論、內經、難經）.csv,
57,"下列「治則」何者正確？
(A)其慓悍者，散而瀉之 (B)其高者，因而越之 (C)形不足者，補之以味 (D)其實者，按而收之",B,101-中醫基礎醫學（一）（包括中醫醫學史、中醫基礎理論、內經、難經）.csv,
58,"下列關於「陰、陽」之論述，何者錯誤？
(A)清陽實四肢，濁陰歸六府 (B)陰味出下竅，陽氣出上竅
(C)氣厚者為陰，薄為陰之陽 (D)氣薄則發泄，厚則發熱",C,101-中醫基礎醫學（一）（包括中醫醫學史、中醫基礎理論、內經、難經）.csv,
59,"70歲獨居老人，常常憂愁而嘆長氣，有關其致病病機之論述，下列何者正確？
(A)憂愁則心系急，正氣留而不行，故常嘆長氣以散其氣
(B)憂愁則氣結，正氣留而不行，則厥逆之氣上行，故常嘆長氣以降其氣
(C)憂愁則心系急，心系急則氣道約，約而不利，故常嘆長氣以伸展其氣
(D)憂愁則肝系急，肝系急則脈道約，約而厥逆之氣上行，故常嘆長氣以降其氣",C,101-中醫基礎醫學（一）（包括中醫醫學史、中醫基礎理論、內經、難經）.csv,
60,"依《靈樞．陰陽二十五人》之描述，「廣月引，銳面小頭，好肩背髀腹，……行搖肩……。」是下列
何種體質類型的型態特徵？
(A)木形之人 (B)火形之人 (C)金形之人 (D)水形之人",B,101-中醫基礎醫學（一）（包括中醫醫學史、中醫基礎理論、內經、難經）.csv,
61,"依《靈樞．經脈》，經脈之是動病與所生病，如患者主訴掌中熱，應是那條經絡之疾病？
(A)肺經 (B)膽經 (C)腎經 (D)三焦經",A,101-中醫基礎醫學（一）（包括中醫醫學史、中醫基礎理論、內經、難經）.csv,
62,"下列何者是「魄」的定義？
(A)兩精相搏 (B)隨神往來 (C)並精出入 (D)因慮處物",C,101-中醫基礎醫學（一）（包括中醫醫學史、中醫基礎理論、內經、難經）.csv,
63,"病人初患有胃口不好，嘔噁，大便稀軟，甚至還常覺得胸部脹痛不舒，其病機以下列何者最有可能？
(A)木火刑金 (B)土壅木鬱 (C)木旺克土 (D)肝胃不和",B,101-中醫基礎醫學（一）（包括中醫醫學史、中醫基礎理論、內經、難經）.csv,
64,"五臟各有其志，精氣乘虛並入某一臟時，則該臟之氣有餘，就會表現出各種病態。當精氣相並後，
脾氣有餘，則可能表現為下列何者？
(A)善笑 (B)忿怒 (C)恐懼 (D)悲愁",C,101-中醫基礎醫學（一）（包括中醫醫學史、中醫基礎理論、內經、難經）.csv,
65,"依《素問．宣明五氣篇》所論，飲食或藥物之五味，各有作用的特點，故有其禁忌。若血病者，則
不宜多食具有何味道的飲食或藥物？
(A)酸 (B)苦 (C)辛 (D)鹹
代號：2103
頁次：6－6",D,101-中醫基礎醫學（一）（包括中醫醫學史、中醫基礎理論、內經、難經）.csv,
66,"食物之五味可以養五臟，但是過食，也會造成身體的損傷，治療之道，也可以「以味治味」。依
《素問．陰陽應象大論》之論述，過食酸味食物所造成的反應，可以何味治之？
(A)苦 (B)鹹 (C)辛 (D)甘",C,101-中醫基礎醫學（一）（包括中醫醫學史、中醫基礎理論、內經、難經）.csv,
67,"當人體生理運作出現「反常」的狀態時，其中「穀入少而氣多」是由於下列何者所導致？
(A)得之傷寒 (B)得之傷暑 (C)脈有風氣，水漿不入 (D)邪在胃及肺",D,101-中醫基礎醫學（一）（包括中醫醫學史、中醫基礎理論、內經、難經）.csv,
69,"關於「寒厥」與「熱厥」的敘述，下列何者錯誤？
(A)陽氣衰於下則為寒厥，陰氣衰於下則為熱厥 (B)寒厥之病因可因內傷七情所致
(C)熱厥之為熱，必起於足下 (D)寒厥之為寒，從五趾上於膝",B,101-中醫基礎醫學（一）（包括中醫醫學史、中醫基礎理論、內經、難經）.csv,
70,"下列敘述何者不屬於五行乘侮規律？
(A)木火刑金 (B)腎水凌心 (C)土壅木鬱 (D)肝木侮脾土",D,101-中醫基礎醫學（一）（包括中醫醫學史、中醫基礎理論、內經、難經）.csv,
71,"《難經》中提出有關「覆溢」的脈象，依據陰陽學說敘述，屬於陰陽失調中那一類？
(A)陰陽偏勝 (B)陰陽格拒 (C)陰陽互損 (D)陰陽亡失",B,101-中醫基礎醫學（一）（包括中醫醫學史、中醫基礎理論、內經、難經）.csv,
72,"《難經．三十七難》提到脈的陰陽氣不和所產生的病理現象，下列何者錯誤？
(A)邪在六腑，則陽脈不和，陽脈不和，則氣留之，氣留之則陽脈盛矣
(B)邪在五臟，則陰脈不和，陰脈不和，則血留之，血留之則陰脈盛矣
(C)陰氣太盛，則陽氣不得相榮也，曰關格
(D)關格者，不得盡其命而死矣",C,101-中醫基礎醫學（一）（包括中醫醫學史、中醫基礎理論、內經、難經）.csv,
73,"有關明代醫學發展的特徵，下列何者錯誤？
(A)明代中葉之前，海內外交通發達，文化與貿易的傳播交流為醫學發展提供了有利的條件
(B)官方尊崇儒學，倡導孝悌，醫學被視為履行孝悌的重要手段
(C)明代中葉之後，西方醫學東漸，中醫學開始遭受衝擊
(D)明代醫學逐漸脫離《內經》、《難經》、《傷寒論》的理論基礎，發展出全新醫學體系",D,101-中醫基礎醫學（一）（包括中醫醫學史、中醫基礎理論、內經、難經）.csv,
74,"有關「中西醫匯通」思維的相關論述，下列何者錯誤？
(A)是在無法抵禦具優勢的西洋醫學傳入，所衍生的醫學流派
(B)強調「不存疆域異同之見，但求折衷歸於一是。」認為中西醫學應該能夠相通
(C)唐宗海、張錫純、徐大椿皆是該學派的中醫名家
(D)該學派醫家所主張的，與其說是創造一個新的先進醫學體系，毋寧說是為中醫學的存續尋求合乎
時宜的手段和途徑",C,101-中醫基礎醫學（一）（包括中醫醫學史、中醫基礎理論、內經、難經）.csv,
76,"下列何醫書最早記載天花的診治？
(A)《千金翼方》 (B)《外臺秘要》 (C)《肘後方》 (D)《諸病源候論》",C,101-中醫基礎醫學（一）（包括中醫醫學史、中醫基礎理論、內經、難經）.csv,
77,"有關隋唐醫學的特色，下列敘述何者錯誤？
(A)宗教的發展對醫學產生重要影響，許多醫學著作中可看到儒、道、釋的時代烙印
(B)興辦醫學教育，形成較完整的醫學教育體系
(C)校正醫書局刊印醫書後，臨床各科專著增多
(D)經濟文化繁榮，中外交流頻繁，統治者對醫學的重視等都創造了良好的發展條件",C,101-中醫基礎醫學（一）（包括中醫醫學史、中醫基礎理論、內經、難經）.csv,
78,"下列何著作首度對濕熱病進行專篇論說？
(A)《溫熱論》 (B)《濕熱條辨》 (C)《溫病條辨》 (D)《溫熱經緯》",B,101-中醫基礎醫學（一）（包括中醫醫學史、中醫基礎理論、內經、難經）.csv,
79,"下列醫家中，何者發展了臟腑辨證法和藥物歸經的理論？
(A)劉完素 (B)張元素 (C)張從正 (D)朱丹溪",B,101-中醫基礎醫學（一）（包括中醫醫學史、中醫基礎理論、內經、難經）.csv,
80,"下列何者是《諸病源候論》的作者？
(A)孟詵 (B)孫思邈 (C)巢元方 (D)陳藏器",C,101-中醫基礎醫學（一）（包括中醫醫學史、中醫基礎理論、內經、難經）.csv,
1,"39 歲患者於濕冷的冬天感冒，出現怕冷，發熱，頭痛，項強，肢體酸痛，無汗，舌苔薄白，脈浮緊
而濡，最宜下列何方？
(A)葛根湯 (B)麻黃湯 (C)荊防敗毒散 (D)麻黃杏仁薏苡甘草湯",C,101-中醫基礎醫學（二）（包括中醫方劑學、中醫藥物學）.csv,
3,"在配伍中體現“火鬱發之＂的方劑，下列何者正確？①瀉黃散 ②清胃散 ③玉女煎 ④普濟消毒
飲 ⑤瀉白散
(A)①② (B)②③ (C)③④ (D)④⑤",A,101-中醫基礎醫學（二）（包括中醫方劑學、中醫藥物學）.csv,
4,"下列有關方劑命名之敘述，何者正確？①雞鳴散之意指須於天明前服用 ②五皮飲是由五種藥物的
皮組成 ③七厘散即指一次只服七厘之量
(A)①② (B)①③ (C)②③ (D)①②③",D,101-中醫基礎醫學（二）（包括中醫方劑學、中醫藥物學）.csv,
5,"依《本草備要》，下列有關訶子的敘述，何者錯誤？
(A)苦以歛肺降火 (B)濇以收止瀉
(C)開音止渴 (D)氣虛及嗽痢初起者忌服",A,101-中醫基礎醫學（二）（包括中醫方劑學、中醫藥物學）.csv,
7,"75 歲男性，平素有足水腫，動則呼吸喘促，診斷為心臟衰竭。今證見面色蒼白，無汗肢冷，發熱輕
惡寒重，體溫37.5℃，倦怠嗜臥，語言低微，舌淡苔白，脈浮大無力。宜治以下列何方？
(A)再造散 (B)補中益氣湯 (C)參蘇飲 (D)真武湯",A,101-中醫基礎醫學（二）（包括中醫方劑學、中醫藥物學）.csv,
8,"40 歲女性患者，主訴咳血，咽乾 3 天。患者 3 年前曾患有肺結核。3 天來胸部悶痛，咳嗽氣喘，並
咳出鮮血四口，經注射止血針後，咳血減少。現覺咽喉燥痛，手足煩熱，咳嗽氣喘，舌紅少苔，脈
細數。最宜下列何方？
(A)一貫煎 (B)知柏地黃丸 (C)麥門冬湯 (D)百合固金湯",D,101-中醫基礎醫學（二）（包括中醫方劑學、中醫藥物學）.csv,
9,"下列敘述，何者正確？
(A)犀角地黃湯主治邪熱內傳營分之證
(B)黃連解毒湯主治熱毒壅盛三焦之證
(C)清營湯以銀花、連翹為臣藥
(D)黃連是清營湯、犀角地黃湯與黃連解毒湯共同的組成之一
代號：3103
頁次：8－2",B,101-中醫基礎醫學（二）（包括中醫方劑學、中醫藥物學）.csv,
10,"下列有關銀翹散製服法的敘述，何者正確？①杵為散，每服 3 克，鮮葦根湯煎，香氣大出，即取服
②病重者約二時一服，日三服，夜一服 ③病輕者約三時一服，日二服，夜一服；病不解者，作再服
(A)①② (B)①③ (C)②③ (D)①②③",D,101-中醫基礎醫學（二）（包括中醫方劑學、中醫藥物學）.csv,
11,"下列敘述，何者錯誤？
(A)人參敗毒散和獨活寄生湯兩方中共有的藥物有川芎、茯苓
(B)參蘇飲和杏蘇散兩方中共有的藥物有前胡、茯苓
(C)再造散和川芎茶調散兩方中共有的藥物有羌活、細辛
(D)蔥白七味飲和加減葳蕤湯兩方中共有的藥物有豆豉、葛根",D,101-中醫基礎醫學（二）（包括中醫方劑學、中醫藥物學）.csv,
12,"下列何者是屬《傷寒六書》黃龍湯的組成？①人參、大棗 ②當歸、甘草 ③枳殼、厚朴 ④生薑、
桔梗
(A)③④ (B)①②③ (C)①②④ (D)①②③④",C,101-中醫基礎醫學（二）（包括中醫方劑學、中醫藥物學）.csv,
13,"下列有關《金匱要略》大黃附子湯之敘述，何者錯誤？①本方只有大黃、附子二藥，故以此及劑型
來命名 ②以腹痛便秘，手足厥逆，苔白膩，脈弦緊為辨證關鍵 ③若積滯重者，則以制大黃治之
(A)①② (B)①③ (C)②③ (D)①②③",B,101-中醫基礎醫學（二）（包括中醫方劑學、中醫藥物學）.csv,
14,"依《本草備要》，能升發胃中陽氣，止吐瀉，逐痰水的藥物，下列何者正確？
(A)蒼朮 (B)澤瀉 (C)柴胡 (D)防己",A,101-中醫基礎醫學（二）（包括中醫方劑學、中醫藥物學）.csv,
15,"下列補養劑的運用敘述，正確的有幾項？①腎氣丸主治腎陰不足虛火上炎 ②一貫煎主治肝腎陰虛
之梅核氣 ③右歸丸主治腎虛夾濕 ④百合固金湯可治腎肺陰虛所致之遺精
(A)1 (B)2 (C)3 (D)4",B,101-中醫基礎醫學（二）（包括中醫方劑學、中醫藥物學）.csv,
16,"下列何藥在炙甘草湯中，劑量最大？
(A)炙甘草 (B)桂枝 (C)人參 (D)生地黃",D,101-中醫基礎醫學（二）（包括中醫方劑學、中醫藥物學）.csv,
17,"下列何項不是大建中湯的證治範疇？
(A)心胸中大寒痛 (B)胃痛吞酸嘈雜 (C)舌苔白滑 (D)肢厥脈伏",B,101-中醫基礎醫學（二）（包括中醫方劑學、中醫藥物學）.csv,
18,"陽和湯能溫陽補血，散寒通滯，治陰疽病，本方包括下列何藥？①熟地 ②肉桂 ③麻黃 ④白芥子
(A)①②③ (B)①③④ (C)②③④ (D)①②③④",D,101-中醫基礎醫學（二）（包括中醫方劑學、中醫藥物學）.csv,
19,"下列有幾個方劑的組成藥物包含銀柴胡、秦艽與知母三味藥？①《衛生寶鑑》秦艽鱉甲散 ②《溫
病條辨》清營湯 ③《證治準繩》清骨散 ④《溫病條辨》青蒿鱉甲湯
(A)1 (B)2 (C)3 (D)4",A,101-中醫基礎醫學（二）（包括中醫方劑學、中醫藥物學）.csv,
20,"下列有關《丹溪心法》左金丸的敘述，正確的有幾項？①肝火犯胃是主治證之病機 ②脅痛口苦，
嘔吐吞酸是主治症狀之一 ③黃連的用量大於吳茱萸 ④舌紅苔黃，脈弦數是運用主證之一
(A)1 (B)2 (C)3 (D)4",D,101-中醫基礎醫學（二）（包括中醫方劑學、中醫藥物學）.csv,
21,"下列有關各方劑之主（君）藥的敘述，何者正確？
(A)《濟生方》所載之四磨湯是以人參為主（君）藥
(B)《濟生方》所載之橘核丸是以橘紅為主（君）藥
(C)《良方集腋》所載之良附丸是以高良薑為主（君）藥
(D)《素問病機氣宜保命集》所載之金鈴子散是以川楝子為主（君）藥",D,101-中醫基礎醫學（二）（包括中醫方劑學、中醫藥物學）.csv,
22,"下列敘述，何者正確？
(A)十灰散之組成以清降涼瀉藥為主，屬治病求本之組方原則
(B)大黃、黃芩、黃連是屬十灰散的組成藥物
(C)黃土湯適用於脾陽不足，不能統攝之便血
(D)黃耆、白朮、炮附子是屬黃土湯的組成藥物",C,101-中醫基礎醫學（二）（包括中醫方劑學、中醫藥物學）.csv,
24,"下列何者是屬小薊飲子的組成？①當歸、生地 ②蒲黃、藕節 ③淡竹葉、甘草稍 ④梔子、淡豆
豉 ⑤小薊、石葦
(A)①② (B)②③ (C)③④ (D)④⑤",A,101-中醫基礎醫學（二）（包括中醫方劑學、中醫藥物學）.csv,
25,"下列何者是屬桂枝茯苓丸的組成？①丹皮 ②山藥 ③桃仁
(A)①② (B)①③ (C)②③ (D)①②③
代號：3103
頁次：8－3",B,101-中醫基礎醫學（二）（包括中醫方劑學、中醫藥物學）.csv,
26,"《景岳全書》暖肝煎的藥物組成，除了當歸之外，尚包括下列那些？①肉桂、小茴香 ②山藥、木
香 ③沉香、茯苓 ④烏藥、枸杞
(A)①②③ (B)①②④ (C)①③④ (D)②③④",C,101-中醫基礎醫學（二）（包括中醫方劑學、中醫藥物學）.csv,
27,"有關《溫病條辨》三仁湯敘述，下列何者錯誤？
(A)主治濕溫初起，邪在氣分之證
(B)治頭痛，惡寒，身重疼痛，面色淡黃，胸悶不飢，午後身熱，舌白不渴，脈弦細而濡
(C)半夏、厚朴宣暢中焦之氣
(D)可利濕化濁，清熱解毒",D,101-中醫基礎醫學（二）（包括中醫方劑學、中醫藥物學）.csv,
28,"下列何者屬輕宣潤燥劑？①杏蘇散 ②桑杏湯 ③養陰清肺湯 ④清燥救肺湯
(A)①②③ (B)①②④ (C)①③④ (D)①②③④",B,101-中醫基礎醫學（二）（包括中醫方劑學、中醫藥物學）.csv,
29,"下列何者為防己黃耆湯的功用？①益氣 ②健脾 ③祛風 ④溫陽
(A)①② (B)③④ (C)①②③ (D)②③④",C,101-中醫基礎醫學（二）（包括中醫方劑學、中醫藥物學）.csv,
30,"有關鎮肝熄風湯之敘述，下列何者正確？①本方所治之證，主要由於肝腎陰虧，肝陽偏亢，氣血逆
亂所造成 ②甘草與生穀芽配伍以和胃調中，並防金石類藥物礙胃，調和藥性 ③生赭石、生牡蠣、
生龍骨、生龜板為方中主要藥物
(A)① (B)①② (C)①③ (D)①②③",A,101-中醫基礎醫學（二）（包括中醫方劑學、中醫藥物學）.csv,
31,"依《本草備要》，梔子能瀉何經之邪熱？
(A)心腎 (B)心脾 (C)肺腎 (D)心肺",D,101-中醫基礎醫學（二）（包括中醫方劑學、中醫藥物學）.csv,
32,"張先生來院門診，主訴小便頻數，白如米泔，凝如膏糊，尿道刺痛，經醫生診察舌淡苔白，脈沉，宜
主下列何藥物組成的方劑最適合？
(A)滑石、茵陳、黃芩、石菖蒲、貝母、木通、藿香、射干、連翹、薄荷、白豆蔻
(B)白朮、人參、苦參、升麻、葛根、蒼朮、防風、知母、澤瀉、黃芩、豬苓、當歸、炙甘草、茵陳、
羌活
(C)益智仁、萆薢、石菖蒲、烏藥
(D)車前子、瞿麥、扁蓄、滑石、梔子、甘草稍、木通、大黃、燈心蕊",C,101-中醫基礎醫學（二）（包括中醫方劑學、中醫藥物學）.csv,
33,"有關大秦艽湯之敘述，下列何者正確？①所治之證為正氣虧虛，而後風邪乘虛入中所造成 ②本方
應用於中風中臟腑之證 ③蒼朮為藥物組成之一
(A)① (B)①② (C)①③ (D)①②③",A,101-中醫基礎醫學（二）（包括中醫方劑學、中醫藥物學）.csv,
34,"下列何方的藥物組成中含有滑石和黃芩？①甘露消毒丹 ②防風通聖散 ③八正散 ④桂苓甘露飲
(A)①② (B)②③ (C)①④ (D)③④",A,101-中醫基礎醫學（二）（包括中醫方劑學、中醫藥物學）.csv,
35,"45歲女性患者自訴胸脘痞悶、時時呃逆，舌淡苔白，脈沉遲。最宜下列何方治療？
(A)蘇子降氣湯 (B)旋覆代赭石湯 (C)半夏厚朴湯 (D)丁香柿蒂散",D,101-中醫基礎醫學（二）（包括中醫方劑學、中醫藥物學）.csv,
36,"下列何者是屬《證治準繩》健脾丸的組成？①陳皮、砂仁、木香 ②山楂、神麴、麥芽 ③黃連、
肉豆蔻、山藥 ④茯苓、澤瀉 ⑤人參、白朮 ⑥黃耆、甘草 枳實、厚朴
(A)①②③⑤ (B)①③⑤ (C)②③⑤⑥ (D)①②③④⑤⑥",A,101-中醫基礎醫學（二）（包括中醫方劑學、中醫藥物學）.csv,
37,"26 歲男性患者主訴左大腿處紅腫按痛已多日，敷藥後仍不癒，症見患處周圍紅疹癢，身熱無汗又覺
怕冷，上腹脹悶，口乾口苦，大便秘，溲黃赤，苔黃膩質偏紅，脈數按之有力。下列何方最適當？
(A)消風散 (B)龍膽瀉肝湯 (C)防風通聖散 (D)大柴胡湯",C,101-中醫基礎醫學（二）（包括中醫方劑學、中醫藥物學）.csv,
38,"枳實導滯丸與枳實消痞丸共同的組成藥物，下列正確的有幾項？①黃連 ②白朮 ③麥芽 ④神麴
⑤半夏 ⑥厚朴
(A)2 (B)4 (C)5 (D)6",A,101-中醫基礎醫學（二）（包括中醫方劑學、中醫藥物學）.csv,
39,"35歲男性患者感冒後醫師給予防風通聖散，服用四天後仍覺身體發熱但開始腹瀉，大便味道臭穢重，
解後肛門灼熱感，又心煩口渴，苔黃質偏紅，脈數。下列治法何者最正確？
(A)表裏熱皆未解，續用防風通聖散 (B)已現濕熱內阻，改以甘露消毒丹
(C)表未解，熱邪入裏，改用葛根芩連湯 (D)積滯已成，枳實導滯丸治之",C,101-中醫基礎醫學（二）（包括中醫方劑學、中醫藥物學）.csv,
41,"依《本草備要》，下列何藥主治腸澼瀉痢，腹痛，心痛伏梁，目痛眥傷，癰疽瘡疥？
(A)黃芩 (B)黃連 (C)板藍根 (D)金銀花",B,101-中醫基礎醫學（二）（包括中醫方劑學、中醫藥物學）.csv,
42,"甘草、粳米同用的方劑，下列何者正確？①竹葉石膏湯 ②瀉白散 ③麥門冬湯 ④白虎湯
(A)①② (B)①②③ (C)②③④ (D)①②③④",D,101-中醫基礎醫學（二）（包括中醫方劑學、中醫藥物學）.csv,
43,"下列何方的藥物組成中含有厚朴和半夏？①藿香正氣散 ②五積散 ③三仁湯
(A)①② (B)①③ (C)②③ (D)①②③",D,101-中醫基礎醫學（二）（包括中醫方劑學、中醫藥物學）.csv,
44,"下列何者為性溫，止血而不留瘀，化瘀而不傷正的藥？
(A)三七 (B)白芨 (C)地榆 (D)蒲黃",A,101-中醫基礎醫學（二）（包括中醫方劑學、中醫藥物學）.csv,
45,"下列何者適用於風熱臂痛及腳氣浮腫的治療？
(A)羌活 (B)桑枝 (C)獨活 (D)薑黃",B,101-中醫基礎醫學（二）（包括中醫方劑學、中醫藥物學）.csv,
46,"下列何者為普濟消毒飲的君藥？①黃芩 ②黃柏 ③黃連 ④連翹
(A)①② (B)①③ (C)②④ (D)③④",B,101-中醫基礎醫學（二）（包括中醫方劑學、中醫藥物學）.csv,
47,"下列何者不是黑脂麻之臨床應用？
(A)肝腎虧虛、精血不足所致的頭暈耳鳴、鬚髮早白
(B)風濕痹痛，肢體麻木，腰膝酸軟
(C)津枯血少之腸燥便秘
(D)肺虛久咳，肺腎不足之喘咳",D,101-中醫基礎醫學（二）（包括中醫方劑學、中醫藥物學）.csv,
48,"有關龜板之敘述，下列何者錯誤？
(A)用於心虛驚悸、失眠、健忘 (B)用於陰虛陽亢或熱病傷陰虛風內動
(C)常採用酒炙處理，使有效成分更容易煎出 (D)宜先煎，脾胃虛寒者忌服",C,101-中醫基礎醫學（二）（包括中醫方劑學、中醫藥物學）.csv,
49,"依《本草備要》，有關朴硝芒硝下列何者錯誤？
(A)辛能潤燥，鹹能軟堅，苦能下泄 (B)能蕩滌三焦腸胃實熱，推陳致新
(C)芒硝性急推蕩走而不守 (D)治陽強之病，傷寒疫痢，積聚結癖",C,101-中醫基礎醫學（二）（包括中醫方劑學、中醫藥物學）.csv,
51,"有關蘇合香的敘述，下列何者錯誤？
(A)藥用部位為心材 (B)適用於中風痰厥寒閉之證
(C)不宜入煎劑 (D)有開竅辟穢、開鬱祛濁的功效",A,101-中醫基礎醫學（二）（包括中醫方劑學、中醫藥物學）.csv,
53,"用於腎虛耳鳴，無瘀血者不宜服，為下列何者？
(A)骨碎補 (B)澤瀉 (C)磁石 (D)陽起石",A,101-中醫基礎醫學（二）（包括中醫方劑學、中醫藥物學）.csv,
54,"下列藥物中，何者為補陽藥並可兼治更年期高血壓？
(A)淫羊藿 (B)天麻 (C)鉤藤 (D)地龍",A,101-中醫基礎醫學（二）（包括中醫方劑學、中醫藥物學）.csv,
55,"下列何藥物具收斂生肌的功效並能解毒，凡創面久不癒合及潰瘍、爛蝕諸證，皆可以外用之？
(A)胡黃連 (B)代赭石 (C)珍珠 (D)紫石英",C,101-中醫基礎醫學（二）（包括中醫方劑學、中醫藥物學）.csv,
57,"下列何者不是白芥子適用之病證？
(A)痰濕流注，陰疽腫毒 (B)痰滯經絡，關節疼痛
(C)癲癇痰盛，關竅阻閉 (D)痰飲停滯，胸滿痛",C,101-中醫基礎醫學（二）（包括中醫方劑學、中醫藥物學）.csv,
58,"下列何藥長於行肢臂而活血利痹止痛？
(A)鬱金 (B)薑黃 (C)澤蘭 (D)桃仁",B,101-中醫基礎醫學（二）（包括中醫方劑學、中醫藥物學）.csv,
59,"下列何者不是川芎之療效？
(A)陰虛火旺，口乾咽痛 (B)心脈瘀阻，胸痹心痛
(C)血瘀氣滯，胸悶痛 (D)風濕痹阻，肢節疼痛",A,101-中醫基礎醫學（二）（包括中醫方劑學、中醫藥物學）.csv,
60,"下列有關延胡索藥材來源及炮製功效的敘述，何者正確？
(A)罌粟科，生用清熱解毒，酒炒活血化瘀 (B)繖形科，生用祛風止痛，醋炒行氣止痛
(C)罌粟科，酒炒活血化瘀，醋炒行氣止痛 (D)繖形科，酒炒活血化瘀，醋炒行氣止痛",C,101-中醫基礎醫學（二）（包括中醫方劑學、中醫藥物學）.csv,
61,"下列何者是功專收斂止血而不兼它效的藥？
(A)棕櫚葉柄 (B)地榆根 (C)蒲黃花粉 (D)側柏葉",A,101-中醫基礎醫學（二）（包括中醫方劑學、中醫藥物學）.csv,
62,"依《本草備要》，下列有關葛根之敘述何者正確？
(A)輕揚升發肺氣 (B)行氣散滯 (C)香竄十二經脈 (D)入陽明經",D,101-中醫基礎醫學（二）（包括中醫方劑學、中醫藥物學）.csv,
63,"肉桂能抑肝風而扶脾土，下列何者為其從治之用？
(A)腹中冷痛 (B)沉寒痼冷 (C)目赤腫痛 (D)陰疽流注",C,101-中醫基礎醫學（二）（包括中醫方劑學、中醫藥物學）.csv,
64,"胸痞腹滿、大便秘結，有潮熱者，下列何藥不用？
(A)枳實 (B)厚朴 (C)黃芩 (D)大黃",C,101-中醫基礎醫學（二）（包括中醫方劑學、中醫藥物學）.csv,
68,"下列何藥可用於風濕痹證、水濕證及肺癰的治療？
(A)五加皮 (B)薏苡仁 (C)威靈仙 (D)車前子",B,101-中醫基礎醫學（二）（包括中醫方劑學、中醫藥物學）.csv,
69,"以茵陳蒿治療濕瘡瘙癢，流黃水，是取其何種功效？
(A)利水通淋 (B)消腫散結 (C)行水散血 (D)清利濕熱",D,101-中醫基礎醫學（二）（包括中醫方劑學、中醫藥物學）.csv,
71,"依《本草備要》，夏枯草能補肝血，緩肝火，解內熱，散結氣，其性味如何？
(A)辛苦寒滑 (B)辛淡甘寒 (C)辛苦微寒 (D)辛甘大寒
代號：3103
頁次：8－7",C,101-中醫基礎醫學（二）（包括中醫方劑學、中醫藥物學）.csv,
72,"生地用於血熱妄行，咳血衄血，常配伍下列何藥？
(A)蘆根 (B)阿膠 (C)牡丹皮 (D)側伯葉",A,101-中醫基礎醫學（二）（包括中醫方劑學、中醫藥物學）.csv,
73,"下列何種藥物配白茅根，可祛風清熱，涼血止血？
(A)羌活 (B)防風 (C)地榆 (D)荊芥",D,101-中醫基礎醫學（二）（包括中醫方劑學、中醫藥物學）.csv,
74,"治溫病後期，邪伏陰分，夜熱早涼、無汗骨蒸，下列何者正確？
(A)赤芍 (B)紫草 (C)水牛角 (D)牡丹皮",D,101-中醫基礎醫學（二）（包括中醫方劑學、中醫藥物學）.csv,
1,"有關中醫學起源之歷史人物與事蹟，下列何者錯誤？
(A)伏羲畫八卦 (B)神農嘗百草 (C)巫彭作湯液 (D)巫咸作醫",C,102-中醫基礎醫學（一）（包括中醫醫學史、中醫基礎理論、內經、難經）.csv,
2,"有關華佗的事蹟，下列何者正確？
(A)學而優則仕 (B)善治蛔蟲類寄生蟲病
(C)赤壁之戰時診治曹操 (D)發明麻佛散",B,102-中醫基礎醫學（一）（包括中醫醫學史、中醫基礎理論、內經、難經）.csv,
3,"下列何者是《小品方》的作者？
(A)葛洪 (B)姚僧元 (C)陶宏景 (D)陳延之",D,102-中醫基礎醫學（一）（包括中醫醫學史、中醫基礎理論、內經、難經）.csv,
4,"有關孫思邈對針灸的創見，下列何者錯誤？
(A)提倡「阿是穴」的用法
(B)提出「穴名在上，病狀在下，或一病有數十穴，或數病只一穴，皆臨時斟酌作法用之。」的孔穴
主對法
(C)提出「同身寸法」
(D)著有《千金要方》三十卷、《明堂孔穴》五卷",D,102-中醫基礎醫學（一）（包括中醫醫學史、中醫基礎理論、內經、難經）.csv,
5,"下列關於《診家樞要》的敘述，何者正確？
(A)本書主要是增刪高陽生的脈書而成
(B)本書的作者是崔嘉彥
(C)先論脈後定治，共論脈象二十四種
(D)主張以「浮、沉、遲、數、滑、澀」六脈為綱領",D,102-中醫基礎醫學（一）（包括中醫醫學史、中醫基礎理論、內經、難經）.csv,
6,"中國是最早實施種痘防治天花的國家，下列何者並不是其早期的施行辦法？
(A)痘衣法 (B)旱苗法 (C)牛痘法 (D)水苗法",C,102-中醫基礎醫學（一）（包括中醫醫學史、中醫基礎理論、內經、難經）.csv,
7,"下列何者為《醫學衷中參西錄》的作者？
(A)唐宗海 (B)惲鐵樵 (C)張錫純 (D)朱沛文",C,102-中醫基礎醫學（一）（包括中醫醫學史、中醫基礎理論、內經、難經）.csv,
8,"下列何者是根據相生關係來確定的治法？
(A)瀉南補北 (B)抑強扶弱 (C)培土制水 (D)益火補土",D,102-中醫基礎醫學（一）（包括中醫醫學史、中醫基礎理論、內經、難經）.csv,
9,"根據《素問．生氣通天論》所言，下列有關「陽氣」的性質何者錯誤？
(A)陽氣者，若天與日，失其所，則折壽而不彰
(B)陽氣者，精則養神，柔則養筋
(C)陽氣者，大怒則形氣絕，而血菀於上，使人薄厥
(D)陽氣者，藏精而起亟也",D,102-中醫基礎醫學（一）（包括中醫醫學史、中醫基礎理論、內經、難經）.csv,
10,"陳先生這一個月來發現自己肚臍旁有個明顯的突出物，且此突出物在吃飽後會變大，肚子餓時則會
縮小。這是因為病邪著於下列何病位留而不去所出現的症狀？
(A)伏衝之脈 (B)腸胃之募原 (C)陽明之經 (D)任脈",C,102-中醫基礎醫學（一）（包括中醫醫學史、中醫基礎理論、內經、難經）.csv,
11,"「潔淨府」是下列何種治則的體現？
(A)其在皮者，汗而發之 (B)中滿者，瀉之於內
(C)其下者，引而竭之 (D)氣虛者，宜掣引之
代號：2103
頁次：6－2",C,102-中醫基礎醫學（一）（包括中醫醫學史、中醫基礎理論、內經、難經）.csv,
12,"關於人一身之氣之清濁，下列敘述何者錯誤？
(A)受所吃之食物所化生之氣屬「濁」，由鼻竅呼吸所得之氣屬「清」
(B)濁者注於陰分，清者注於陽分
(C)清者上注於肺，濁者下走於胃
(D)手太陽獨受陽之濁，手太陰獨受陰之清",B,102-中醫基礎醫學（一）（包括中醫醫學史、中醫基礎理論、內經、難經）.csv,
13,"約翰與彼得晚餐同去享用吃到飽火鍋大餐，當晚就寢後，約翰因感不舒而無法平臥，而且睡著後還
會發出聲音；彼得跟平常一樣很快平躺睡著了，但也會發出聲音。請問「約翰」症狀表現的病機為
下列何者？
(A)足三陽逆而上行 (B)陽明逆而不得從其道
(C)肺之絡脈逆也 (D)足少陰逆而不從其道",B,102-中醫基礎醫學（一）（包括中醫醫學史、中醫基礎理論、內經、難經）.csv,
14,"約翰與彼得晚餐同去享用吃到飽火鍋大餐，當晚就寢後，約翰因感不舒而無法平臥，而且睡著後還
會發出聲音；彼得跟平常一樣很快平躺睡著了，但也會發出聲音，「彼得」症狀表現的病機為下列何者？
(A)足三陽逆而上行 (B)陽明逆而不得從其道
(C)肺之絡脈逆也 (D)足少陰逆而不從其道",C,102-中醫基礎醫學（一）（包括中醫醫學史、中醫基礎理論、內經、難經）.csv,
15,"公孫穆患「寒厥」，公孫朝患「熱厥」，關於兩人之病因病機下列敘述何者錯誤？
(A)公孫穆可能在秋冬兩季縱欲過度
(B)公孫朝可能頗喜在酒足飯飽後進行性行為
(C)兩人皆腎氣衰
(D)公孫穆因脾胃生理功能低下，無法正常運化水穀精微，致不能滲營其經絡，而見手足寒",D,102-中醫基礎醫學（一）（包括中醫醫學史、中醫基礎理論、內經、難經）.csv,
16,"當患者主訴平躺不適而「不得臥」時，診治思維上較不考慮下列何臟腑之病變？
(A)脾 (B)胃 (C)腎 (D)肝",D,102-中醫基礎醫學（一）（包括中醫醫學史、中醫基礎理論、內經、難經）.csv,
17,"調節身體體溫，是下列何者的功能？
(A)腦 (B)腎 (C)衛氣 (D)營氣",C,102-中醫基礎醫學（一）（包括中醫醫學史、中醫基礎理論、內經、難經）.csv,
18,"有關衛氣的運行路線，根據中醫的理論，下列何者錯誤？
(A)隨營氣運行
(B)伴行十二經與任督
(C)晝行於陽經，由陽明經接太陽經，再由太陽經接行少陽經，然後於夜間入於陰經
(D)散行全身",C,102-中醫基礎醫學（一）（包括中醫醫學史、中醫基礎理論、內經、難經）.csv,
19,"有關藏象學說之敘述，下列何者錯誤？
(A)五臟者，藏精氣而不瀉，滿而不能實 (B)命門學說首見於內經
(C)奇恒之府，亦能藏精氣 (D)三焦內涵出自內經",B,102-中醫基礎醫學（一）（包括中醫醫學史、中醫基礎理論、內經、難經）.csv,
20,"人體氣機升降的樞紐為下列何者？
(A)肺、腎 (B)心、肺 (C)脾、胃 (D)肝、腎",C,102-中醫基礎醫學（一）（包括中醫醫學史、中醫基礎理論、內經、難經）.csv,
21,"下列所指何者並不相當於現在我們所說的子宮？
(A)女子胞 (B)子腸 (C)子戶 (D)胞宮",B,102-中醫基礎醫學（一）（包括中醫醫學史、中醫基礎理論、內經、難經）.csv,
22,"中醫治情志病，有以情治情之理論，治過怒而生之病，當以何情治療？
(A)思 (B)恐 (C)喜 (D)悲",D,102-中醫基礎醫學（一）（包括中醫醫學史、中醫基礎理論、內經、難經）.csv,
23,"按照站立時身體解剖位置「由上而下」排序，下列順序何者正確？
(A)橫骨→輔骨→杼骨→跗骨 (B)骭骨→完骨→跟骨→京骨
(C)橫骨→骭骨→楗骨→跗骨 (D)橫骨→髀骨→輔骨→京骨",D,102-中醫基礎醫學（一）（包括中醫醫學史、中醫基礎理論、內經、難經）.csv,
24,"《素問．六節藏象論》中關於「倉廩之本」的敘述，下列何者錯誤？
(A)包括脾、胃、大腸、小腸、三焦、膀胱 (B)津液之居
(C)名曰「器」 (D)能化糟粕轉味而入出者也",B,102-中醫基礎醫學（一）（包括中醫醫學史、中醫基礎理論、內經、難經）.csv,
25,"營氣之運行「上注肺，上循喉嚨，入頏顙之竅」，是經由何經絡？
(A)手太陰肺經 (B)足厥陰肝經 (C)手少陰心經 (D)足少陰腎經",B,102-中醫基礎醫學（一）（包括中醫醫學史、中醫基礎理論、內經、難經）.csv,
26,"有關腎經循行之敘述，下列何者正確？
(A)腎經循行，起於足心 (B)腎經循行，循內踝之前，還入跟中
(C)腎經循行，上踝八寸處，交出太陰之後 (D)腎經循行，別入跟中，以上踹內
代號：2103
頁次：6－3",D,102-中醫基礎醫學（一）（包括中醫醫學史、中醫基礎理論、內經、難經）.csv,
27,"有關肝經循行及其病證之敘述，下列何者正確？
(A)肝經病腰痛不得俛仰 (B)肝經病心痛
(C)肝經循行上踝五寸處交出太陰之後 (D)肝經循行過陰器後入毛中，抵少腹",A,102-中醫基礎醫學（一）（包括中醫醫學史、中醫基礎理論、內經、難經）.csv,
28,"臨床上有關牙齒的疾病，依據《靈樞．經脈》篇中經脈的循行，病人上牙齦腫痛應考慮下列何條經
絡最相關？
(A)足陽明經 (B)手陽明經 (C)足太陰經 (D)手太陽經",A,102-中醫基礎醫學（一）（包括中醫醫學史、中醫基礎理論、內經、難經）.csv,
29,"根據《靈樞．經脈》，經脈因為伏行於分肉之間，深而不見，常無法判斷其虛實，所以應從何處了
解其虛實？
(A)皮部 (B)俞穴 (C)氣口 (D)骨節",C,102-中醫基礎醫學（一）（包括中醫醫學史、中醫基礎理論、內經、難經）.csv,
30,"患者低熱一個多月，全身檢查並無任何異常現象，症見面色萎黃，怕冷，口乾不欲飲，食慾不振，
傍晚時體溫較高，舌淡苔白，脈弱。依經絡理論分析，以下列何經治療最合適？
(A)陽維 (B)陰維 (C)陽蹻 (D)陰蹻",A,102-中醫基礎醫學（一）（包括中醫醫學史、中醫基礎理論、內經、難經）.csv,
31,"根據經脈之是動病與所生病，若患者主訴心痛，要考慮經絡之疾病，不包括下列何者？
(A)心包經 (B)小腸經 (C)心經 (D)腎經",B,102-中醫基礎醫學（一）（包括中醫醫學史、中醫基礎理論、內經、難經）.csv,
32,"根據《靈樞．經脈》中有關十二經脈病候的記載，下列何者正確？
(A)足少陽經主本經之「骨」所生病 (B)足陽明經主本經之「氣」所生病
(C)足太陽經主本經之「液」所生病 (D)手厥陰經主本經之「血」所生病",A,102-中醫基礎醫學（一）（包括中醫醫學史、中醫基礎理論、內經、難經）.csv,
33,"患者因腳踝扭傷而瘀血，靜脈怒張，若欲以放血療法處理，根據《靈樞．經脈》對於刺絡脈之方法，
則必刺於絡脈之何處？
(A)節 (B)截 (C)結 (D)癤",C,102-中醫基礎醫學（一）（包括中醫醫學史、中醫基礎理論、內經、難經）.csv,
34,"小王練習街舞，做一個下腰的動作，導致腰部脊椎兩旁肌肉拉傷，依《靈樞．經筋》，應是那一條
經筋受影響？
(A)足陽明經筋 (B)足少陽經筋 (C)足太陽經筋 (D)督脈經筋",C,102-中醫基礎醫學（一）（包括中醫醫學史、中醫基礎理論、內經、難經）.csv,
35,"關於經脈循行，經過眼睛周圍的經脈，不包括下列何者？
(A)三焦經經過目內眥 (B)膽經經過目銳眥 (C)膀胱經經過目內眥 (D)小腸經經過目銳眥",A,102-中醫基礎醫學（一）（包括中醫醫學史、中醫基礎理論、內經、難經）.csv,
36,"患者食用麻辣火鍋後，感到嘴唇紅腫與刺痛，在嘴唇受影響之經絡，下列何者正確？
(A)足陽明胃經 (B)足太陰脾經 (C)手太陽小腸經 (D)手少陽三焦經",A,102-中醫基礎醫學（一）（包括中醫醫學史、中醫基礎理論、內經、難經）.csv,
37,"根據《靈樞．經脈》，足陽明之別，去踝八寸，其別者，循脛骨外廉，上絡頭頂，合諸經之氣，下
絡喉嗌，名稱為何？
(A)犢鼻 (B)足三里 (C)條口 (D)豐隆",D,102-中醫基礎醫學（一）（包括中醫醫學史、中醫基礎理論、內經、難經）.csv,
38,"根據《靈樞．營氣》描述營氣循行次第中，其支別者，上額循巔下項中，循脊入骶，是那一條奇經
八脈之循行？
(A)任脈 (B)督脈 (C)衝脈 (D)陽蹻脈",B,102-中醫基礎醫學（一）（包括中醫醫學史、中醫基礎理論、內經、難經）.csv,
39,"根據《靈樞．經脈》之經脈循行，患者主訴眼睛不適，應先考慮是那一條經脈的病變？
(A)心經 (B)腎經 (C)脾經 (D)肺經",A,102-中醫基礎醫學（一）（包括中醫醫學史、中醫基礎理論、內經、難經）.csv,
40,"根據《素問．玉機真藏論》所論，有關臟腑間之病證傳變，下列敘述正確的有幾項？①五藏受氣於
所不勝 ②傳之於所勝 ③氣舍於其所生 ④死於生我之藏
(A)1 (B)2 (C)3 (D)4",B,102-中醫基礎醫學（一）（包括中醫醫學史、中醫基礎理論、內經、難經）.csv,
41,"若病見「心悸，煩心，失眠，多夢，言語過多」，則下列何病機最不可能？
(A)痰火內蘊 (B)稟賦心陽氣素虛
(C)情志所傷，五志過極化火 (D)勞心過度，耗傷心陰血",B,102-中醫基礎醫學（一）（包括中醫醫學史、中醫基礎理論、內經、難經）.csv,
42,"人身之陽氣在正常狀態下，可溫煦臟腑組織，推動及促進生理功能活動，此陽氣為下列何者？
(A)壯火 (B)少火 (C)內火 (D)陰火",B,102-中醫基礎醫學（一）（包括中醫醫學史、中醫基礎理論、內經、難經）.csv,
43,"脾陰虛導致納呆食少，或乾嘔呃逆，其病機最有可能為下列何者？
(A)陰損及陽，致脾陰陽兩虛 (B)陰不制陽，致脾陰虛火旺
(C)陰損氣耗，致脾氣陰兩虛 (D)脾陰虛損及胃陰，和降失職
代號：2103
頁次：6－4",D,102-中醫基礎醫學（一）（包括中醫醫學史、中醫基礎理論、內經、難經）.csv,
44,"根據《素問．痹論》，關於「痹證」的論述，下列何者錯誤？
(A)痹證形成的病因為：「風寒濕三氣雜至，合而為痹」
(B)當痹證形成之病因以寒氣為勝者，病情較易痊癒
(C)痹證的症狀表現可以或痛或不痛或不仁
(D)痹證嚴重者可致死",B,102-中醫基礎醫學（一）（包括中醫醫學史、中醫基礎理論、內經、難經）.csv,
45,"根據《素問．舉痛論》所論，下列何項病因會造成「喘息汗出，外內皆越，故氣耗矣。」？
(A)悲 (B)驚 (C)勞 (D)炅",C,102-中醫基礎醫學（一）（包括中醫醫學史、中醫基礎理論、內經、難經）.csv,
46,"一般而言，內燥病變較少發生於下列何臟腑？
(A)脾 (B)胃 (C)肺 (D)大腸",A,102-中醫基礎醫學（一）（包括中醫醫學史、中醫基礎理論、內經、難經）.csv,
47,"關於《素問．熱論》所提出「食復」學說的內容，下列何者錯誤？
(A)病因：熱勝而強食之 (B)病機：病已衰而熱有所藏，因其穀氣相薄
(C)治則：視其虛實，調其逆從 (D)食肉不復，因腎氣盛",D,102-中醫基礎醫學（一）（包括中醫醫學史、中醫基礎理論、內經、難經）.csv,
48,"耳竅出血，在病機思考上多認為是何藏之病變？
(A)肝、腎 (B)心、肝 (C)肺、胃 (D)肝、肺",A,102-中醫基礎醫學（一）（包括中醫醫學史、中醫基礎理論、內經、難經）.csv,
49,"關於五臟之積病名及病位之論述，下列何者錯誤？
(A)肺之積曰「息賁」，在右脅下
(B)心之積曰「伏梁」，在臍上，上至心下
(C)脾之積曰「肥氣」，在胃脘
(D)腎之積曰「奔豚」，發於少腹，上至心，上下無時，其見於臍下為癥瘕",C,102-中醫基礎醫學（一）（包括中醫醫學史、中醫基礎理論、內經、難經）.csv,
50,"根據《素問．至真要大論》對病機的論述，下列何症不屬於「熱」？
(A)諸病有聲，鼓之如鼓 (B)諸嘔吐酸，暴注下迫
(C)諸轉反戾，水液混濁 (D)諸厥固泄",D,102-中醫基礎醫學（一）（包括中醫醫學史、中醫基礎理論、內經、難經）.csv,
51,"某70歲女性患者抱怨她近五年來關節屈伸不利，脛痠，且常常耳鳴。下列何者是最可能的主因？
(A)液脫 (B)氣脫 (C)血脫 (D)精脫",A,102-中醫基礎醫學（一）（包括中醫醫學史、中醫基礎理論、內經、難經）.csv,
52,"《素問．疏五過論》中提到「脫營」、「失精」等病證是起因於下列何者？
(A)外感六淫 (B)飲食不節 (C)社會境遇 (D)刀刃外傷",C,102-中醫基礎醫學（一）（包括中醫醫學史、中醫基礎理論、內經、難經）.csv,
53,"關於「春溫」之病因病機論述，下列何者錯誤？
(A)其因冬月傷寒，至春變為溫病 (B)冬季時溫毒藏於肌膚，至春發病
(C)因冬藏不密，腎陰素虧 (D)因春季時令溫暖，腠理開洩",B,102-中醫基礎醫學（一）（包括中醫醫學史、中醫基礎理論、內經、難經）.csv,
54,"當膀胱移熱於小腸時，較不可能出現下列何症狀？
(A)口糜 (B)善食而瘦 (C)小腸鬲塞 (D)不大便",B,102-中醫基礎醫學（一）（包括中醫醫學史、中醫基礎理論、內經、難經）.csv,
55,"依《素問．生氣通天論》所記載，人體陽氣若失其衛外功能與邪氣侵襲，臨床表現下列何者錯誤？
(A)感受寒邪，容易產生起居如驚，神氣不內守而外浮
(B)感受濕邪，會有頭重如裹
(C)感受濕熱，久病邪不去，可使大筋緛短為拘，小筋弛長為痿
(D)感受暑邪，身體發熱無汗少言",D,102-中醫基礎醫學（一）（包括中醫醫學史、中醫基礎理論、內經、難經）.csv,
56,"治療痿症的基本原則，依《素問．痿論》所描述，下列何者正確？
(A)治痿獨取帶脈與腎脈
(B)補榮而通俞，以補法為痿症初起最主要治療方向
(C)任脈與督脈皆會影響下肢的痿弱無力，通其經脈為主要的治療重點
(D)衝脈、陽明、帶脈、督脈皆與治療痿症有相關性",D,102-中醫基礎醫學（一）（包括中醫醫學史、中醫基礎理論、內經、難經）.csv,
57,"關於勞風的症狀表現，依《素問．評熱病論》所記載，下列何者正確？
(A)咳出白稀涕，其狀如清稀水液 (B)受邪部位常在肺下
(C)症狀常見身體抽筋而視不明 (D)不惡風但會振寒",B,102-中醫基礎醫學（一）（包括中醫醫學史、中醫基礎理論、內經、難經）.csv,
58,"對於各臟腑之咳嗽表現，若咳嗽不已，依《素問．咳論》的描述，可能產生的變化，下列何者正確？
(A)胃咳不已，之後會出現腹脹胃痛 (B)腎咳不已，之後會出現腰痛無法彎腰
(C)肝咳不已，之後會出現咳嘔膽汁 (D)心咳不已，之後會出現咳而腹瀉
代號：2103
頁次：6－5",C,102-中醫基礎醫學（一）（包括中醫醫學史、中醫基礎理論、內經、難經）.csv,
59,"關於產生癰腫後，其筋骨肌肉的傳變與全身的預後，依《靈樞．癰疽》所記載，下列何者正確？
(A)最後會經脈敗漏，但不會影響五臟而死亡
(B)風邪束表則薰蒸血肉，肉腐爛成膿
(C)膿不排除，則會腐爛筋，但不會傷骨與影響骨髓
(D)膿不排除，會產生血枯空虛，筋骨肌肉失榮",D,102-中醫基礎醫學（一）（包括中醫醫學史、中醫基礎理論、內經、難經）.csv,
60,"臨床上患者若有外感熱邪，產生肺熱的病理變化，則會有那些病機與症狀的產生？
(A)會產生足脛縱緩而不能任地 (B)會產生關節拘攣
(C)會影響肺朝百脈功能，產生下肢無力 (D)會有皮毛實熱的變化",C,102-中醫基礎醫學（一）（包括中醫醫學史、中醫基礎理論、內經、難經）.csv,
61,"臨床上若患者身汗出後，仍然發燒不退且心跳速度依然快速，則其病程與病機表現，下列何者正確？
(A)一般自身的免疫功能與邪氣在交戰時，若無退燒藥的影響而得汗出者，是邪氣逐漸衰退的表現
(B)仍然發燒不退，必需反覆大汗出，才會有較好的預後
(C)身汗出，仍反覆身熱，可以減少外邪內陷，是正氣逐漸勝利的表現
(D)若患者身汗出後，仍然高熱不退，代表患者陰血虛明顯",A,102-中醫基礎醫學（一）（包括中醫醫學史、中醫基礎理論、內經、難經）.csv,
62,"某30歲男性電腦工程師，常常誤餐，食少而胃痛、耳鳴，安靜時加重。有關其致病病機之論述，下
列何者正確？
(A)此乃因陽氣盛於上而耳鳴
(B)此乃因胃虛則宗脈虛，虛則氣下而上氣不足，故耳鳴
(C)此乃因胃虛則氣不足，眠少則陽氣盛於上而虛於下，故耳鳴
(D)此乃因中氣不足而厥氣上逆，而陽氣盛於上故耳鳴",B,102-中醫基礎醫學（一）（包括中醫醫學史、中醫基礎理論、內經、難經）.csv,
63,"某15歲女性學生，外感發冷顫抖，有關其致病病機之論述，下列何者正確？
(A)風邪客於皮毛，則腠理閉，厥逆之氣行之，故發冷顫抖
(B)寒邪客於皮毛，則陰氣盛而陽氣虛，故發冷顫抖
(C)風邪客於皮毛，則腠理開，厥逆之氣行之，故發冷顫抖
(D)寒邪客於皮毛，則陰氣徐而陽氣急，故發冷顫抖",B,102-中醫基礎醫學（一）（包括中醫醫學史、中醫基礎理論、內經、難經）.csv,
64,"某50歲男性患者平日應酬多，常飲冰啤酒，嗜食膏梁厚味及近女色多，易便秘，近日體重在一個月
內減輕八公斤，大便夾鮮血，大腸鏡檢查發現為結腸腫瘤，有關其可能之致病病機之論述，下列何
者正確？
(A)膏梁厚味入於腸胃則腹脹，腹脹則氣上逆而血脈不通，凝血蘊裏而不散，津液澀滲，著而不去而
成積
(B)膏梁厚味入於腸胃則腹脹，腹脹則中氣不足而血脈不通，凝血蘊裏而不散，津液澀滲，著而不去
而成積
(C)飲食生活不節，腸胃滿而陰絡傷，血內溢而後血
(D)飲食生活不節，腸胃滿而陽絡傷，血內溢而後血",C,102-中醫基礎醫學（一）（包括中醫醫學史、中醫基礎理論、內經、難經）.csv,
65,"病患於睡醒剛起身時，感受風邪，依《素問．五藏生成篇》所述，若侵犯何處會產生頑麻不仁的痹
症？
(A)皮膚 (B)脈 (C)肉 (D)筋",A,102-中醫基礎醫學（一）（包括中醫醫學史、中醫基礎理論、內經、難經）.csv,
66,"有關水腫病的治療原則和方法，下列何者正確？
(A)平調陰陽，勿用攻法 (B)衣服保暖，病在左，針刺取之右
(C)不要運動，以免下肢水腫更甚 (D)所謂開鬼門，即利小便之法",B,102-中醫基礎醫學（一）（包括中醫醫學史、中醫基礎理論、內經、難經）.csv,
67,"某48歲婦人因二十年前生產後患外感，此後常發頭痛至今，甚則牙齒亦痛。有關其致病病機之相關
論述，下列何者正確？
(A)風氣循目系而上入於腦，故令頭痛，齒亦痛 (B)風氣循風府而入於腦，故令頭痛，齒亦痛
(C)犯大寒內至骨髓，腦逆，故令頭痛，齒亦痛 (D)寒氣循目系而入於腦，故令頭痛，齒亦痛",C,102-中醫基礎醫學（一）（包括中醫醫學史、中醫基礎理論、內經、難經）.csv,
68,"某65歲患高血壓二十多年男性病人，規律服西藥中，血壓控制良好，今年夏天吃了許多西瓜，導致
腹部帶脈一圈不舒，易腹瀉，雙足無力，有關其致病病機之相關論述，下列何者正確？
(A)此因寒濕傷脾，肌肉濡漬，發為筋痿 (B)此因寒濕傷脾，帶脈不引，故足痿不用
(C)脾虛多思，所願不得，發為筋痿 (D)脾虛腎熱，骨枯髓減，發為骨痿
代號：2103
頁次：6－6",B,102-中醫基礎醫學（一）（包括中醫醫學史、中醫基礎理論、內經、難經）.csv,
69,"有些痹症不以痛為臨床表現，下列敘述何者正確？
(A)痹在於骨則重 (B)痹在於肉則驚惕肉瞤
(C)痹在於脈則胞痹 (D)痹在於皮則不仁",A,102-中醫基礎醫學（一）（包括中醫醫學史、中醫基礎理論、內經、難經）.csv,
70,"某60歲女性近年來每遇雨天則腰重疼痛，局部麻木知覺減退，有關其致病病機之論述，下列何者正
確？
(A)脈痹 (B)著痹 (C)痛痹 (D)行痹",B,102-中醫基礎醫學（一）（包括中醫醫學史、中醫基礎理論、內經、難經）.csv,
71,"有關考生因壓力導致月經後期之致病病機之論述，下列何者正確？，
(A)勞則氣上迫肺，心氣不得下通，故月事不來
(B)思則心有所存，神有所歸，熱氣在中，故氣消
(C)怒則心系急，肺布葉舉而上焦不通，故女子不月
(D)思則心有所存，神有所歸，正氣留而不行，故氣結",D,102-中醫基礎醫學（一）（包括中醫醫學史、中醫基礎理論、內經、難經）.csv,
72,"某40歲職業婦女，外感後仍飲冷飲，致咳嗽六個月未癒，肺部X-ray無異常發現，咳痰多涕唾，氣
上逆而面浮腫，有關其致病病機之論述，下列何者正確？
(A)此乃腎咳之狀，外受邪氣，內傷寒冷之食，寒邪從腎上貫肝膈注於肺，故咳痰多涕唾
(B)此乃肝咳之狀，外受邪氣，內傷寒冷之食，其寒復從肝脈上注肺，故氣上逆而面浮腫
(C)此乃肺胃之候，外受邪氣，內傷寒冷之食，故多涕唾而面浮腫
(D)此乃胃咳之狀，外受邪氣，內傷寒冷之食，其寒邪從胃上貫膈入肺，故多涕唾而面浮腫",C,102-中醫基礎醫學（一）（包括中醫醫學史、中醫基礎理論、內經、難經）.csv,
73,"某30歲初產婦，生產過程因前置胎盤而大量失血，有關其治則之論述，下列何者正確？
(A)此為靈樞針刺五禁之一 (B)此為靈樞針刺五奪之一
(C)此為靈樞針刺五逆之一 (D)此為靈樞針刺五失之一",B,102-中醫基礎醫學（一）（包括中醫醫學史、中醫基礎理論、內經、難經）.csv,
74,"某60歲高血壓多年的女性患者，外感七日後，熱從胸背上至頭，汗出手熱，口乾苦渴，小便黃，全
身性水腫，身重難以行，煩而不能食，不能正躺，正躺則咳，有關其致病病機之論述，下列何者正
確？
(A)此為真氣上逆，故口苦舌乾 (B)其不能正躺，因為心氣虛所致
(C)此為腎風虛症，宜針刺少陰經 (D)此為邪氣交於骨肉而得之汗，是邪却而精勝",A,102-中醫基礎醫學（一）（包括中醫醫學史、中醫基礎理論、內經、難經）.csv,
75,"依《素問．四氣調神大論》所記載的春季節氣的特性與養生之道，下列何者正確？
(A)逆之則傷心，夏為熱變 (B)春天蕃秀，天地俱生，萬物以榮
(C)應要夜臥早起，被髮緩形 (D)予可奪之，賞罰皆可",C,102-中醫基礎醫學（一）（包括中醫醫學史、中醫基礎理論、內經、難經）.csv,
76,"依《素問．四氣調神大論》所記載的四時養生方法，其中使志若伏若匿，若有私意，若已有得，為
何季節的養生之道？
(A)冬季 (B)春季 (C)秋季 (D)夏季",A,102-中醫基礎醫學（一）（包括中醫醫學史、中醫基礎理論、內經、難經）.csv,
77,"依《素問．四氣調神大論》所記載的四時養生方法中，若違逆秋季養生法，會產生下列何種身體的
病理變化？
(A)逆之則傷腎，冬為飧泄，奉藏者少 (B)逆之則傷肝，冬為飧泄，奉生者少
(C)逆之則傷肺，冬為飧泄，奉藏者少 (D)逆之則傷心，冬為飧泄，奉長者少",C,102-中醫基礎醫學（一）（包括中醫醫學史、中醫基礎理論、內經、難經）.csv,
78,"依《素問．上古天真論》，下列有關月經的敘述何者錯誤？
(A)二七天癸至 (B)最相關的經絡是任脈和太衝脈
(C)和肝氣最相關 (D)七七停經，地道不通",C,102-中醫基礎醫學（一）（包括中醫醫學史、中醫基礎理論、內經、難經）.csv,
79,"依《素問．上古天真論》所記載，聖人教大家的養生方法，下列何者正確？
(A)在抵抗外邪方面，要重視藥物的預防
(B)在抵抗外邪方面，要重視食療與針灸
(C)在精神方面的保養要注重志多而多慾，心喜而不懼
(D)在精神方面的保養要注重恬惔虛無，真氣從之",D,102-中醫基礎醫學（一）（包括中醫醫學史、中醫基礎理論、內經、難經）.csv,
80,"有七位皆年過半百，但歲數各異的好朋友聚會；其中有一位抱怨現在皮膚乾澀、常掉皮屑，其中有
兩位抱怨現在常容易有憂鬱的感覺，另有三位抱怨現在已經老花眼、視物模糊，還有一位在聚會過
程中頻頻講錯話。請問這七位好友的「歲數總和」至少是多少？
(A)360歲 (B)420歲 (C)480歲 (D)540歲",B,102-中醫基礎醫學（一）（包括中醫醫學史、中醫基礎理論、內經、難經）.csv,
1,"真人養臟湯，屬於「十劑」中之下列何法？
(A)宣 (B)通 (C)補 (D)澀",D,102-中醫基礎醫學（二）（包括中醫方劑學、中醫藥物學）.csv,
2,"滋陰降火湯為四物湯加下列何者？
(A)黃柏、知母、玄參 (B)黃柏、黃芩、甘草 (C)黃連、胡黃連 (D)阿膠、艾葉、甘草",A,102-中醫基礎醫學（二）（包括中醫方劑學、中醫藥物學）.csv,
3,"下列敘述，何者正確？①麻杏石甘湯適用之病證為伏熱壅肺，漸及陰分 ②瀉白散適用之病證為風
熱襲肺 ③麻杏石甘湯與瀉白散均可治肺熱咳喘
(A)② (B)③ (C)①③ (D)①②③",B,102-中醫基礎醫學（二）（包括中醫方劑學、中醫藥物學）.csv,
4,"下列何方之組成含淡豆豉？①《溫病條辨》銀翹散 ②《外台秘要》葱白七味飲 ③《重訂通俗傷
寒論》加減葳蕤湯
(A)① (B)①② (C)②③ (D)①②③",D,102-中醫基礎醫學（二）（包括中醫方劑學、中醫藥物學）.csv,
5,"60歲患者，大便7日未解，腹脹，腹痛繞臍不止，手足不溫，苔白，脈沉弦而遲，宜治以下列何方？
(A)大黃附子湯 (B)小承氣湯 (C)麻子仁丸 (D)溫脾湯",D,102-中醫基礎醫學（二）（包括中醫方劑學、中醫藥物學）.csv,
7,"下列敘述，正確的有幾項？①大陷胸湯與礞石滾痰丸之組成藥物均含大黃 ②大陷胸湯與礞石滾痰
丸均治大便秘結 ③大陷胸湯之功用為瀉火逐痰 ④礞石滾痰丸治實熱老痰，久積不去
(A)1 (B)2 (C)3 (D)4
代號：3103
頁次：10－2",C,102-中醫基礎醫學（二）（包括中醫方劑學、中醫藥物學）.csv,
9,"《小兒藥證直訣》六味地黃丸三補肝脾腎的藥物用量比例，依序為何？
(A)1：3：8 (B)2：3：8 (C)3：4：8 (D)4：4：8",D,102-中醫基礎醫學（二）（包括中醫方劑學、中醫藥物學）.csv,
10,"《宣明論方》地黃飲子主治證的病機，下列何者正確？①痰濁上泛 ②下元虛衰 ③虛陽上浮
(A)①② (B)①③ (C)②③ (D)①②③",D,102-中醫基礎醫學（二）（包括中醫方劑學、中醫藥物學）.csv,
11,"下列何者為七味白朮散的組成藥物？①木香 ②香附 ③藿香 ④沈香
(A)①② (B)①③ (C)②④ (D)③④",B,102-中醫基礎醫學（二）（包括中醫方劑學、中醫藥物學）.csv,
12,"下列有關補陰方劑的敘述，何者錯誤？
(A)六味地黃丸以熟地為君，其與山藥、山茱萸的配伍劑量比為2：1：1
(B)《丹溪心法》所載之大補陰丸可滋陰降火，治療病人的尺脈數而有力
(C)左歸丸的組成配伍兩味血肉有情之品，均係取其陰中求陽之意
(D)《續名醫類案》所載之一貫煎的藥物組成包括有川楝子",C,102-中醫基礎醫學（二）（包括中醫方劑學、中醫藥物學）.csv,
13,"下列各項敘述，何者正確？
(A)《宣明論方》及《丹溪心法》當歸龍薈丸與《小兒藥證直訣》瀉青丸的組成藥物均含梔子、大黃、
黃芩
(B)火鬱發之為《小兒藥證直訣》瀉黃散重用防風的方義
(C)口瘡口臭，口燥唇乾，舌紅少苔，脈虛數是《小兒藥證直訣》瀉黃散的運用主證
(D)《宣明論方》及《丹溪心法》當歸龍薈丸與《醫方集解》龍膽瀉肝湯均主治肝膽實火或濕熱下注證",B,102-中醫基礎醫學（二）（包括中醫方劑學、中醫藥物學）.csv,
14,"桑螵蛸散有調補心腎，澀精止遺之功用，夜臥以何湯調下最佳？
(A)人參湯 (B)薑湯 (C)淡鹽湯 (D)米泔水",A,102-中醫基礎醫學（二）（包括中醫方劑學、中醫藥物學）.csv,
15,"下列何方之主治證是因少陽熱重，濕熱痰濁中阻所致？
(A)《傷寒論》半夏瀉心湯 (B)《霍亂論》蠶矢湯
(C)《溫熱經緯》甘露消毒丹 (D)《重訂通俗傷寒論》蒿芩清膽湯",D,102-中醫基礎醫學（二）（包括中醫方劑學、中醫藥物學）.csv,
16,"下列各項敘述，何者正確？①《和劑局方》八正散之主治證乃因濕熱下注膀胱 ②《小兒藥證直訣》
導赤散能導心經之熱由小便而出 ③《和劑局方》八正散和《小兒藥證直訣》導赤散的組成均有生地
(A)① (B)①② (C)②③ (D)①②③",B,102-中醫基礎醫學（二）（包括中醫方劑學、中醫藥物學）.csv,
17,"下列何者之主治證是因胃中虛寒，濁陰上逆所致？
(A)人參三兩、吳茱萸一升、乾薑六兩、大棗十二枚、炙甘草三兩
(B)人參三兩、乾薑三兩、白朮三兩、炙甘草三兩
(C)人參二兩、蜀椒二合、乾薑四兩、飴糖一升
(D)人參三兩、吳茱萸一升、生薑六兩、大棗十二枚",D,102-中醫基礎醫學（二）（包括中醫方劑學、中醫藥物學）.csv,
18,"某 45 歲女性，3 天前因飲食不潔而開始腹痛，繼而便膿血、赤白相兼、日行數次，伴裏急後重、肛
門灼熱、小便短赤，舌苔黃膩，脈滑數，最宜使用下列何方？
(A)烏梅丸 (B)芍藥湯 (C)藿香正氣散 (D)黃芩湯",B,102-中醫基礎醫學（二）（包括中醫方劑學、中醫藥物學）.csv,
19,"以柴胡疏肝解鬱的方劑，下列正確的有幾項？①小柴胡湯 ②四逆散 ③敗毒散 ④逍遙散 ⑤補
中益氣湯
(A)2 (B)3 (C)4 (D)5
代號：3103
頁次：10－3",A,102-中醫基礎醫學（二）（包括中醫方劑學、中醫藥物學）.csv,
20,"下列敘述，有幾項是錯誤的？①《證治準繩》清骨散之主治證乃因溫病後期，陰液耗傷，熱伏陰分
所致 ②《衛生寶鑑》秦艽鱉甲散主治風勞，骨蒸潮熱 ③《溫病條辨》青蒿鱉甲湯的組成藥物包
含柴胡、地骨皮 ④《衛生寶鑑》秦艽鱉甲散與《證治準繩》清骨散的組成藥物均含青蒿、地骨皮、
柴胡、秦艽
(A)1 (B)2 (C)3 (D)4",C,102-中醫基礎醫學（二）（包括中醫方劑學、中醫藥物學）.csv,
21,"下列何者為柴胡疏肝散與越鞠丸共同之組成？
(A)香附、甘草 (B)枳殼、蒼朮 (C)川芎、神麴 (D)香附、川芎",D,102-中醫基礎醫學（二）（包括中醫方劑學、中醫藥物學）.csv,
22,"下列敘述，何者正確？
(A)定喘湯主治肺腎陰虛之哮喘 (B)丁香柿蒂湯主治胃熱之呃逆
(C)橘皮竹茹湯主治虛寒之呃逆 (D)旋覆代赭石湯主治胃虛痰阻之噯氣",D,102-中醫基礎醫學（二）（包括中醫方劑學、中醫藥物學）.csv,
23,"有關越鞠丸之敘述，下列何者錯誤？
(A)全方各單味藥劑量等分，可水泛為丸或可作湯劑
(B)以香附行氣解鬱為方中主藥
(C)食、濕、痰三鬱多責之於脾
(D)以當歸行血中之氣，治血鬱",D,102-中醫基礎醫學（二）（包括中醫方劑學、中醫藥物學）.csv,
24,"有關《傅青主女科》生化湯之敘述，下列何者錯誤？
(A)重用當歸八錢，以補血活血，化瘀生新，為方中主藥
(B)童便當佐藥，以益陰化瘀，且引敗血下行
(C)此乃產後血虛受寒，惡露不行，故以炮薑及黃酒溫經散寒止痛，為方中次藥
(D)炙甘草調和諸藥，為方中使藥",C,102-中醫基礎醫學（二）（包括中醫方劑學、中醫藥物學）.csv,
25,"下列何者為血府逐瘀湯之組成之一？①柴胡、白芍 ②當歸、川芎 ③桃仁、紅花 ④枳實、牛膝
⑤桔梗、甘草 ⑥延胡索、枳殼 ⑦生地、赤芍
(A)①③⑤⑦ (B)②③⑤⑦ (C)①②③④⑤⑥ (D)①②③④⑤⑦",B,102-中醫基礎醫學（二）（包括中醫方劑學、中醫藥物學）.csv,
26,"半夏厚朴湯與厚朴溫中湯之比較，下列何者正確？
(A)二方皆可用於脾胃寒濕證
(B)二方皆有厚朴、茯苓、乾薑
(C)半夏厚朴湯以厚朴、茯苓為次藥，厚朴溫中湯以草豆蔻、乾薑為次藥
(D)半夏厚朴湯以生薑為佐藥，厚朴溫中湯則以陳皮、木香、生薑為佐藥",C,102-中醫基礎醫學（二）（包括中醫方劑學、中醫藥物學）.csv,
27,"40 歲患者，外感之後，出現頭痛，惡寒，身重疼痛，胸悶不飢，午後身熱，無口渴，醫師檢查時見
其面色淡黃，苔白，脈弦細濡。最宜下列何方治療？
(A)蒼朮、半夏、藿香、厚朴、陳皮、甘草
(B)藿香、大腹皮、白芷、紫蘇、茯苓、半夏、白朮、陳皮、厚朴、桔梗、甘草
(C)蒼朮、厚朴、陳皮、甘草
(D)半夏、杏仁、滑石、白蔻仁、竹葉、厚朴、通草、苡仁",D,102-中醫基礎醫學（二）（包括中醫方劑學、中醫藥物學）.csv,
28,"下列何者為《外科正宗》消風散的藥物組成之一？①荊芥 ②牛蒡子 ③白朮 ④通草
(A)①② (B)①③ (C)②③ (D)③④",A,102-中醫基礎醫學（二）（包括中醫方劑學、中醫藥物學）.csv,
29,"下列何者具有溫陽健脾、行氣利水之功用？
(A)苓桂朮甘湯 (B)真武湯 (C)實脾飲 (D)五苓散",C,102-中醫基礎醫學（二）（包括中醫方劑學、中醫藥物學）.csv,
30,"下列何者為鎮肝熄風湯的主治證候？①頭目眩暈，目脹耳鳴，腦部熱痛，心中煩熱，面色如醉 ②肢
體漸覺不利，口角漸形歪斜 ③甚至眩暈顛仆，昏不知人，移時始醒，或醒後不能復原 ④舌強不
能言，足廢不能用，口乾不欲飲，脈沉細弱
(A)①② (B)③④ (C)①②③ (D)②③④",C,102-中醫基礎醫學（二）（包括中醫方劑學、中醫藥物學）.csv,
31,"下列何者是桑杏湯的主治證候？①身不甚熱 ②脈浮數 ③氣逆咯血 ④咽乾口渴
(A)①②③ (B)①②④ (C)①③④ (D)②③④
代號：3103
頁次：10－4",B,102-中醫基礎醫學（二）（包括中醫方劑學、中醫藥物學）.csv,
32,"下列各方的功用，何者正確？①羚角鉤藤湯涼肝熄風，增液舒筋 ②清燥救肺湯滋腎潤燥，化痰止
咳 ③藿香正氣散解表化濕，理氣和中 ④平胃散燥濕運脾，行氣和胃
(A)①②③ (B)①②④ (C)①③④ (D)②③④",C,102-中醫基礎醫學（二）（包括中醫方劑學、中醫藥物學）.csv,
33,"下列何方的藥物組成中含有桔梗與枳殼？①荊防敗毒散 ②杏蘇散 ③人參敗毒散 ④血府逐瘀湯
(A)④ (B)①③ (C)①②③ (D)①②③④",D,102-中醫基礎醫學（二）（包括中醫方劑學、中醫藥物學）.csv,
34,"組成中含有杏仁的方劑，下列正確的有幾項？①麻子仁丸 ②清氣化痰丸 ③冷哮丸 ④藿朴夏苓
湯 ⑤大陷胸丸
(A)2 (B)3 (C)4 (D)5",D,102-中醫基礎醫學（二）（包括中醫方劑學、中醫藥物學）.csv,
35,"有關指迷茯苓丸之敘述，下列何者錯誤？
(A)可治痰濕內停，肩背痠痛，兩手疲軟 (B)可治痰停中脘，上攻於臂
(C)方中以半夏燥濕化痰為主藥 (D)方中以風化硝瀉下清熱為佐藥",D,102-中醫基礎醫學（二）（包括中醫方劑學、中醫藥物學）.csv,
36,"香薷飲與新加香薷飲之比較，下列何者正確？
(A)二方皆有香薷、厚朴、扁豆、連翹
(B)二者皆可祛暑解表；香薷飲另可化濕和中，而新加香薷飲則另有清熱化濕之功
(C)二方中以扁豆祛暑化濕為佐藥
(D)使用二方之時機均為中暑發熱汗出，口渴面赤，苔白膩",B,102-中醫基礎醫學（二）（包括中醫方劑學、中醫藥物學）.csv,
37,"下列敘述，正確的有幾項？①神麯是保和丸的君藥 ②枳實是枳實導滯丸的君藥 ③枳實消痞丸以
神麯消食和胃 ④山楂善消肉食油膩之積 ⑤消食劑與瀉下劑均能消除有形之實邪
(A)2 (B)3 (C)5 (D)都不正確",A,102-中醫基礎醫學（二）（包括中醫方劑學、中醫藥物學）.csv,
38,"下列何者為王氏清暑益氣湯的君藥？①西洋參 ②西瓜翠衣 ③知母 ④麥冬 ⑤竹葉
(A)①② (B)②③ (C)③④ (D)④⑤",A,102-中醫基礎醫學（二）（包括中醫方劑學、中醫藥物學）.csv,
39,"32 歲男性患者，結婚 4 年仍未有小孩，經西醫檢查為精蟲數不足，自行購服補腎填精藥後反而胃脹
不舒；現症見形瘦面黃，脘腹痞滿，不思飲食，倦怠無力，大便溏薄等，經醫生診察苔膩微黃，脈
虛弱。最宜下列何方？
(A)枳朮丸 (B)健脾丸 (C)保和丸 (D)枳實導滯丸",B,102-中醫基礎醫學（二）（包括中醫方劑學、中醫藥物學）.csv,
41,"具清熱解毒，涼血消斑功效的藥物，下列何者正確？
(A)金銀花 (B)板藍根 (C)連翹 (D)大青葉",D,102-中醫基礎醫學（二）（包括中醫方劑學、中醫藥物學）.csv,
43,"下列何者並非夏枯草之功效？
(A)清肝火 (B)散鬱結 (C)退虛熱 (D)抗腫瘤",C,102-中醫基礎醫學（二）（包括中醫方劑學、中醫藥物學）.csv,
44,"清熱解毒藥中，下列何藥尤善治疔毒，頭面部癤腫？
(A)黃花地丁 (B)紫花地丁 (C)三稜 (D)紫草",B,102-中醫基礎醫學（二）（包括中醫方劑學、中醫藥物學）.csv,
45,"下列何者為淡竹葉之功效？
(A)清熱除煩，通利小便 (B)清熱生津，活血排膿
(C)清熱利濕，涼血解毒 (D)清熱養陰，解毒散結",A,102-中醫基礎醫學（二）（包括中醫方劑學、中醫藥物學）.csv,
46,"治療濕熱淋濁或濕熱黃疸，宜選用大黃的何種炮製品？
(A)生大黃 (B)熟大黃 (C)酒浸大黃 (D)炭大黃",B,102-中醫基礎醫學（二）（包括中醫方劑學、中醫藥物學）.csv,
47,"吳茱萸從治之用，用於下列何證？
(A)除濕解鬱 (B)血痹陰疝 (C)開腠理，逐風寒 (D)陰毒腹痛",A,102-中醫基礎醫學（二）（包括中醫方劑學、中醫藥物學）.csv,
48,"下列何者不具有潤腸通便的作用？
(A)肉蓯蓉 (B)益智仁 (C)火麻仁 (D)柏子仁",B,102-中醫基礎醫學（二）（包括中醫方劑學、中醫藥物學）.csv,
49,"下列何者非巴豆功用？
(A)寒積便秘 (B)寒實結胸 (C)腹水臌脹 (D)喉痹熱腫
代號：3103
頁次：10－6",D,102-中醫基礎醫學（二）（包括中醫方劑學、中醫藥物學）.csv,
52,"陽衰氣脫、大汗淋漓而氣促喘急者，附子宜配伍下列何種藥材？
(A)人參 (B)細辛 (C)麻黃 (D)乾薑",A,102-中醫基礎醫學（二）（包括中醫方劑學、中醫藥物學）.csv,
53,"下列何藥可用於冷痢寒瀉之霍亂轉筋？
(A)木瓜 (B)附子 (C)砂仁 (D)藿香",B,102-中醫基礎醫學（二）（包括中醫方劑學、中醫藥物學）.csv,
54,"乾薑引以黑附，主用於下列何者？
(A)逐寒邪而發表 (B)入腎而祛寒濕 (C)去惡生新 (D)定嘔消痰",B,102-中醫基礎醫學（二）（包括中醫方劑學、中醫藥物學）.csv,
55,"下列何藥不用於外感風寒、內停水飲，證見惡寒發熱、痰飲咳喘者？
(A)細辛 (B)乾薑 (C)蒼朮 (D)半夏",C,102-中醫基礎醫學（二）（包括中醫方劑學、中醫藥物學）.csv,
56,"下列何者忌服瓜蔞？
(A)孕婦 (B)腸癰 (C)遺尿 (D)便溏
代號：3103
頁次：10－7",D,102-中醫基礎醫學（二）（包括中醫方劑學、中醫藥物學）.csv,
57,"下列何者不是虎杖之適應症？
(A)淋濁帶下 (B)脾虛便秘 (C)濕熱黃疸 (D)水火燙傷",B,102-中醫基礎醫學（二）（包括中醫方劑學、中醫藥物學）.csv,
58,"三稜之何作用較莪朮強？
(A)消積 (B)止痛 (C)行氣 (D)破血",D,102-中醫基礎醫學（二）（包括中醫方劑學、中醫藥物學）.csv,
61,"下列藥物中，何者能開竅醒腦，對中風口噤有作用？
(A)石膏粉 (B)石決明粉 (C)冰片 (D)乳香",C,102-中醫基礎醫學（二）（包括中醫方劑學、中醫藥物學）.csv,
62,"陽起石的功效為何？
(A)治療腎陽虛寒 (B)收斂止血 (C)濕熱所致帶下、崩漏 (D)有收斂止汗功效",A,102-中醫基礎醫學（二）（包括中醫方劑學、中醫藥物學）.csv,
63,"有關鹿角霜的敘述，下列何者正確？
(A)為鹿角熬膏後所存殘渣物 (B)不具益腎助陽功能
(C)成品為膠狀物，需加溫烊化服 (D)為未骨化的幼角
代號：3103
頁次：10－8",A,102-中醫基礎醫學（二）（包括中醫方劑學、中醫藥物學）.csv,
68,"依《本草備要》，肉桂下列敘述何者錯誤？
(A)辛苦大熱，氣厚純陽。治痼冷沉寒
(B)補命門相火之衰，益陽消陰
(C)疏通血脈，宣導百藥，去營衛風寒
(D)治欬逆結氣之藥理，欬逆亦由氣不歸元，桂能引火歸宿丹田",A,102-中醫基礎醫學（二）（包括中醫方劑學、中醫藥物學）.csv,
69,"下列何藥物不具益腎助陽、固精，縮尿的功效？
(A)桑螵蛸 (B)覆盆子 (C)金櫻子 (D)山藥",D,102-中醫基礎醫學（二）（包括中醫方劑學、中醫藥物學）.csv,
70,"依《本草備要》，柏子仁辛甘而潤，其氣清香，功能為何？
(A)養心氣，潤腎燥 (B)補中益氣 (C)能透心腎而悅肝 (D)膽虛不眠",A,102-中醫基礎醫學（二）（包括中醫方劑學、中醫藥物學）.csv,
71,"依《本草備要》，下列何者為走散之藥，冷利大腸，虛者慎用？
(A)旋覆花 (B)百部 (C)白前 (D)天南星",A,102-中醫基礎醫學（二）（包括中醫方劑學、中醫藥物學）.csv,
72,"依《本草備要》，下列有關澤瀉之敘述，何者錯誤？
(A)入膀胱，利小便 (B)有聰耳明目之功 (C)通氣上達利三焦 (D)瀉腎經之火邪",C,102-中醫基礎醫學（二）（包括中醫方劑學、中醫藥物學）.csv,
73,"依《本草備要》，白芷常用之功效，下列何者錯誤？
(A)芳香通竅而表汗 (B)太陽頭目昏痛，眉稜骨痛
(C)治三經風熱濕熱之病 (D)活血排膿，生肌止痛",B,102-中醫基礎醫學（二）（包括中醫方劑學、中醫藥物學）.csv,
74,"依《本草備要》，傷寒及補劑加用大棗，其目的為何？
(A)補氣生血 (B)燥濕健脾 (C)清肺熱及補肝腎 (D)發脾胃升騰之氣",D,102-中醫基礎醫學（二）（包括中醫方劑學、中醫藥物學）.csv,
75,"依《本草備要》，下列何藥大瀉血分濕熱，下有形積滯？
(A)大黃 (B)防己 (C)牽牛子 (D)巴豆",A,102-中醫基礎醫學（二）（包括中醫方劑學、中醫藥物學）.csv,
1,"西周的醫官制度中，主治內科疾病的是下列何者？
(A)疾醫 (B)食醫 (C)醫師 (D)瘍醫",A,103-中醫基礎醫學（一）（包括中醫醫學史、中醫基礎理論、內經、難經）.csv,
2,"在中國醫學史上，下列何者是第一部由國家頒行的藥典？
(A)《本草經集注》 (B)《新修本草》 (C)《本草拾遺》 (D)《證類本草》",B,103-中醫基礎醫學（一）（包括中醫醫學史、中醫基礎理論、內經、難經）.csv,
3,"小華的暑假作業是有關「孫思邈」的報告，為了蒐集相關資料，你會建議他採訪下列何種廟宇進行
田野調查？
(A)藥王廟 (B)大道公廟 (C)保生大帝廟 (D)行天宮",A,103-中醫基礎醫學（一）（包括中醫醫學史、中醫基礎理論、內經、難經）.csv,
4,"下列何者曾於書中記載遭蒙古兵圍城，而觀察到飲食不節及勞役對人所產生的影響？
(A)張潔古 (B)張戴人 (C)李杲 (D)羅天益",C,103-中醫基礎醫學（一）（包括中醫醫學史、中醫基礎理論、內經、難經）.csv,
5,"下列關於金元醫家的著作，何者正確？
(A)張潔古著《儒門事親》 (B)朱震亨撰《局方發揮》
(C)李東垣著《珍珠囊》 (D)張從正撰《蘭室秘藏》",B,103-中醫基礎醫學（一）（包括中醫醫學史、中醫基礎理論、內經、難經）.csv,
6,"有關清代西洋醫學傳入中國後曾發生的史事，下列何者錯誤？
(A)西元1692年康熙帝身患瘧疾，經法國傳教士以金雞納治癒
(B)郭雷樞（Thomas R. Colledge）是最早對英美教會提出建議應當派醫學傳教士到中國的先驅
(C)英國傳教士合信（Hobson）譯著不少西醫著作，對西洋醫學的傳播貢獻很大
(D)日據時期臺灣開始引入西洋醫學",D,103-中醫基礎醫學（一）（包括中醫醫學史、中醫基礎理論、內經、難經）.csv,
7,"《讀素問鈔》和《難經本義》是下列何醫家的作品？
(A)韓祇和 (B)朱肱 (C)滑壽 (D)成無己",C,103-中醫基礎醫學（一）（包括中醫醫學史、中醫基礎理論、內經、難經）.csv,
8,"下列何者著有《內科新說》一書？
(A)喻昌 (B)張杲 (C)李濂 (D)合信",D,103-中醫基礎醫學（一）（包括中醫醫學史、中醫基礎理論、內經、難經）.csv,
9,"下列何人為悍衛中醫學理論，針對余雲岫所著《靈素商兌》之內容加以批駁？
(A)汪企張 (B)惲鐵樵 (C)俞樾 (D)朱沛文",B,103-中醫基礎醫學（一）（包括中醫醫學史、中醫基礎理論、內經、難經）.csv,
10,"依《難經》對五俞穴的五行屬性定義，下列敘述何者錯誤？
(A)肺經井穴屬木 (B)胃經合穴屬土 (C)腎經俞穴屬土 (D)三焦經經穴屬木",D,103-中醫基礎醫學（一）（包括中醫醫學史、中醫基礎理論、內經、難經）.csv,
11,"五臟對應五行之藏象中，有關「五味所入－五液－五主」的配對何者錯誤？
(A)心：苦－汗－脈 (B)肝：酸－淚－筋 (C)肺：辛－痰－毛 (D)腎：鹹－唾－骨",C,103-中醫基礎醫學（一）（包括中醫醫學史、中醫基礎理論、內經、難經）.csv,
12,"有關「人之陰陽」的分別，下列敘述何者錯誤？
(A)人身之陰陽，背為陽，腹為陰 (B)人身臟腑中之陰陽，腑者為陽，臟者為陰
(C)陰中之陽，肺也 (D)陰中之陰，腎也
代號：2105
頁次：6－2",C,103-中醫基礎醫學（一）（包括中醫醫學史、中醫基礎理論、內經、難經）.csv,
13,"有關五行的基本規律，下列何者錯誤？
(A)相生 (B)相剋 (C)制化 (D)相感",D,103-中醫基礎醫學（一）（包括中醫醫學史、中醫基礎理論、內經、難經）.csv,
14,"依《素問．四氣調神大論》所記載，若違逆那一季節的養生之道，則會產生太陽不長的病理變化？
(A)秋 (B)春 (C)夏 (D)冬",C,103-中醫基礎醫學（一）（包括中醫醫學史、中醫基礎理論、內經、難經）.csv,
15,"若身體產生心氣內洞與肺氣焦滿的症狀時，依《素問．四氣調神大論》所記載，是違逆那些季節養
生之道？
(A)夏、秋 (B)春、秋 (C)冬、夏 (D)夏、春",A,103-中醫基礎醫學（一）（包括中醫醫學史、中醫基礎理論、內經、難經）.csv,
16,"據《素問．四氣調神大論》，冬天的日夜生活作息應當遵循下列何者？
(A)早臥晚起 (B)早臥早起 (C)夜臥晚起 (D)夜臥早起",A,103-中醫基礎醫學（一）（包括中醫醫學史、中醫基礎理論、內經、難經）.csv,
17,"據《素問．四氣調神大論》，應於四季養生，再加上虛者補其母的原理，所以腎陰虛患者最適合於
何季節進補？
(A)春 (B)夏 (C)秋 (D)冬",C,103-中醫基礎醫學（一）（包括中醫醫學史、中醫基礎理論、內經、難經）.csv,
18,"《素問．舉痛論》指出百病生於氣，而情志會影響氣的走向，下列何情志會讓氣消？
(A)喜 (B)怒 (C)悲 (D)恐",C,103-中醫基礎醫學（一）（包括中醫醫學史、中醫基礎理論、內經、難經）.csv,
19,"據《素問．上古天真論》，女性幾歲的時候天癸至，而能有子？
(A)14 (B)15 (C)16 (D)17",A,103-中醫基礎醫學（一）（包括中醫醫學史、中醫基礎理論、內經、難經）.csv,
22,"依據《素問．五運行大論》，下列敘述何者錯誤？
(A)怒傷肝 (B)喜傷肺 (C)恐傷腎 (D)思傷脾",B,103-中醫基礎醫學（一）（包括中醫醫學史、中醫基礎理論、內經、難經）.csv,
23,"《難經》中利用五行生克來推斷病情，下列何者病情最嚴重？
(A)邪從後來（虛邪） (B)邪從前方來（實邪）
(C)邪從所勝來（微邪） (D)邪從所不勝來（賊邪）",D,103-中醫基礎醫學（一）（包括中醫醫學史、中醫基礎理論、內經、難經）.csv,
24,"據《素問．五藏生成論》對藏象之論述，諸脈者皆屬於下列何者？
(A)目 (B)肺 (C)節 (D)腦",A,103-中醫基礎醫學（一）（包括中醫醫學史、中醫基礎理論、內經、難經）.csv,
25,"血是由下列何者為基礎？①營氣 ②津液 ③腎精 ④原氣
(A)①② (B)①③ (C)②④ (D)③④",A,103-中醫基礎醫學（一）（包括中醫醫學史、中醫基礎理論、內經、難經）.csv,
26,"依據《本草綱目》辛夷條下的敘述，被稱為「元神之府」的是下列何者？
(A)膽 (B)心 (C)心包 (D)腦",D,103-中醫基礎醫學（一）（包括中醫醫學史、中醫基礎理論、內經、難經）.csv,
27,"依據《素問．宣明五氣論》的敘述，「淚」為何臟所化之液？
(A)腎 (B)心 (C)肺 (D)肝
代號：2105
頁次：6－3",D,103-中醫基礎醫學（一）（包括中醫醫學史、中醫基礎理論、內經、難經）.csv,
28,"依據《難經．三十一難》的敘述，部位在胃上口，其治在膻中的是下列何者？
(A)上焦 (B)中焦 (C)下焦 (D)氣街",A,103-中醫基礎醫學（一）（包括中醫醫學史、中醫基礎理論、內經、難經）.csv,
29,"就中醫藏象理論，下列何者不是脾的生理功能？
(A)脾主受納 (B)脾主肌肉 (C)其華在唇 (D)脾主四肢",A,103-中醫基礎醫學（一）（包括中醫醫學史、中醫基礎理論、內經、難經）.csv,
30,"宜靜因目痛就醫，在診治時發現眼中有赤絡，其方向由目外眥往內側延伸，則宜靜最可能有下列何
種病證？
(A)太陽病 (B)陽明病 (C)少陽病 (D)太陰病",C,103-中醫基礎醫學（一）（包括中醫醫學史、中醫基礎理論、內經、難經）.csv,
31,"由對於下列那項觀察較無法分析心主血脈的生理功能是否正常？
(A)面色 (B)舌色 (C)心胸部的症狀 (D)指甲的形態",D,103-中醫基礎醫學（一）（包括中醫醫學史、中醫基礎理論、內經、難經）.csv,
32,"依《靈樞．本藏》的記載，「所以化水穀而行津液」的是下列何者？
(A)五臟 (B)六腑 (C)七情 (D)八風",B,103-中醫基礎醫學（一）（包括中醫醫學史、中醫基礎理論、內經、難經）.csv,
33,"下列關於營衛的生成和運行的敘述，何者錯誤？
(A)其清者為榮，濁者為衛
(B)榮行脈中，衛行脈外
(C)足少陰腎經是十二經脈循環運行的起點與終點
(D)於一晝夜中，在人體循環運行五十次",C,103-中醫基礎醫學（一）（包括中醫醫學史、中醫基礎理論、內經、難經）.csv,
34,"衛氣是藉下列何種載體而發揮肥腠理、司開合的生理功能？
(A)精血 (B)營血 (C)腎精 (D)津液",D,103-中醫基礎醫學（一）（包括中醫醫學史、中醫基礎理論、內經、難經）.csv,
35,"依《素問．經脈別論》之記載，飲入於人體後會依序經過那些臟腑？
(A)胃→脾→肺→膀胱 (B)脾→胃→大腸→膀胱
(C)脾→心→肺→大腸 (D)胃→小腸→心→肺",A,103-中醫基礎醫學（一）（包括中醫醫學史、中醫基礎理論、內經、難經）.csv,
36,"下列中醫解剖名詞，何者是現代醫學解剖所稱之「腓腸肌」（gastrocnemius）？
(A)腨 (B)膕 (C)腱 (D)腡",A,103-中醫基礎醫學（一）（包括中醫醫學史、中醫基礎理論、內經、難經）.csv,
37,"關於「乙癸同源」的敘述，下列何者錯誤？
(A)就是指「肝腎同源」 (B)肝陽的來源是腎陽
(C)肝所藏之血為腎血 (D)肝陰與腎陰互相資生，互相影響",C,103-中醫基礎醫學（一）（包括中醫醫學史、中醫基礎理論、內經、難經）.csv,
38,"某 35 歲男性患者，2 年多來左上門牙處及牙齦出血，血色鮮紅，牙齦腫痛，口渴喜冷飲，易饑餓，
大便秘結。舌紅苔黃，脈弦滑數，以經絡理論分析，宜治以何經？
(A)足陽明經 (B)手陽明經 (C)手少陽經 (D)足少陽經",A,103-中醫基礎醫學（一）（包括中醫醫學史、中醫基礎理論、內經、難經）.csv,
39,"某45歲患者，腹瀉已一年，近三月腹部脹滿及重墜感，飲食不振，倦怠，舌淡紅苔薄白，脈細。以
經絡理論分析，以下列何經治療最合適？
(A)衝脈 (B)任脈 (C)督脈 (D)帶脈",D,103-中醫基礎醫學（一）（包括中醫醫學史、中醫基礎理論、內經、難經）.csv,
40,"依據《靈樞．經脈》，別絡有十五條，十二經脈各有一條別絡，其餘三條不包括下列何者？
(A)任脈之別 (B)督脈之別 (C)脾之大絡 (D)胃之大絡",D,103-中醫基礎醫學（一）（包括中醫醫學史、中醫基礎理論、內經、難經）.csv,
41,"根據《素問．診要經終論》記載，「面黑齒長而垢，腹脹閉」是下列那一經的經氣終竭見症？
(A)陽明 (B)少陰 (C)太陰 (D)厥陰",B,103-中醫基礎醫學（一）（包括中醫醫學史、中醫基礎理論、內經、難經）.csv,
42,"某患者於臀部上方股溝處長一顆疔瘡，根據《素問．皮部論》經脈皮部之分部原理，是那一條經絡
所屬？
(A)足太陽膀胱經 (B)足少陽膽經 (C)足陽明胃經 (D)足少陰腎經",A,103-中醫基礎醫學（一）（包括中醫醫學史、中醫基礎理論、內經、難經）.csv,
43,"王先生敘述膝蓋痛，循膺乳、氣街、股、伏兔、骭外廉、足跗上都痛，應考慮是那一條經絡之疾病？
(A)脾經 (B)胃經 (C)膽經 (D)腎經",B,103-中醫基礎醫學（一）（包括中醫醫學史、中醫基礎理論、內經、難經）.csv,
44,"婦人經、帶、胎、產與奇經八脈有密切的關係。與婦人月經有關的經脈是下列何者？
(A)任脈、督脈 (B)任脈、衝脈 (C)衝脈、帶脈 (D)衝脈、督脈
代號：2105
頁次：6－4",B,103-中醫基礎醫學（一）（包括中醫醫學史、中醫基礎理論、內經、難經）.csv,
45,"依據《素問．骨空論》的描述，足太陽膀胱經和足少陰腎經與奇經八脈中之何者循行重疊？
(A)督脈 (B)任脈 (C)衝脈 (D)帶脈",A,103-中醫基礎醫學（一）（包括中醫醫學史、中醫基礎理論、內經、難經）.csv,
46,"根據《難經》，下列何者為任脈之病症？
(A)逆氣而裏急 (B)七疝 (C)心痛 (D)悵然失志",B,103-中醫基礎醫學（一）（包括中醫醫學史、中醫基礎理論、內經、難經）.csv,
47,"臨床上眩暈、耳鳴等耳朵的問題要配合循行經過的經脈來處理，下列經脈何者入耳中？
(A)手陽明大腸經 (B)足陽明胃經 (C)手太陽小腸經 (D)足太陽膀胱經",C,103-中醫基礎醫學（一）（包括中醫醫學史、中醫基礎理論、內經、難經）.csv,
48,"根據《靈樞．脈度》的記載，經絡由臟腑至體表的連繫，順序為下列何者？
(A)經→絡→孫絡 (B)經→孫絡→絡 (C)絡→經→孫絡 (D)孫絡→絡→經",A,103-中醫基礎醫學（一）（包括中醫醫學史、中醫基礎理論、內經、難經）.csv,
49,"由於精虧血少，陰液大傷，因而產生虛熱，虛火內生，為下列何種病機？
(A)陽氣過盛化火 (B)陰虛火旺 (C)五志過極化火 (D)邪鬱化火",B,103-中醫基礎醫學（一）（包括中醫醫學史、中醫基礎理論、內經、難經）.csv,
50,"有關瘀血致病的特點，下列敘述何者錯誤？
(A)瘀阻胃腸則胃痞悶喜按 (B)在體表形成瘀腫
(C)在體表形成腫瘍 (D)產生疼痛症狀",A,103-中醫基礎醫學（一）（包括中醫醫學史、中醫基礎理論、內經、難經）.csv,
51,"某男性患者平常在家養尊處優，從上高中起便常常玩線上遊戲到清晨才就寢。當兵期間，其服役單
位需參加雙十國慶的升旗及閱兵典禮；國慶當天約上午 11 點，他開始感到眼前一片黑矇，聽不清楚排
長發出的口令，不一會兒後便昏倒失去意識。根據《素問．生氣通天論》，下列敘述何者最不恰當？
(A)昏倒的病因病機近似於《黃帝內經》中所提到的「煎厥」
(B)平常的舌象可能為紅絳舌
(C)平常的脈象可能為遲脈
(D)平常可能很容易感到口渴",C,103-中醫基礎醫學（一）（包括中醫醫學史、中醫基礎理論、內經、難經）.csv,
52,"風邪致病常見頭痛、汗出之症，與風邪的那個特性最有關？
(A)風為百病之長 (B)風性善行而數變
(C)風性開泄，易襲陽位 (D)風性走竄，傷津耗氣",C,103-中醫基礎醫學（一）（包括中醫醫學史、中醫基礎理論、內經、難經）.csv,
53,"《金匱要略》中提到水飲病患者面熱如醉，其病機是因為何臟腑之熱上衝所致？
(A)肺熱 (B)胃熱 (C)肝熱 (D)三焦熱",B,103-中醫基礎醫學（一）（包括中醫醫學史、中醫基礎理論、內經、難經）.csv,
54,"關於心理情志變化對於人體氣血運行的影響，下列何者正確？
(A)受驚嚇時會造成氣亂 (B)生氣時會造成氣結
(C)恐懼時會造成氣消 (D)悲傷時會造成氣緩",A,103-中醫基礎醫學（一）（包括中醫醫學史、中醫基礎理論、內經、難經）.csv,
55,"下列有關七情致病特點的敘述，正確的有幾項？①直接傷及內臟 ②直接影響血行 ③情志波動常
導致病情加劇 ④在一定條件下，其病機可轉化為與病邪的特性相反
(A)1 (B)2 (C)3 (D)4",B,103-中醫基礎醫學（一）（包括中醫醫學史、中醫基礎理論、內經、難經）.csv,
56,"《素問．舉痛論》中對於寒氣客於脈外的病機描述為何？
(A)脈寒則縮，外引小絡，故卒然而痛，得熱則痛止
(B)與炅氣相薄則脈滿，滿則痛不可按
(C)深按不能及，故按之無益
(D)陰氣竭，陽氣未入，故卒然痛死不知人",A,103-中醫基礎醫學（一）（包括中醫醫學史、中醫基礎理論、內經、難經）.csv,
57,"《黃帝內經》中關於邪氣留連與其體質交互而成的疾病描述，下列何者錯誤？
(A)秋傷於濕，冬生痎瘧 (B)冬不藏精，春必病溫
(C)冬傷於寒，春必病溫 (D)春傷於風，夏生飧泄",A,103-中醫基礎醫學（一）（包括中醫醫學史、中醫基礎理論、內經、難經）.csv,
58,"據《素問．五藏生成篇》所論藏象理論，多食酸，會有下列那種病症？
(A)脈凝泣而變色 (B)肉胝而唇揭 (C)筋急而爪枯 (D)骨痛而髮落
代號：2105
頁次：6－5",B,103-中醫基礎醫學（一）（包括中醫醫學史、中醫基礎理論、內經、難經）.csv,
59,"《素問．風論》所載諸風，為何種病因所致？
(A)皆指外風 (B)有外風，亦有內風
(C)總由內傷血氣所致 (D)外感風邪、痰飲壅滯與陰虛陽亢三者",A,103-中醫基礎醫學（一）（包括中醫醫學史、中醫基礎理論、內經、難經）.csv,
60,"一夥同學考完試後至啤酒屋吃晚餐慶祝，大雄因擔心自己無法順利通過考試，藉酒澆愁一杯接一杯
地喝。當聚餐結束，胖虎發現大雄嘴巴周圍的膚色顯得青白。請問大雄體內何者臟腑的氣機運行出
現了較明顯的障礙？
(A)心、肝 (B)肺、脾 (C)肺、肝 (D)肝、脾",D,103-中醫基礎醫學（一）（包括中醫醫學史、中醫基礎理論、內經、難經）.csv,
61,"關於「痙症」之病因病機論述，下列何者錯誤？
(A)《黃帝內經》：「諸痙項強，皆屬於濕」
(B)病因有因寒、因風而成剛痙、柔痙者
(C)痙症的病位在五體之「肉」
(D)痙症之起，因亡血陰虛而起",C,103-中醫基礎醫學（一）（包括中醫醫學史、中醫基礎理論、內經、難經）.csv,
62,"關於「癰疽」的病程敘述，下列何者正確？
(A)寒邪客於經絡→血停→衛氣滯→化熱→腐肉→藏傷→爛筋→傷骨→髓消
(B)濕邪客於經絡→衛氣滯→化熱→腐肉→爛筋→傷骨→髓消→藏傷
(C)寒邪客於經絡→血停→衛氣滯→化熱→腐肉→爛筋→傷骨→髓消→藏傷
(D)濕邪客於經絡→衛氣滯→化熱→腐肉→藏傷→爛筋→傷骨→髓消",C,103-中醫基礎醫學（一）（包括中醫醫學史、中醫基礎理論、內經、難經）.csv,
63,"有關《素問．咳論》中「聚於胃，關於肺」之病機，下列敘述何者錯誤？
(A)可解釋病患久咳不癒，出現痰多涕唾而面浮腫氣逆
(B)痰飲困聚脾胃，上漬於肺
(C)五藏六府皆令人咳，其所重在肺胃
(D)可解釋病患久咳不癒，木火刑金之燥咳",D,103-中醫基礎醫學（一）（包括中醫醫學史、中醫基礎理論、內經、難經）.csv,
64,"依《素問．痹論》，下列關於痹證之病機敘述何者錯誤？
(A)痛者，濕氣多也 (B)其寒者，陽氣少，陰氣多
(C)其熱者，陽氣多，陰氣少 (D)不仁者，病久入深，榮衛之行澀",A,103-中醫基礎醫學（一）（包括中醫醫學史、中醫基礎理論、內經、難經）.csv,
65,"65 歲女性患者，每逢冬天則全身上下左右皆游走性酸痛，無止無息，坐立難安。有關其病歷之相關
敘述，下列何者正確？
(A)痛從上下者先刺其下以過之後再刺其上
(B)此名周痹
(C)針刺其發作疼痛之部位，雖暫時不痛，仍需針之
(D)此病在血脈之中，隨脈上下，不能左右",C,103-中醫基礎醫學（一）（包括中醫醫學史、中醫基礎理論、內經、難經）.csv,
66,"關於腸胃絡脈受傷的主要病因，依《靈樞．百病始生篇》所描述，下列何者正確？
(A)飲食不足會引起腸胃之絡脈受傷 (B)不會形成積
(C)久臥嗜睡 (D)生活起居不節，或者用力過度",D,103-中醫基礎醫學（一）（包括中醫醫學史、中醫基礎理論、內經、難經）.csv,
67,"67歲男性患者，發高燒至39℃已二日，出汗多而煩滿，發汗後仍煩滿不解，下腹冷，有關其可能之
致病病機，下列何者正確？
(A)陰陽交 (B)腎風 (C)風厥 (D)勞風
代號：2105
頁次：6－6",C,103-中醫基礎醫學（一）（包括中醫醫學史、中醫基礎理論、內經、難經）.csv,
68,"在精神科病房，病患常出現肢體無法控制的動搖，煩躁而發狂的症狀，依《素問．至真要大論》所
記載病機分析，下列何者正確？
(A)心的功能異常，同時病機部分有燥的屬性 (B)肝的功能異常，同時病機部分有火的屬性
(C)膽的功能異常，同時病機部分有火的屬性 (D)腎的功能異常，同時病機部分有熱的屬性",B,103-中醫基礎醫學（一）（包括中醫醫學史、中醫基礎理論、內經、難經）.csv,
69,"若患者出現腰與頸項關節活動不順，尤其影響走路與視物，但是不會出現耳聾症狀時，則下列敘述
何者正確？
(A)為少陽經氣厥逆 (B)會合併產生心痛與腹瀉問題
(C)為陽明經氣厥逆 (D)會產生腸癰兼症，但是為可治之症，而非死症",A,103-中醫基礎醫學（一）（包括中醫醫學史、中醫基礎理論、內經、難經）.csv,
70,"依《素問．宣明五氣篇》記載，關於五臟六腑病變所產生的症狀特癥，下列何者錯誤？
(A)若病患出現噫氣，胸感不適，因噯氣而通暢，為心氣病
(B)若病患出現常打呵欠的表現，為肺氣病
(C)若病患出現小便不能約束，為膀胱病
(D)若病患出現容易發怒，為膽病",B,103-中醫基礎醫學（一）（包括中醫醫學史、中醫基礎理論、內經、難經）.csv,
71,"「氣虛證」的主要病理變化不包含下列何者？
(A)倦怠乏力 (B)清陽不升 (C)衛外無力 (D)濡養功能減退",D,103-中醫基礎醫學（一）（包括中醫醫學史、中醫基礎理論、內經、難經）.csv,
72,"下列何者並非「實證」之病機？
(A)邪氣盛 (B)多見於內傷疾病
(C)邪正劇烈抗爭 (D)臨床表現多為有餘之證候",B,103-中醫基礎醫學（一）（包括中醫醫學史、中醫基礎理論、內經、難經）.csv,
73,"下列有關「陰偏盛」病機的敘述，何者正確？
(A)陰盛則熱 (B)機體代謝亢進
(C)陰邪易傷陽氣 (D)臨床上多見面紅、便乾、尿赤",C,103-中醫基礎醫學（一）（包括中醫醫學史、中醫基礎理論、內經、難經）.csv,
74,"下列關於「脾氣虛證」之敘述，何者錯誤？
(A)可由飲食、勞倦所傷 (B)影響脾之降濁功能
(C)氣血生化無源 (D)甚則下陷",B,103-中醫基礎醫學（一）（包括中醫醫學史、中醫基礎理論、內經、難經）.csv,
75,"關於「風水證」之病機，下列敘述何者正確？
(A)其本在肺 (B)其標在腎
(C)津液客於玄府，行於皮裡，導致水腫 (D)脾虛土不制水",C,103-中醫基礎醫學（一）（包括中醫醫學史、中醫基礎理論、內經、難經）.csv,
76,"下列關於損脈與至脈的敘述，何者錯誤？
(A)至脈，一呼再至曰平，三至曰離經，四至曰奪精，五至曰命絕
(B)損脈，一呼一至曰離經，再呼一至曰奪精
(C)損脈，三呼一至曰死，四呼一至曰命絕
(D)損脈之為病，一損損於皮毛，二損損於血脈，三損損於肌肉",A,103-中醫基礎醫學（一）（包括中醫醫學史、中醫基礎理論、內經、難經）.csv,
77,"依《難經》中分別臟病腑病的理論，病欲得溫，不欲見人，是下列何種病證？
(A)陽證 (B)陰證 (C)陰虛陽亢 (D)陰陽離決",B,103-中醫基礎醫學（一）（包括中醫醫學史、中醫基礎理論、內經、難經）.csv,
78,"下列何者為「胃」通降失常的主要症狀？
(A)口苦、黃疸、嘔吐苦水 (B)咳嗽喘促、便秘、容易感冒
(C)腹脹、腹瀉、消化不良、水腫 (D)食量減少、嘔吐、噯氣、便秘",D,103-中醫基礎醫學（一）（包括中醫醫學史、中醫基礎理論、內經、難經）.csv,
79,"有關筋痿的病因病機之論述，下列何者正確？
(A)入房太甚，宗筋弛縱，發為筋痿 (B)思想無窮，所願不得，則胞脈閉而筋痿
(C)面青善怒，時憎女子，發為筋痿 (D)夜臥則驚，多飲，數小便，發為筋痿",A,103-中醫基礎醫學（一）（包括中醫醫學史、中醫基礎理論、內經、難經）.csv,
80,"「壅遏營氣，令無所避。」是下列何者的生理功能？
(A)精 (B)血 (C)液 (D)脈",D,103-中醫基礎醫學（一）（包括中醫醫學史、中醫基礎理論、內經、難經）.csv,
1,"有關《和劑局方》香蘇散之方義，下列敘述何者正確？
(A)香附疏解肝氣為主（君）藥 (B)紫蘇葉發散風寒，理氣和中為次（臣）藥
(C)陳皮理氣和胃為佐藥 (D)炙甘草調和諸藥為佐藥",C,103-中醫基礎醫學（二）（包括中醫方劑學、中醫藥物學）.csv,
2,"下列有關麻黃附子細辛湯之敘述何者正確？①治陽虛外感風寒證 ②適用於下利清穀，脈微欲絕
③病之性質屬於表裏皆寒，而重在太陽之表 ④陽虛甚者，宜加肉桂、乾薑
(A)①②③ (B)①②④ (C)①③④ (D)②③④",C,103-中醫基礎醫學（二）（包括中醫方劑學、中醫藥物學）.csv,
3,"銀翹散與桑菊飲之共同組成藥物，下列何者正確？①連翹、薄荷 ②桔梗、甘草 ③荊芥、蘆根
④牛蒡子、竹葉
(A)①② (B)①②④ (C)①③④ (D)②③④",A,103-中醫基礎醫學（二）（包括中醫方劑學、中醫藥物學）.csv,
4,"張先生來院門診主訴憎寒壯熱，頭痛項強，肢體酸痛，無汗，鼻塞聲重、咳嗽有痰，胸膈痞滿，經
醫師診察舌苔白膩，脈浮數而重取無力。最宜下列何方？
(A)麻黃附子細辛湯 (B)敗毒散 (C)香蘇飲 (D)再造散",B,103-中醫基礎醫學（二）（包括中醫方劑學、中醫藥物學）.csv,
5,"下列何者屬於藥物加減和藥量增減變化聯合運用的兩方？
(A)小承氣湯與厚朴三物湯 (B)大陷胸湯與小陷胸湯
(C)人參湯與理中丸 (D)半夏瀉心湯與生薑瀉心湯",D,103-中醫基礎醫學（二）（包括中醫方劑學、中醫藥物學）.csv,
6,"下列何方之組成中具有溫肺化飲並助解表的作用？①小青龍湯 ②華蓋散 ③大青龍湯 ④射干麻
黃湯
(A)① (B)①② (C)①②③ (D)②③④",A,103-中醫基礎醫學（二）（包括中醫方劑學、中醫藥物學）.csv,
7,"當歸補血湯主治病證，下列何者正確？①血虛發熱證 ②經期產後血虛，發熱頭痛 ③瘡瘍破潰，
久不癒合
(A)僅①② (B)僅①③ (C)僅②③ (D)①②③",D,103-中醫基礎醫學（二）（包括中醫方劑學、中醫藥物學）.csv,
8,"王先生因汗多，煩渴不止而來求診，醫師診其脈來浮大無力，則本病例最宜選用下列何方治療？
(A)白虎加桂枝湯 (B)白虎加人參湯 (C)白虎加蒼朮湯 (D)銀翹白虎湯",B,103-中醫基礎醫學（二）（包括中醫方劑學、中醫藥物學）.csv,
9,"七寶美髯丹的組成藥物，下列何者正確？①杜仲 ②龜板 ③當歸 ④補骨脂 ⑤菟絲子
(A)①② (B)①③⑤ (C)②③④ (D)③④⑤",D,103-中醫基礎醫學（二）（包括中醫方劑學、中醫藥物學）.csv,
10,"下列何者屬於十劑中之輕劑？①麻黃湯 ②瓜蒂散 ③小承氣湯 ④小建中湯
(A)① (B)①② (C)③④ (D)①②③
代號：3105
頁次：8－2",A,103-中醫基礎醫學（二）（包括中醫方劑學、中醫藥物學）.csv,
13,"下列何者是痛瀉要方中防風的配伍意義？①引經 ②舒脾 ③活血 ④解表 ⑤勝濕
(A)①② (B)②③ (C)③④ (D)④⑤",A,103-中醫基礎醫學（二）（包括中醫方劑學、中醫藥物學）.csv,
14,"下列有幾項是逍遙散的運用主證？①神疲食少 ②小便不利 ③兩脅作痛 ④腸鳴痛瀉不止
(A)1 (B)2 (C)3 (D)4",B,103-中醫基礎醫學（二）（包括中醫方劑學、中醫藥物學）.csv,
15,"下列何者是治療陽虛失血的方劑？①膠艾湯 ②理中丸 ③黃土湯 ④回陽救急湯 ⑤大建中湯
(A)①② (B)②③ (C)③④ (D)④⑤",B,103-中醫基礎醫學（二）（包括中醫方劑學、中醫藥物學）.csv,
16,"下列何者為當歸六黃湯的君藥？①當歸 ②黃耆 ③生地黃 ④熟地黃 ⑤黃連
(A)①② (B)②③ (C)③④ (D)④⑤",C,103-中醫基礎醫學（二）（包括中醫方劑學、中醫藥物學）.csv,
17,"陽和湯主治證範疇，下列何者正確？①漫腫無頭 ②酸痛無熱 ③口渴欲飲 ④舌淡苔白 ⑤脈洪大
(A)①②③ (B)①②④ (C)②③⑤ (D)③④⑤",B,103-中醫基礎醫學（二）（包括中醫方劑學、中醫藥物學）.csv,
18,"49 歲男性患者，一週前右眼發紅、搔癢，自購眼藥水滴眼治療 5 天無效。現見右眼瞼紅腫，白睛發
紅、發癢，分泌物增多，畏光，伴右側頭脹痛，舌紅苔黃，脈弦數有力。最宜下列何方？
(A)普濟消毒飲 (B)真人活命飲 (C)黃連解毒湯 (D)龍膽瀉肝湯",D,103-中醫基礎醫學（二）（包括中醫方劑學、中醫藥物學）.csv,
19,"下列有幾項是《傷寒論》半夏瀉心湯的運用主證？①心下痞滿而痛 ②寒熱如瘧 ③嘔吐 ④腸鳴
下利
(A)1 (B)2 (C)3 (D)4",B,103-中醫基礎醫學（二）（包括中醫方劑學、中醫藥物學）.csv,
20,"十灰散的製作可使用下列何者磨汁調服？①藕 ②薑 ③蘿蔔 ④蔥
(A)①② (B)①③ (C)②④ (D)③④",B,103-中醫基礎醫學（二）（包括中醫方劑學、中醫藥物學）.csv,
21,"組成中含有四物湯的方劑，下列何者正確？①溫經湯 ②獨活寄生湯 ③大秦艽湯 ④泰山磐石散
⑤膈下逐瘀湯
(A)①② (B)①③⑤ (C)②③④ (D)③④⑤",C,103-中醫基礎醫學（二）（包括中醫方劑學、中醫藥物學）.csv,
22,"50 歲男性患者，主訴口渴，多尿 5 年，曾經中西醫診治療效不佳。現面色潮紅，頭目眩暈，腰痠腿
軟，心煩多夢，睡眠欠佳，渴飲溲多，大便乾結，舌紅少苔，脈沉細數。最宜下列何方？
(A)六味地黃丸 (B)白虎湯 (C)一貫煎 (D)天王補心丹",A,103-中醫基礎醫學（二）（包括中醫方劑學、中醫藥物學）.csv,
23,"有關王清任所創5個逐瘀湯中，下列敘述何者錯誤？
(A)通竅活血湯有老蔥，膈下逐瘀湯有烏藥，身痛逐瘀湯有地龍
(B)組成中有桃仁、紅花者有4個方劑
(C)組成中有蒲黃、五靈脂者有3個方劑
(D)組成中有當歸者有4個方劑",C,103-中醫基礎醫學（二）（包括中醫方劑學、中醫藥物學）.csv,
24,"67 歲女性患者因泌尿道感染服西藥後，小便已正常，但出現呃逆欲嘔現象，來院門診時見其舌苔薄
白，質偏紅但嫩，脈弱微數。最宜下列何者治療？
(A)旋覆花、代赭石、半夏、生薑、大棗、人參、甘草
(B)橘皮、竹茹、生薑、大棗、人參、甘草
(C)丁香、柿蒂、人參、生薑
(D)半夏、陳皮、茯苓、厚朴、人參、紫蘇
代號：3105
頁次：8－4",B,103-中醫基礎醫學（二）（包括中醫方劑學、中醫藥物學）.csv,
25,"56 歲男性患者罹患慢性 B 型肝炎 30 餘年，肝炎反覆發作，近來因失眠而來求診，煩躁心悸，口燥
咽乾，二便可，苔薄白質偏紅，脈細弦帶數。最宜下列何方治療？
(A)天王補心丹 (B)加味逍遙散 (C)一貫煎 (D)酸棗仁湯",D,103-中醫基礎醫學（二）（包括中醫方劑學、中醫藥物學）.csv,
26,"定喘湯的組成藥物包含下列何者？①黃芩、半夏 ②桑葉、白前 ③款冬花、杏仁 ④麻黃、甘草
(A)①②③ (B)①②④ (C)①③④ (D)②③④",C,103-中醫基礎醫學（二）（包括中醫方劑學、中醫藥物學）.csv,
27,"蘇合香丸的功效為何？
(A)芳香開竅，行氣止痛 (B)清熱解毒，熄風安神
(C)清熱開竅，止痙安神 (D)滋陰清熱，開竅定驚",A,103-中醫基礎醫學（二）（包括中醫方劑學、中醫藥物學）.csv,
28,"有關平胃散之敘述，下列何者錯誤？
(A)主治濕滯脾胃之證
(B)具有燥濕運脾胃，行氣利水之作用
(C)以脘腹脹滿，苔白厚膩，脈緩或濡為主證
(D)以生薑、大棗、甘草調和脾胃，以助其健運，為方中使藥",B,103-中醫基礎醫學（二）（包括中醫方劑學、中醫藥物學）.csv,
29,"當歸拈痛湯之主治，下列何者正確？
(A)兩足麻木痿腫痛及足脛濕疹癢痛
(B)骨節煩疼，活動不利，形寒發熱，面目痿黃，小便短赤，舌紅，舌苔黃膩或灰滯
(C)遍身肢節煩痛，腳氣腫痛，腳膝生瘡，舌苔白膩微黃，脈弦數
(D)小便混赤，溺時澀痛，淋漓不暢，甚或癃閉不通，小腹急滿，口燥咽乾，舌苔黃膩，脈滑數",C,103-中醫基礎醫學（二）（包括中醫方劑學、中醫藥物學）.csv,
30,"下列何者為《素問病機氣宜保命集》大秦艽湯的藥物組成之一？①百部 ②獨活 ③白芷 ④白前
(A)①② (B)①③ (C)②③ (D)③④",C,103-中醫基礎醫學（二）（包括中醫方劑學、中醫藥物學）.csv,
31,"有關杏蘇散之敘述，下列何者正確？①本方所治之證，係由於涼燥外襲所造成 ②半夏、茯苓、陳
皮、甘草為藥物組成之一 ③方中白前的主要作用為疏風降氣化痰，以助杏仁、蘇葉輕宣達表化痰
(A)③ (B)①② (C)①③ (D)②③",B,103-中醫基礎醫學（二）（包括中醫方劑學、中醫藥物學）.csv,
32,"有關牽正散之敘述，下列何者正確？①以熱酒調服宣通血脈，引藥入絡，直達病所 ②附子為方中
主要藥物 ③本方所治之證，係由於痰濕阻於經絡所造成
(A)① (B)①② (C)①③ (D)②③",A,103-中醫基礎醫學（二）（包括中醫方劑學、中醫藥物學）.csv,
33,"30歲患者，高燒昏迷10天，經搶救後，醫師於加護病房會診時，其身倦乏力，全身虛脫感，手腳會
有不自主緩緩蠕動，唇紅，口乾不欲飲水，舌絳苔少，脈細弱。最宜下列何方治療？
(A)補陽還五湯 (B)安宮牛黃丸 (C)生脈散 (D)大定風珠",D,103-中醫基礎醫學（二）（包括中醫方劑學、中醫藥物學）.csv,
34,"有關大小陷胸湯之比較，下列敘述何者錯誤？
(A)大陷胸湯治水熱互結之結胸證，小陷胸湯則治痰熱互結之證
(B)二方組成無一藥相同
(C)大陷胸湯以大黃蕩滌邪熱去鬱滯為方中主藥，小陷胸湯則以瓜蔞清肺化痰、寬中散結為主藥
(D)大陷胸湯證，若結胸輕者加瓜蔞去芒硝，裏熱甚者可加黃連",C,103-中醫基礎醫學（二）（包括中醫方劑學、中醫藥物學）.csv,
35,"36歲男性患者，發熱4天，微惡風寒，胸脘煩悶，泄瀉數次，瀉下穢臭糞便，但無膿血，肛門灼熱，
腹痛腸鳴，口渴，舌紅苔黃，脈浮滑數。最宜下列何者？
(A)烏梅、細辛、黃連、乾薑、當歸、附子、蜀椒、桂枝、人參、黃柏
(B)白頭翁、黃連、黃柏、秦皮
(C)芍藥、當歸、黃連、黃芩、木香、檳榔、大黃、官桂、甘草
(D)葛根、黃連、甘草、黃芩
代號：3105
頁次：8－5",D,103-中醫基礎醫學（二）（包括中醫方劑學、中醫藥物學）.csv,
36,"58 歲女性患者，眩暈間斷發作5 年，加重7 日。發作時視物旋轉，頭重如裹，伴胸悶噁心，嘔吐痰
涎，舌苔白膩，脈弦滑，最宜下列何者？
(A)半夏、陳皮、茯苓、竹茹、枳實、炙甘草、大棗、生薑
(B)半夏、陳皮、茯苓、炙甘草、大棗、生薑、天麻、白朮
(C)茯苓、白朮、甘草、桂枝
(D)石決明、山梔、黃芩、川牛膝、杜仲、益母草、桑寄生、夜交藤、茯神、天麻、鉤藤",B,103-中醫基礎醫學（二）（包括中醫方劑學、中醫藥物學）.csv,
37,"有關止嗽散之敘述，下列何者錯誤？
(A)方中紫菀、百部不論新咳久咳均能適用，其性溫而不熱，潤而不寒
(B)肺熱勞嗽不宜使用
(C)方中白前、桔梗均入肺經，一宣一降
(D)組成中有荊芥、陳皮、甘草、杏仁",D,103-中醫基礎醫學（二）（包括中醫方劑學、中醫藥物學）.csv,
38,"有關枳實消痞丸之敘述，下列何者錯誤？
(A)可治脾虛氣滯，寒熱互結之證
(B)以枳實行氣消痞，厚朴下氣除滿
(C)所含四君子湯於方中具補中健脾，祛濕和中為主藥
(D)方中以黃連、半夏、乾薑辛開苦降、調其寒熱",C,103-中醫基礎醫學（二）（包括中醫方劑學、中醫藥物學）.csv,
39,"42 歲女性患者子宮肌瘤過大住院開刀切除，二天後出院，回家飲冷，食慾減退，體重減輕 5 公斤，
來院門診主訴納呆、上腹脹滿不舒，大便稀溏，舌苔膩微黃質淡紅，脈按虛弱。以下列何方治之最
適當？
(A)六君子湯 (B)健脾丸 (C)保和丸 (D)枳朮丸",B,103-中醫基礎醫學（二）（包括中醫方劑學、中醫藥物學）.csv,
40,"在《溫熱經緯》及《內外傷辨惑論》二書中皆有清暑益氣湯，下列相關敘述何者錯誤？
(A)《溫熱經緯》之方乃因夏月感暑，傷津耗氣；《內外傷辨惑論》之方乃因脾胃之氣先虛，復感暑
濕之邪
(B)《內外傷辨惑論》之方偏於溫燥，《溫熱經緯》之方偏於涼潤
(C)二方中皆有麥門冬、黃連、甘草
(D)《溫熱經緯》之方中西洋參益氣生津及西瓜翠衣清熱解暑為主藥；《內外傷辨惑論》之方則以黃
耆、人參、甘草補中益氣為主藥",C,103-中醫基礎醫學（二）（包括中醫方劑學、中醫藥物學）.csv,
41,"下列何者主治濕熱痹證且用於水腫腳氣的治療？
(A)絡石藤 (B)防己 (C)威靈仙 (D)獨活",B,103-中醫基礎醫學（二）（包括中醫方劑學、中醫藥物學）.csv,
42,"對於一般脘腹冷痛，下列何藥並不具有祛寒止痛的效果？
(A)高良薑 (B)胡椒 (C)延胡索 (D)肉桂",C,103-中醫基礎醫學（二）（包括中醫方劑學、中醫藥物學）.csv,
43,"下列何種藥物能發汗解肌，溫經通陽？
(A)艾葉 (B)紫蘇 (C)桂枝 (D)葛根",C,103-中醫基礎醫學（二）（包括中醫方劑學、中醫藥物學）.csv,
44,"小陳患有風寒濕痹證，全身疼痛，痛無定處而呈遊走性，最適宜選用下列何藥治療？
(A)巴戟天 (B)威靈仙 (C)蒼耳子 (D)絡石藤
代號：3105
頁次：8－6",B,103-中醫基礎醫學（二）（包括中醫方劑學、中醫藥物學）.csv,
45,"對於寒積而脘腹脹痛，下列何藥溫經效用最弱？
(A)胡椒 (B)薑黃 (C)鬱金 (D)小茴香",C,103-中醫基礎醫學（二）（包括中醫方劑學、中醫藥物學）.csv,
46,"風濕痹證兼有夜間視物不清、眼目昏澀者，最宜選用下列何藥治療？
(A)夏枯草 (B)牡蠣 (C)蒼朮 (D)麻黃",C,103-中醫基礎醫學（二）（包括中醫方劑學、中醫藥物學）.csv,
47,"海金沙具有何種功效？
(A)通淋排石 (B)鎮靜安神 (C)消脹除滿 (D)祛痰止咳",A,103-中醫基礎醫學（二）（包括中醫方劑學、中醫藥物學）.csv,
48,"治肝氣鬱積，脇痛多怒，久瘧結癖，下列何藥不在此證之用？
(A)蒼朮 (B)青皮 (C)鬱金 (D)莪朮",A,103-中醫基礎醫學（二）（包括中醫方劑學、中醫藥物學）.csv,
49,"夏月感冒，出現頭痛、胸悶、腹痛吐瀉，最宜選用下列何藥？
(A)麻黃 (B)生薑 (C)薄荷 (D)藿香",D,103-中醫基礎醫學（二）（包括中醫方劑學、中醫藥物學）.csv,
50,"患者出現脘腹痞滿，嘔吐泛酸，食慾不振，倦怠乏力，舌苔白膩等症狀，最宜選用下列何藥？
(A)山楂 (B)蒼朮 (C)玫瑰花 (D)淡豆豉",B,103-中醫基礎醫學（二）（包括中醫方劑學、中醫藥物學）.csv,
53,"下列何者能清肝火，散鬱結所致的瘰癧？
(A)黃芩 (B)決明子 (C)夏枯草 (D)梔子
代號：3105
頁次：8－7",C,103-中醫基礎醫學（二）（包括中醫方劑學、中醫藥物學）.csv,
55,"下列何者有清熱解毒涼血之功效，但以解毒利咽散結見長？
(A)荊芥 (B)桔梗 (C)板藍根 (D)玄參",C,103-中醫基礎醫學（二）（包括中醫方劑學、中醫藥物學）.csv,
56,"為使延胡索止痛效果更好，可用下列何種炮製方法？
(A)醋製 (B)泔水浸 (C)麵裹煨 (D)甘草拌蒸",A,103-中醫基礎醫學（二）（包括中醫方劑學、中醫藥物學）.csv,
57,"下列何藥入煎劑，對胃有刺激性，易致噁心嘔吐？
(A)丹參 (B)薑黃 (C)鬱金 (D)乳香",D,103-中醫基礎醫學（二）（包括中醫方劑學、中醫藥物學）.csv,
58,"能滋補肝腎、明目的良藥為何？
(A)苦參子 (B)枸杞子 (C)桑葉 (D)菊花",B,103-中醫基礎醫學（二）（包括中醫方劑學、中醫藥物學）.csv,
59,"下列何者不是鬱金之功用？
(A)血氣諸痛 (B)行氣解鬱 (C)續接筋骨 (D)活血止痛",C,103-中醫基礎醫學（二）（包括中醫方劑學、中醫藥物學）.csv,
60,"白茅根其直接作用機制之敘述，下列何者錯誤？
(A)清肺、胃熱 (B)利小便，除伏熱 (C)衄血、吐血 (D)清暑解渴",C,103-中醫基礎醫學（二）（包括中醫方劑學、中醫藥物學）.csv,
61,"下列何者最為川芎之功效？
(A)破血行氣，消積止痛 (B)活血行氣，祛風止痛
(C)活血止痛，消腫生肌 (D)活血解鬱，清心涼血",B,103-中醫基礎醫學（二）（包括中醫方劑學、中醫藥物學）.csv,
62,"因氣虛而瘡毒內陷者，宜選用何藥治療？
(A)黃耆 (B)人參 (C)升麻 (D)甘草",A,103-中醫基礎醫學（二）（包括中醫方劑學、中醫藥物學）.csv,
63,"下列有關熟地的敘述何者錯誤？
(A)能養血，用於血虛證 (B)能滋陰，用於消渴證
(C)治一切精血虧虛之證 (D)食少便溏者適用之",D,103-中醫基礎醫學（二）（包括中醫方劑學、中醫藥物學）.csv,
64,"下列補陽藥物中，何者兼可潤腸通便？
(A)巴戟天 (B)仙茅 (C)仙靈脾 (D)肉蓯蓉",D,103-中醫基礎醫學（二）（包括中醫方劑學、中醫藥物學）.csv,
65,"下列藥物中，何者補氣健脾，又可燥濕利水，故為治痰飲水腫之良藥？
(A)白朮 (B)茯苓 (C)砂仁 (D)山藥
代號：3105
頁次：8－8",A,103-中醫基礎醫學（二）（包括中醫方劑學、中醫藥物學）.csv,
66,"常用於婦女更年期高血壓證的二仙湯中，下列何者常與仙茅、黃柏、知母、巴戟天等同用？
(A)肉蓯蓉 (B)淫羊藿 (C)桑寄生 (D)狗脊",B,103-中醫基礎醫學（二）（包括中醫方劑學、中醫藥物學）.csv,
67,"有關墨旱蓮與紅旱蓮之敘述，下列何者錯誤？
(A)墨旱蓮為菊科植物鱧腸的地上部分；紅旱蓮為金絲桃科植物湖南連翹的乾燥全草
(B)墨旱蓮味甘、酸，性寒，歸肝、腎經；紅旱蓮味苦，性寒，歸肝、胃經
(C)脾胃虛寒者均慎用
(D)墨旱蓮功能涼血止血、活血調經、清熱解毒；紅旱蓮功能滋補肝腎、涼血止血",D,103-中醫基礎醫學（二）（包括中醫方劑學、中醫藥物學）.csv,
68,"有關半夏的敘述，下列何者錯誤？
(A)用治脾不化濕、痰涎壅滯所致的痰多、咳嗽、氣逆等證
(B)用治胃氣上逆、噁心嘔吐
(C)用治胸脘痞悶、梅核氣，以及癭瘤痰核、癰疽腫毒等
(D)薑半夏長於燥濕，法半夏長於降逆止嘔",D,103-中醫基礎醫學（二）（包括中醫方劑學、中醫藥物學）.csv,
69,"下列開竅藥物中，何者也能用於濕濁中阻，胸脘脹悶？
(A)石菖蒲 (B)蘇合香 (C)冰片 (D)麝香",A,103-中醫基礎醫學（二）（包括中醫方劑學、中醫藥物學）.csv,
70,"治中風口眼喎斜，常與白附子、殭蠶同用為下列何者？
(A)蟬蛻 (B)斑蝥 (C)全蠍 (D)地龍",C,103-中醫基礎醫學（二）（包括中醫方劑學、中醫藥物學）.csv,
71,"下列種子類藥材中，何者可治肝經風熱之青盲雀目？
(A)決明子 (B)沙苑子 (C)牛蒡子 (D)蘇子",A,103-中醫基礎醫學（二）（包括中醫方劑學、中醫藥物學）.csv,
72,"下列何者非為馬勃的適應證？
(A)散肺經風熱 (B)收斂止血 (C)解毒利咽 (D)清熱利濕",D,103-中醫基礎醫學（二）（包括中醫方劑學、中醫藥物學）.csv,
73,"下列藥物中，何者能開竅醒腦，又有抗菌消炎功效，外用常治咽喉腫痛？
(A)石菖蒲 (B)大青葉 (C)冰片 (D)磁石",C,103-中醫基礎醫學（二）（包括中醫方劑學、中醫藥物學）.csv,
74,"下列何者並非烏梅的適應證？
(A)肺實熱咳 (B)蛔厥腹痛 (C)久瀉久痢 (D)虛熱消渴",A,103-中醫基礎醫學（二）（包括中醫方劑學、中醫藥物學）.csv,
75,"下列何種藥物既能湧吐痰飲，又能截瘧，為治瘧要藥？
(A)瓜蒂 (B)膽礬 (C)常山 (D)藜蘆",C,103-中醫基礎醫學（二）（包括中醫方劑學、中醫藥物學）.csv,
76,"下列何藥物有健胃及驅蟲作用？
(A)白鮮皮 (B)苦楝皮 (C)地膚子 (D)檳榔",D,103-中醫基礎醫學（二）（包括中醫方劑學、中醫藥物學）.csv,
77,"下列何藥用以驅絛蟲，乃藉蛋白酶為其有效作用成分？
(A)鶴虱 (B)檳榔 (C)榧子 (D)雷丸",D,103-中醫基礎醫學（二）（包括中醫方劑學、中醫藥物學）.csv,
78,"下列有關雞內金之敘述，何者錯誤？
(A)為雞的肺臟 (B)具有健胃消食之功效
(C)功能澀精止遺 (D)能治療尿路結石",A,103-中醫基礎醫學（二）（包括中醫方劑學、中醫藥物學）.csv,
79,"天花粉的藥用部位，下列何者正確？
(A)花粉 (B)塊根 (C)種子 (D)葉子",B,103-中醫基礎醫學（二）（包括中醫方劑學、中醫藥物學）.csv,
80,"下列何種藥材性狀具有「上端有鸚哥嘴（紅色芽胞），切片發寶光」的特徵？
(A)升麻 (B)天南星 (C)天麻 (D)桔梗",C,103-中醫基礎醫學（二）（包括中醫方劑學、中醫藥物學）.csv,
1,"對今本《黃帝內經》的認識，下列文獻史的敘述何者錯誤？
(A)七篇大論直到唐朝才補入《素問》當中
(B)據研究《黃帝內經》的內容最晚完成部分在東漢，有個別篇章甚至是魏晉時代的作品
(C)今本《靈樞》是依北宋史崧的家藏舊本《靈樞》重新整理而成
(D)《黃帝內經》之名，最早出現於《漢書‧藝文志》當中",C,104-中醫基礎醫學（一）（包括中醫醫學史、中醫基礎理論、內經、難經）.csv,
2,"下列何者並非宋代官方醫書校正專門機構曾經校刊過的歷代典籍？
(A)《素問》 (B)《千金要方》 (C)《難經》 (D)《太素》",C,104-中醫基礎醫學（一）（包括中醫醫學史、中醫基礎理論、內經、難經）.csv,
3,"下列有關錢乙兒科學術思想的敘述，何者錯誤？
(A)小兒生理上「成而未全、全而未壯」 (B)小兒病理上「易虛易實、易熱易燥」
(C)主張治療上以柔潤為原則 (D)從五臟辨證論治",B,104-中醫基礎醫學（一）（包括中醫醫學史、中醫基礎理論、內經、難經）.csv,
4,"有關明朝的針灸學發展情況，下列敘述何者錯誤？
(A)徐鳳編撰《針灸大全》，內容特色以歌賦輯錄針灸學基本理論及治病經驗為主
(B)汪機撰《針灸問對》，全書大量引用《內經》、《難經》中有關針灸的論述，設為問答進行闡發
(C)高武撰《針灸聚英》，並鑄男、女及童子銅人各一座，作為定位標準，為私人鑄造流傳於世之
銅人教具
(D)楊繼洲編撰《針灸大成》，除了精於針灸，亦強調治病當針藥配合並施",C,104-中醫基礎醫學（一）（包括中醫醫學史、中醫基礎理論、內經、難經）.csv,
6,"下列醫家之著作或其論述之敘述何者正確？
(A)《臨證指南醫案》為葉香巖撰寫而成的 (B)《溫病條辨》為吳又可撰寫而成的
(C)薛生白認為濕熱病，乃病在脾胃 (D)葉天士提出「到氣方可透熱轉氣」的辨證綱領",C,104-中醫基礎醫學（一）（包括中醫醫學史、中醫基礎理論、內經、難經）.csv,
7,"關於下列醫家的論述，何者正確？
(A)張元素，是革新派之一，首倡運氣不齊，古今異軌，古方新病，不相能也
(B)張元素，河間人，故稱河間學派，發展臟腑辨證，著《珍珠囊》，藥物講歸經及引經
(C)劉完素亦力主古方不可治今病之說，以為今人體格薄弱，仲景之方宜於古而不於今
(D)朱丹溪主張降心火、益腎水，多用涼劑，稱為「寒涼派」
代號：2101
頁次：8－2",A,104-中醫基礎醫學（一）（包括中醫醫學史、中醫基礎理論、內經、難經）.csv,
8,"下列近代醫家與其傷寒論相關之著作的配對何者正確？
(A)余無言－《傷寒論今釋》 (B)陸淵雷－《傷寒論新義》
(C)唐容川－《六經方證中西通解》 (D)惲鐵樵－《傷寒論評釋》",C,104-中醫基礎醫學（一）（包括中醫醫學史、中醫基礎理論、內經、難經）.csv,
9,"依據《難經‧四十二難》的敘述，「扁廣三寸，長五寸，有散膏半斤」係指何臟？
(A)肝 (B)三焦 (C)脾 (D)腎",C,104-中醫基礎醫學（一）（包括中醫醫學史、中醫基礎理論、內經、難經）.csv,
10,"《難經》中強調上工治未病，見肝之病，則知肝當傳之與脾，故先實其脾氣，這是根據五行中的
那個概念？
(A)相生 (B)相乘 (C)相侮 (D)相當",B,104-中醫基礎醫學（一）（包括中醫醫學史、中醫基礎理論、內經、難經）.csv,
11,"「寒者熱之，熱者寒之」的治療方法，合乎陰陽學說中之何種作用？
(A)陰陽之對立制約 (B)陰陽之互根 (C)陰陽之轉化 (D)陰陽之消長",A,104-中醫基礎醫學（一）（包括中醫醫學史、中醫基礎理論、內經、難經）.csv,
13,"依據《素問‧上古天真論》所述，當男子陽氣衰竭於上，面焦，髮鬢頒白時約出現在下列何種年齡？
(A)40歲 (B)48歲 (C)56歲 (D)64歲",B,104-中醫基礎醫學（一）（包括中醫醫學史、中醫基礎理論、內經、難經）.csv,
14,"依《素問‧上古天真論》，男性幾歲的時候天癸竭，精少？
(A)48歲 (B)56歲 (C)64歲 (D)72歲",C,104-中醫基礎醫學（一）（包括中醫醫學史、中醫基礎理論、內經、難經）.csv,
15,"依《素問‧四氣調神大論》，於四季養生時，依虛者補其母的原理，春季進補對下列何證患者最有
助益？
(A)心陽虛 (B)脾陽虛 (C)肝陰虛 (D)腎陰虛",A,104-中醫基礎醫學（一）（包括中醫醫學史、中醫基礎理論、內經、難經）.csv,
16,"關於津液的敘述，下列何者錯誤？
(A)氣化入於膀胱的濁液稱為尿液
(B)腎可在臟腑通過代謝後的津液中汲取其精微物質，返流於全身，防止精微物質的流失
(C)津液輸布與肝脾腎三臟最有關
(D)津液升降出入輸布於全身的通道是三焦",C,104-中醫基礎醫學（一）（包括中醫醫學史、中醫基礎理論、內經、難經）.csv,
17,"關於氣的生理功能，下列敘述何者錯誤？
(A)氣的推動作用，皆出於經隧，以行血氣，血氣不和，百病乃變化而生矣
(B)氣對臟腑、經絡、皮膚、筋骨等組織器官和血、津液具有溫煦的作用
(C)邪之所湊，其氣必虛
(D)汗液、胃液、腸液屬於津液的領域，與氣的生理不相關
代號：2101
頁次：8－3",D,104-中醫基礎醫學（一）（包括中醫醫學史、中醫基礎理論、內經、難經）.csv,
18,"關於氣與血的關係，下列敘述何者錯誤？
(A)臨床上血虛的病人，較少合併氣虛
(B)氣與血，兩相維附，氣不得血則散而無統，血不得氣則凝而不流
(C)氣能生血，氣旺則化生血的功能強，氣虛則化生血的功能弱
(D)治療血虛病人，補氣藥與補血藥常配合使用，療效較好",A,104-中醫基礎醫學（一）（包括中醫醫學史、中醫基礎理論、內經、難經）.csv,
19,"下列有關中醫藏象學說的敘述何者正確？
(A)津液之府為大腸 (B)中瀆之府為小腸 (C)清淨之府為胃 (D)中精之府為膽",D,104-中醫基礎醫學（一）（包括中醫醫學史、中醫基礎理論、內經、難經）.csv,
20,"據內經對藏象之論述，能「溫分肉，充皮膚，肥腠理，司開合」的是下列何者的作用？
(A)經脈 (B)營氣 (C)志意 (D)衛氣",D,104-中醫基礎醫學（一）（包括中醫醫學史、中醫基礎理論、內經、難經）.csv,
21,"依《難經》之敘述，人在六氣中的陽明，外界氣候變化是轉溫，人體的陰陽消長是陽氣成長，其
旺脈是屬於下類何種？
(A)浮大而短 (B)緊細而微 (C)乍大乍小 (D)洪大而長",A,104-中醫基礎醫學（一）（包括中醫醫學史、中醫基礎理論、內經、難經）.csv,
22,"根據中醫藏象學說，下列敘述何者最正確？
(A)心主血脈，心臟搏動能輸送血液，所以心主要的功能是統血
(B)肺主宣發，肺能將氣向外送到體表，所以與衛氣密切相關
(C)腎主封藏，故《黃帝內經》有言：人動則血運諸經，人臥則血歸於腎
(D)肝主疏泄，係指肝臟負責推動血循以加強解毒作用",B,104-中醫基礎醫學（一）（包括中醫醫學史、中醫基礎理論、內經、難經）.csv,
23,"小李想向女同學告白表示愛意，事先已私下預演多次，可是臨場時腦中突然一片空白，舌頭打結地
說不出話來。根據中醫藏象與氣血津液學說，造成臨場腦中空白、講話結巴的中醫生理機轉，下列
何者最正確？
(A)心氣滯 (B)脾氣虛 (C)肝氣虛 (D)腎氣虛",A,104-中醫基礎醫學（一）（包括中醫醫學史、中醫基礎理論、內經、難經）.csv,
24,"《靈樞‧海論》中關於人體四海的敘述，下列何者最正確？
(A)膻中為宗氣所積，故為氣海
(B)心主血脈，為血氣所匯，故為血海
(C)肺主一身之氣，為百脈所朝，故為十二經之海
(D)衝脈為經脈之海，其氣衝灌腦髓，以司神明，故為髓海",A,104-中醫基礎醫學（一）（包括中醫醫學史、中醫基礎理論、內經、難經）.csv,
25,"依《難經》五臟七神之敘述，下列配對何者錯誤？
(A)肝藏魂 (B)肺藏魄 (C)心藏神 (D)腎藏智",D,104-中醫基礎醫學（一）（包括中醫醫學史、中醫基礎理論、內經、難經）.csv,
26,"下列何者為心的主要藏象生理功能？
(A)司呼吸 (B)主神明 (C)統血 (D)藏血",B,104-中醫基礎醫學（一）（包括中醫醫學史、中醫基礎理論、內經、難經）.csv,
27,"依《素問‧五臟生成篇》所述「痹厥」之發生，是下列何者功能失常所致？
(A)血 (B)精 (C)氣 (D)津液",A,104-中醫基礎醫學（一）（包括中醫醫學史、中醫基礎理論、內經、難經）.csv,
28,"房屋仲介許先生平日工作繁忙，飲食不定時，日前發現右側足緩不收，脛骨區的肌肉萎縮，今日
突然失音不語，依《靈樞‧經脈》所記載，可取下列何經脈之別出的絡穴治療？
(A)光明 (B)列缺 (C)公孫 (D)豐隆
代號：2101
頁次：8－4",D,104-中醫基礎醫學（一）（包括中醫醫學史、中醫基礎理論、內經、難經）.csv,
29,"依據《靈樞‧經脈》所述，「實則支膈，虛則不能言」為下列何者之病候？
(A)手太陰之別 (B)足太陰之別 (C)足陽明之別 (D)手少陰之別",D,104-中醫基礎醫學（一）（包括中醫醫學史、中醫基礎理論、內經、難經）.csv,
30,"依據《靈樞‧經脈》篇，十二經脈之別絡及所屬絡穴之配對，下列何者正確？
(A)足少陰－大鐘 (B)足厥陰－行間 (C)手陽明－列缺 (D)足太陽－崑崙",A,104-中醫基礎醫學（一）（包括中醫醫學史、中醫基礎理論、內經、難經）.csv,
31,"依據《靈樞‧經脈》的描述，手少陰心經有問題時最會出現下列那些臨床表現？
(A)咽痛，頸前方腫，不可以回頭，肩膀和上臂好像被拔折似的不舒服
(B)肺脹滿，喘咳，缺盆中痛
(C)嗌乾，心痛，渴而想喝水
(D)舌根強硬，吃東西會嘔吐，胃脘處疼痛，腹脹，容易噯氣",C,104-中醫基礎醫學（一）（包括中醫醫學史、中醫基礎理論、內經、難經）.csv,
32,"依據《靈樞‧九針十二原》對俞穴的描述，下列何者正確？
(A)所出為滎 (B)所溜為俞 (C)所注為經 (D)所入為合",D,104-中醫基礎醫學（一）（包括中醫醫學史、中醫基礎理論、內經、難經）.csv,
33,"依據《素問‧診要經終論》記載，「舌卷卵上縮」是下列那一經的經氣終竭見症？
(A)太陰 (B)少陰 (C)厥陰 (D)少陽",C,104-中醫基礎醫學（一）（包括中醫醫學史、中醫基礎理論、內經、難經）.csv,
34,"依據《靈樞‧營氣》的描述，有關營氣循行次第，下列敘述何者錯誤？
(A)手太陰肺經→手陽明大腸經 (B)足陽明胃經→手厥陰心包經
(C)足太陰脾經→手少陰心經 (D)足太陽膀胱經→足少陰腎經",B,104-中醫基礎醫學（一）（包括中醫醫學史、中醫基礎理論、內經、難經）.csv,
35,"患者鼠蹊部濕疹，根據《素問‧皮部論》經脈皮部之分部原理，與那一條經絡之關係最密切？
(A)手太陰肺經 (B)足厥陰肝經 (C)足少陽膽經 (D)足太陽膀胱經",B,104-中醫基礎醫學（一）（包括中醫醫學史、中醫基礎理論、內經、難經）.csv,
36,"《靈樞‧根結》記載了六陽經的根、溜、注、入之理論，與五輸穴關係十分密切。關於此理論之特
色敘述下列何者正確？
(A)溜即五輸穴之滎穴 (B)注多是五輸穴之原穴
(C)根即五輸穴之合穴 (D)入之在下者是各經之絡穴",D,104-中醫基礎醫學（一）（包括中醫醫學史、中醫基礎理論、內經、難經）.csv,
37,"依《靈樞‧大惑論》所述，衛氣運行於陽經而不得入於陰，因而不得瞑，下列何者是其從陽經入
陰經的橋樑？
(A)陽維脈 (B)陽蹻脈 (C)衝脈 (D)督脈",B,104-中醫基礎醫學（一）（包括中醫醫學史、中醫基礎理論、內經、難經）.csv,
38,"依據《靈樞‧經脈》所記載，下列有關絡脈的敘述何者正確？
(A)胃中寒，手魚之絡多青 (B)諸刺絡脈者，必刺其關上
(C)諸絡脈必行大節之間 (D)絡脈之虛實以氣口知之",A,104-中醫基礎醫學（一）（包括中醫醫學史、中醫基礎理論、內經、難經）.csv,
39,"依據《靈樞‧動輸》記載，足少陰經脈因下列何者而獨動不休？
(A)督脈 (B)衝脈 (C)足太陽膀胱經 (D)足少陽膽經",B,104-中醫基礎醫學（一）（包括中醫醫學史、中醫基礎理論、內經、難經）.csv,
40,"依據《靈樞‧經脈》所述，下列何經脈之循行未入耳中？
(A)腎足少陰之脈 (B)小腸手太陽之脈 (C)三焦手少陽之脈 (D)膽足少陽之脈
代號：2101
頁次：8－5",A,104-中醫基礎醫學（一）（包括中醫醫學史、中醫基礎理論、內經、難經）.csv,
41,"依據《靈樞‧經脈》所述，關於脾經循行與相關病候下列何者錯誤？
(A)起於大趾之端，循趾內側白肉際，過核骨後，上內踝前廉，上踹內，循脛骨後，交出厥陰之前
(B)其支者，復從脾，別上膈、注心中
(C)是動則病舌本強，食則嘔，胃脘痛，腹脹，善噫
(D)是主脾所生病者，舌本痛，體不能動搖，黃疸，不能臥，強立股膝內腫厥，足大趾不用",B,104-中醫基礎醫學（一）（包括中醫醫學史、中醫基礎理論、內經、難經）.csv,
42,"依據《靈樞‧經脈》所述，脊痛、腰似折為下列何經脈之病候？
(A)胃足陽明之脈 (B)膽足少陽之脈 (C)膀胱足太陽之脈 (D)腎足少陰之脈",C,104-中醫基礎醫學（一）（包括中醫醫學史、中醫基礎理論、內經、難經）.csv,
43,"小威因為最近膽囊結石而產生疼痛的症狀，臨床醫師幫他針刺足少陽膽經的日月穴後，突然感覺從
針刺部位有氣感流向臍腹部。從經脈交會的角度來評估，這種氣感最可能隸屬下列那一條經絡？
(A)足太陰脾經 (B)足陽明胃經 (C)足厥陰肝經 (D)足太陽膀胱經",A,104-中醫基礎醫學（一）（包括中醫醫學史、中醫基礎理論、內經、難經）.csv,
44,"小寶打籃球爭搶時扭傷，左腳外踝部腫脹疼痛延伸至小腿外側。從部位來看，此病症應該與下列
那條經絡最有關？
(A)足陽明胃經 (B)足厥陰肝經 (C)足太陽膀胱經 (D)足少陽膽經",D,104-中醫基礎醫學（一）（包括中醫醫學史、中醫基礎理論、內經、難經）.csv,
45,"某50歲男性患者長期勞累，最近出現右下肢內踝上4寸，沿腓腸肌內側緣上行至膝內側緣常常感到
疼痛，經神經學檢查並無其它明顯病變。醫師依據《靈樞‧經脈篇》中經脈循行辨證，宜以下列何
經治療之？
(A)足太陰經 (B)足少陰經 (C)足陽明經 (D)足厥陰經",B,104-中醫基礎醫學（一）（包括中醫醫學史、中醫基礎理論、內經、難經）.csv,
46,"中醫有「頭為諸陽之會」之說法，臨床上欲取列缺、湧泉治療頭面疾患，主要是基於下列何者的溝
通和聯繫？
(A)經脈 (B)絡脈 (C)經筋 (D)經別",D,104-中醫基礎醫學（一）（包括中醫醫學史、中醫基礎理論、內經、難經）.csv,
47,"關於五藏卒痛的病因病機，下列何者最正確？
(A)因濕氣入經 (B)氣血運行稽遲，泣而不行
(C)邪氣客於脈外則氣急 (D)邪氣客於脈中則衄血",B,104-中醫基礎醫學（一）（包括中醫醫學史、中醫基礎理論、內經、難經）.csv,
48,"關於六淫中的暑邪，下列敘述何者正確？
(A)暑邪易耗氣傷津 (B)暑性乾澀
(C)暑邪性質趨下 (D)暑為陽邪，易損傷陽氣",A,104-中醫基礎醫學（一）（包括中醫醫學史、中醫基礎理論、內經、難經）.csv,
49,"依《素問‧調經論篇》，下列有關外感和內傷之敘述，何者錯誤？
(A)寒飲食入胃，使肺胃受損，陽氣傷則血行澀滯而氣血不足，故為虛證
(B)怒則氣上，陰氣虛於下，故為虛症
(C)風雨寒濕傷人體表，使營衛氣不足於肌膚而為虛
(D)風雨寒濕傷人體表，與氣血并於分腠而為實",B,104-中醫基礎醫學（一）（包括中醫醫學史、中醫基礎理論、內經、難經）.csv,
50,"阿亮與阿光至奇萊山登山露營，恰逢山上風雪交加，起床後，阿光整個右臉感到疼痛如針刺，阿亮
則雙腳覺得異常冰冷，下列相關敘述何者最正確？
(A)阿光及阿亮的症狀可能是因為臥出而吹風所引發的
(B)阿光的症狀可能是因為氣血凝滯於「皮膚」，而為「麻」
(C)阿亮的症狀可能是因為氣血凝滯於「足」，而為「痹」
(D)阿亮的症狀可能是因為氣血凝滯於「脈」，而為「痹」
代號：2101
頁次：8－6",A,104-中醫基礎醫學（一）（包括中醫醫學史、中醫基礎理論、內經、難經）.csv,
51,"《素問•六元正紀大論》所述「濕勝則濡泄，甚則水閉胕腫」，其病機與濕邪的那個特性無關？
(A)濕性重濁 (B)濕性凝滯
(C)濕性趨下，易襲陰位 (D)濕為陰邪，阻遏氣機，易損傷陽氣",B,104-中醫基礎醫學（一）（包括中醫醫學史、中醫基礎理論、內經、難經）.csv,
52,"下列有關胃腑病機的敘述，正確的有幾項？①胃寒則腐熟水榖功能減退，而致納呆食少 ②胃熱則
腐熟水榖功能亢進，出現胃中嘈雜 ③胃陰虛則腐熟水榖功能衰退，可見不思飲食 ④胃氣虛則腐
熟水榖功能減退，而致納呆食少
(A)1 (B)2 (C)3 (D)4",D,104-中醫基礎醫學（一）（包括中醫醫學史、中醫基礎理論、內經、難經）.csv,
53,"氣虛導致血溢脈外之病理變化符合下列那一種病機？
(A)氣滯血瘀 (B)氣不攝血 (C)氣隨血脫 (D)氣血兩燔",B,104-中醫基礎醫學（一）（包括中醫醫學史、中醫基礎理論、內經、難經）.csv,
54,"根據《素問‧調經論》對病因之分類，其中「生於陽者」，下列病因何者正確？
(A)飲食 (B)居處 (C)喜怒 (D)寒暑",D,104-中醫基礎醫學（一）（包括中醫醫學史、中醫基礎理論、內經、難經）.csv,
55,"依《素問‧熱論》，傷寒傳巨陽經脈出現之症狀為何？
(A)頭項痛 (B)胸脇痛而耳聾 (C)腹滿而嗌乾 (D)煩滿而囊縮",A,104-中醫基礎醫學（一）（包括中醫醫學史、中醫基礎理論、內經、難經）.csv,
56,"依《素問‧舉痛論》所記載，很多的疾病都是由於氣機失調而產生的，下列敘述何者錯誤？
(A)情志喜樂，便使氣機弛緩 (B)天氣炎熱，易使陽氣外泄
(C)勞倦過甚，容易志氣消沉 (D)思慮過度，容易氣結不舒",C,104-中醫基礎醫學（一）（包括中醫醫學史、中醫基礎理論、內經、難經）.csv,
57,"《素問‧調經論》對於有餘與不足之論述，下列何者錯誤？
(A)神有餘則笑不休 (B)氣有餘則喘咳上氣 (C)形有餘則腹脹 (D)血有餘則飱泄",D,104-中醫基礎醫學（一）（包括中醫醫學史、中醫基礎理論、內經、難經）.csv,
58,"依《素問‧舉痛論》，下列會明顯造成氣的消耗有幾項？①炅 ②怒 ③悲 ④勞
(A)1 (B)2 (C)3 (D)4",C,104-中醫基礎醫學（一）（包括中醫醫學史、中醫基礎理論、內經、難經）.csv,
59,"王先生應酬返家後出現嚴重嘔吐酸水、腹瀉且伴有裏急後重的症狀，依《素問‧至真要大論》所記載
病機分析，下列何者最正確？
(A)病性屬於濕 (B)病性屬於虛 (C)病性屬於寒 (D)病性屬於熱",D,104-中醫基礎醫學（一）（包括中醫醫學史、中醫基礎理論、內經、難經）.csv,
60,"患者外感寒邪，發熱多日，食欲差，身體消瘦，脈弦強，下列何者錯誤？
(A)脈弦強表示邪氣亢盛 (B)患者脈與證不符
(C)若食欲增加，病情將好轉 (D)可用瀉法治療",D,104-中醫基礎醫學（一）（包括中醫醫學史、中醫基礎理論、內經、難經）.csv,
61,"有關於「水腫」之病因病機論述，下列何者最正確？
(A)三焦不瀉，津液不化、水榖并行腸胃之中，別於迴腸，留於下焦，不得滲膀胱則下焦脹，水溢則
為水脹
(B)腎汗出逢於風，內入於臟腑，外越於皮膚，行於皮外，傳為胕腫
(C)水病本在於脾，末在於肺，皆積水也
(D)心者胃之關也，關門不利，故聚水而從其類
代號：2101
頁次：8－7",A,104-中醫基礎醫學（一）（包括中醫醫學史、中醫基礎理論、內經、難經）.csv,
62,"張先生於元旦騎車上合歡山跨年，出現全身關節僵硬、肌肉緊繃現象，有關其病因之敘述下列何者
最正確？
(A)寒傷陽氣 (B)風善行而數變 (C)濕性黏滯 (D)寒則氣收",D,104-中醫基礎醫學（一）（包括中醫醫學史、中醫基礎理論、內經、難經）.csv,
63,"《素問‧熱論》所載之兩感於寒，為兩條經絡受病邪侵犯，下列敘述何者錯誤？
(A)邪盛正虛之表現 (B)太陽陽明俱病 (C)陽明太陰俱病 (D)病情較重",B,104-中醫基礎醫學（一）（包括中醫醫學史、中醫基礎理論、內經、難經）.csv,
64,"臨床上病患出現熱從胸背上至頭，汗出，口乾苦，目下腫，身重難以行，月事不來，不能仰臥。
依《素問‧評熱病論篇》所記載，下列何者正確？
(A)也會出現煩而不能解大便的問題 (B)為更年期問題
(C)為風水 (D)為針刺後，較好的預後變化",C,104-中醫基礎醫學（一）（包括中醫醫學史、中醫基礎理論、內經、難經）.csv,
65,"根據《素問‧奇病論》，下列何者並非引起「消渴」的病機？
(A)五味入口，藏於胃，肝為之行其精氣，津液在肺，故令人口甘
(B)此人必數食甘美而多肥者
(C)多食肥者令人內熱
(D)多食甘者令人中滿",A,104-中醫基礎醫學（一）（包括中醫醫學史、中醫基礎理論、內經、難經）.csv,
66,"有關《素問‧舉痛論》之病機敘述，下列何者錯誤？
(A)拒按之病機為寒熱相搏，留而不行，則邪實於經，故脈滿而痛，不可按之
(B)喜按之病機為寒氣客於腸胃之間，膜原之下，血不得散，小絡急引，按之則血氣散
(C)按之對痛無太大影響之病機為寒氣客於俠脊之脈，則深按之不能及于內藏
(D)按之痛止之病機為按之則寒氣至，血氣停滯而痛止",D,104-中醫基礎醫學（一）（包括中醫醫學史、中醫基礎理論、內經、難經）.csv,
67,"風者，善行而數變，風之傷人也，其病各異，若身體受風邪侵犯後，轉為寒化，而非化熱，會出現
下列何種症狀？
(A)飲食減少 (B)鼻柱壞 (C)目黃 (D)癰",A,104-中醫基礎醫學（一）（包括中醫醫學史、中醫基礎理論、內經、難經）.csv,
68,"病人表現為烘熱、盜汗、五心煩熱、口乾舌燥、脈細數，應屬下列何證？
(A)陽虛 (B)陰虛 (C)陰陽俱衰 (D)陰盛",B,104-中醫基礎醫學（一）（包括中醫醫學史、中醫基礎理論、內經、難經）.csv,
69,"炎炎夏日，在冷氣房中吃冰涼西瓜引發咳嗽，日久不癒，關於其病機之敘述下列何者最不適當？
(A)時值夏日，心先受邪，傳之與肺 (B)冷氣為寒邪，由皮毛入肺
(C)寒飲食入胃，循肺脈上入於肺中 (D)屬內外合邪所致之咳嗽",A,104-中醫基礎醫學（一）（包括中醫醫學史、中醫基礎理論、內經、難經）.csv,
70,"對於脹的症狀表現，依《靈樞‧脹論》所描述，在五臟六腑的表現，下列何者正確？
(A)大腸脹的症狀，臨床上會出現少腹脹，引及腰部作痛
(B)五臟會有脹的症狀表現，六腑不會有脹的症狀表現
(C)腎脹的症狀，臨床上會出現腹中脹滿，牽引背部不舒
(D)肺脹的症狀，臨床上會出現鼻中嗅到焦的氣味而妨礙飲食",C,104-中醫基礎醫學（一）（包括中醫醫學史、中醫基礎理論、內經、難經）.csv,
71,"45 歲女性在會計事務所上班，長期加班，一月底外感咳嗽持續未癒，至五月底報稅完後，咽燥口渴，咳而哮
鳴聲，唾涎沫不止，脈細數，有關其病名及病機之敘述，下列何者最正確？
(A)肺痿 (B)懸飲 (C)寒飲在胃 (D)寒飲在肺
代號：2101
頁次：8－8",A,104-中醫基礎醫學（一）（包括中醫醫學史、中醫基礎理論、內經、難經）.csv,
72,"依《靈樞‧癰疽》，關於「癰」與「疽」的敘述，下列何者正確？
(A)癰易下陷肌膚 (B)疽不傷五臟 (C)癰不傷骨髓 (D)疽之皮薄而澤",C,104-中醫基礎醫學（一）（包括中醫醫學史、中醫基礎理論、內經、難經）.csv,
73,"50 歲男性夏天喝冷飲且大啖西瓜後，出門時遇及時雷陣雨，淋雨之後隔日吃不下，嘔吐胃痛，無腹
瀉，背脊重痛，有關其病機診斷之敘述，下列何者較正確？
(A)寒濕困脾 (B)痹客於六府 (C)痹客於脾 (D)濕阻三焦",B,104-中醫基礎醫學（一）（包括中醫醫學史、中醫基礎理論、內經、難經）.csv,
74,"在《素問‧痹論》有關營氣與衛氣之功能敘述，下列何者錯誤？
(A)衛者，其氣慓疾滑利，故循皮膚之中，分肉之間
(B)營者，和調於五藏，灑陳於六府，入於脈也
(C)營者，水穀之精氣，循脈上下，而貫五藏六府
(D)衛者，入於十二經脈內，熏於肓膜，散於胸腹",D,104-中醫基礎醫學（一）（包括中醫醫學史、中醫基礎理論、內經、難經）.csv,
75,"80歲老先生，三個月前因急性心肌梗塞做完心導管放支架，自此之後動則汗易出。某日汗出遇風後，
骨節疼痛，惡風，面目及足皆水腫，有關其診斷之敘述，下列何者較正確？
(A)風水 (B)皮水 (C)腎水 (D)心水",A,104-中醫基礎醫學（一）（包括中醫醫學史、中醫基礎理論、內經、難經）.csv,
76,"根據《素問‧靈蘭秘典論》，下列敘述何者錯誤？
(A)脾胃者倉廩之官 (B)腎者受盛之官 (C)膀胱者州都之官 (D)三焦者決瀆之官",B,104-中醫基礎醫學（一）（包括中醫醫學史、中醫基礎理論、內經、難經）.csv,
77,"根據《內經》關於環境病因侵入人體組織之順序，下列敘述何者正確？
(A)皮膚→腠理→絡脈→經 (B)皮膚→絡脈→經→腠理
(C)絡脈→皮膚→腠理→經 (D)絡脈→經→皮膚→腠理",A,104-中醫基礎醫學（一）（包括中醫醫學史、中醫基礎理論、內經、難經）.csv,
78,"據《難經》所論五臟之積，若病狀：起臍上，大如臂，上至心下，則為何臟之積？
(A)肺 (B)脾 (C)心 (D)肝",C,104-中醫基礎醫學（一）（包括中醫醫學史、中醫基礎理論、內經、難經）.csv,
79,"蔡先生因為操勞過度，睡眠少，導致氣逆昏厥之病症，最可能為下列何病症？
(A)大厥 (B)薄厥 (C)煎厥 (D)尸厥",C,104-中醫基礎醫學（一）（包括中醫醫學史、中醫基礎理論、內經、難經）.csv,
80,"關於「積聚」之論述，下列何者正確？
(A)諸無形而留止不定者為「積」，諸有形而堅著不移者為「聚」
(B)有形者為「瘕」，無形者為「癥」
(C)有腸覃者，寒氣客於腸外，月事不以時下
(D)有石瘕生於胞中，因寒氣客於子門，惡血留止，狀如懷子",D,104-中醫基礎醫學（一）（包括中醫醫學史、中醫基礎理論、內經、難經）.csv,
1,"關於《閻氏小兒方論》升麻葛根湯之敘述，下列何者最不適宜？
(A)組成為升麻、乾葛、芍藥、甘草 (B)本方原治痘診，今多用於麻疹初起
(C)本方有解肌透疹之功用 (D)可用治麻疹且疹點透達順暢者",D,104-中醫基礎醫學（二）（包括中醫方劑學、中醫藥物學）.csv,
2,"關於《傷寒六書》再造散之功用，下列何者最適宜？
(A)疏風解表，清肺泄熱 (B)助陽益氣，發汗解表
(C)養血解表 (D)發汗祛濕",B,104-中醫基礎醫學（二）（包括中醫方劑學、中醫藥物學）.csv,
3,"關於溫下類方劑之敘述，下列何者最不適宜？
(A)《金匱要略》大黃附子湯適合裏寒積滯較甚者
(B)《備急千金要方》溫脾湯兼能益氣，適合久利氣虛者
(C)《金匱要略》三物備急丸力猛效捷，為急下寒積之峻劑
(D)源出《傷寒論》之三物白散，峻下攻積之力更勝三物備急丸",D,104-中醫基礎醫學（二）（包括中醫方劑學、中醫藥物學）.csv,
4,"下列何者為《金匱要略》大黃附子湯之組成藥物？
(A)甘草 (B)厚朴 (C)細辛 (D)乾薑",C,104-中醫基礎醫學（二）（包括中醫方劑學、中醫藥物學）.csv,
5,"患者證見頭痛，惡寒漸輕，身熱增盛，無汗，目疼，眼眶痛，鼻乾，心煩眠差，其脈浮微洪者。
使用下列何方劑最適當？
(A)柴葛解肌湯 (B)柴胡桂枝湯 (C)加味香蘇散 (D)再造散",A,104-中醫基礎醫學（二）（包括中醫方劑學、中醫藥物學）.csv,
6,"下列何者非《醫學心悟》加味香蘇散之組成藥物？
(A)木香 (B)荊芥 (C)秦艽 (D)蔓荊子",A,104-中醫基礎醫學（二）（包括中醫方劑學、中醫藥物學）.csv,
7,"關於《景岳全書》濟川煎組成之敘述，下列何者最不適宜？
(A)大黃蕩滌腸胃，推陳致新，是為君藥 (B)當歸養血和血，潤腸通便，是為臣藥
(C)澤瀉滲利小便而泄腎濁，是為佐藥 (D)升麻升清陽則濁陰自降，是為使藥
代號：3101
頁次：8－2",A,104-中醫基礎醫學（二）（包括中醫方劑學、中醫藥物學）.csv,
8,"下列各項敘述何者錯誤？
(A)參苓白朮散主治脾虛夾濕證
(B)歸脾湯是以益氣補血，健脾養心為組方依據
(C)玉屏風散主治之汗證，夜臥尤甚
(D)當歸補血湯主治證之脈象為洪大而虛，重按無力",C,104-中醫基礎醫學（二）（包括中醫方劑學、中醫藥物學）.csv,
9,"下列何方兼具有清熱、消腫及活血之功能？
(A)清胃散 (B)青蒿鱉甲湯 (C)仙方活命飲 (D)普濟消毒飲",C,104-中醫基礎醫學（二）（包括中醫方劑學、中醫藥物學）.csv,
10,"河間地黃飲子主治瘖痱證，下列敘述何者錯誤？
(A)證見舌強不能言，足廢不能用，口乾不欲飲，脈沉細弱
(B)治法為補養下元，攝納浮陽，佐以開竅化痰，宣通心氣
(C)其組成含生脈飲之組成藥物
(D)方中熟地、山茱萸滋補腎陰；肉蓯蓉、巴戟天溫壯腎陽，共為主藥",C,104-中醫基礎醫學（二）（包括中醫方劑學、中醫藥物學）.csv,
11,"下列方劑之敘述何者正確？
(A)百合固金湯有益氣清肺，止咳定喘之功。主治肺腎兩虛，痰熱內蘊，氣逆不降
(B)參苓白朮散為治療肝脾不和之方
(C)生脈散為治療衛陽不固自汗之方
(D)玉屏風散去白朮、加枳殼，可治療利後裏急後重",D,104-中醫基礎醫學（二）（包括中醫方劑學、中醫藥物學）.csv,
12,"下列何者不宜使用炙甘草湯？
(A)腹瀉下痢 (B)痰中帶血 (C)自汗盜汗 (D)氣短失眠",A,104-中醫基礎醫學（二）（包括中醫方劑學、中醫藥物學）.csv,
13,"下列敘述正確的有幾項？①《丹溪心法》大補陰丸以滋陰降火為組方依據 ②知母、黃柏是《丹溪
心法》大補陰丸與《醫宗金鑑》知柏八味丸共同的組成藥物 ③《丹溪心法》大補陰丸可治陰虛火旺
之骨蒸潮熱、咳嗽咯血 ④《丹溪心法》大補陰丸主治患者的尺脈細數無力
(A)1 (B)2 (C)3 (D)4",C,104-中醫基礎醫學（二）（包括中醫方劑學、中醫藥物學）.csv,
14,"35歲職業婦女平素常熬夜，因節食而形體消瘦，月經已持續下血、淋漓不斷一月有餘，經血色深紅、
質黏稠，舌紅脈弦數。治療可用下列何方較適當？
(A)《濟生方》歸脾湯 (B)《醫學入門》固經丸
(C)《醫學衷中參西錄》固衝湯 (D)《傅青主女科》易黃湯",B,104-中醫基礎醫學（二）（包括中醫方劑學、中醫藥物學）.csv,
15,"有關大、小柴胡湯的敘述，下列何者錯誤？
(A)大柴胡湯能調和膽、胃，臨床可用於急性膽囊炎
(B)大柴胡湯可用於少陽、陽明合病
(C)婦人傷寒，熱入血室，可用小柴胡湯
(D)兩者組成皆有白芍，用以疏肝、調肝
代號：3101
頁次：8－3",D,104-中醫基礎醫學（二）（包括中醫方劑學、中醫藥物學）.csv,
16,"30歲女性自述兩週前開始發燒，多在夜間與午後發熱，且每天半夜都會出汗而醒來，自覺身熱併骨節
痠痛，兩週以來體重減輕 2 公斤，精神疲倦，唇紅乾但不欲飲水，舌紅少苔，脈細數。最宜選用下列
何方治療？
(A)《小兒藥證直訣》導赤散 (B)《衛生寶鑑》秦艽鱉甲散
(C)《醫宗金鑑》五味消毒飲 (D)《景岳全書》玉女煎",B,104-中醫基礎醫學（二）（包括中醫方劑學、中醫藥物學）.csv,
17,"下列有幾項是《傷寒論》半夏瀉心湯的組成藥物？①黃芩 ②黃連 ③乾薑 ④大棗
(A)1 (B)2 (C)3 (D)4",D,104-中醫基礎醫學（二）（包括中醫方劑學、中醫藥物學）.csv,
18,"下列有幾項是四逆散的組成藥物？①枳實 ②乾薑 ③炙甘草 ④白朮
(A)1 (B)2 (C)3 (D)4",B,104-中醫基礎醫學（二）（包括中醫方劑學、中醫藥物學）.csv,
19,"下列何方主治腎虛濕熱下注之證？
(A)《傅青主女科》易黃湯 (B)《醫學衷中參西錄》固衝湯
(C)《傅青主女科》完帶湯 (D)《丹溪心法》固經丸",A,104-中醫基礎醫學（二）（包括中醫方劑學、中醫藥物學）.csv,
20,"天台烏藥散可治療寒氣侵入下列何經脈之證？
(A)腎 (B)肝 (C)膀胱 (D)小腸",B,104-中醫基礎醫學（二）（包括中醫方劑學、中醫藥物學）.csv,
21,"某58歲男性，經常出汗，夜臥更甚3年，伴心悸驚惕、氣短煩倦半年，舌淡紅，脈細弱，最宜使用
下列何方藥？
(A)玄參、麥門冬、生地 (B)牡蠣、黃耆、麻黃根、浮小麥
(C)桂枝、芍藥、生薑、大棗、甘草 (D)黃耆、防風、白朮",B,104-中醫基礎醫學（二）（包括中醫方劑學、中醫藥物學）.csv,
22,"《丹溪心法》所載之越鞠丸為何種劑型？
(A)蜜丸 (B)水泛丸 (C)糊丸 (D)濃縮丸",B,104-中醫基礎醫學（二）（包括中醫方劑學、中醫藥物學）.csv,
23,"下列何者為血府逐瘀湯、身痛逐瘀湯、膈下逐瘀湯共有之藥物？
(A)赤芍 (B)紅花 (C)五靈脂 (D)元胡",B,104-中醫基礎醫學（二）（包括中醫方劑學、中醫藥物學）.csv,
24,"關於生化湯之主治敘述，下列何者錯誤？
(A)產後血虛受寒 (B)產後血熱有瘀 (C)惡露不行 (D)小腹冷痛",B,104-中醫基礎醫學（二）（包括中醫方劑學、中醫藥物學）.csv,
25,"關於暖肝煎之敘述，下列有幾項正確？①本方功用為溫肝散寒，行氣止痛 ②方中肉桂、香附溫腎
散寒 ③與橘核丸皆治寒疝疼痛 ④與天台烏藥散比較，本方行氣散寒力較大
(A)1 (B)2 (C)3 (D)4",B,104-中醫基礎醫學（二）（包括中醫方劑學、中醫藥物學）.csv,
26,"以下方劑組成含人參的有幾項？①《症因脈治》丁香杮蒂湯 ②《金匱要略》橘皮竹茹湯 ③《濟生
方》四磨湯 ④《景岳全書》暖肝煎
(A)1 (B)2 (C)3 (D)4",C,104-中醫基礎醫學（二）（包括中醫方劑學、中醫藥物學）.csv,
27,"某28歲女性因解尿不順暢就診，證見小便量少短赤，自覺發熱，口渴，心煩不寐，舌質紅苔微黃，
脈細數，宜何方治之？
(A)二妙散 (B)豬苓湯 (C)五苓散 (D)茵陳蒿湯
代號：3101
頁次：8－4",B,104-中醫基礎醫學（二）（包括中醫方劑學、中醫藥物學）.csv,
28,"《明醫指掌》四苓散功專滲濕利水，即五苓散減去何藥？
(A)白朮 (B)桂枝 (C)豬苓 (D)澤瀉",B,104-中醫基礎醫學（二）（包括中醫方劑學、中醫藥物學）.csv,
29,"麥門冬湯的組成中，下列何者善降肺、胃虛逆之氣，且又使麥門冬滋而不膩？
(A)人參 (B)橘皮 (C)甘草 (D)半夏",D,104-中醫基礎醫學（二）（包括中醫方劑學、中醫藥物學）.csv,
30,"鎮肝熄風湯與天麻鈎藤飲的組成中，下列何藥兩方皆有？
(A)芍藥 (B)牡蠣 (C)石決明 (D)牛膝",D,104-中醫基礎醫學（二）（包括中醫方劑學、中醫藥物學）.csv,
31,"76 歲老伯伯來診，主訴最近數月小便頻數，混濁不清，像是淘米水，有時甚至像滑精一般，其舌淡
苔白膩，脈沉，治宜下列何方？
(A)萆薢分清飲（《醫學心悟》） (B)金鎖固精丸
(C)萆薢分清飲（《丹溪心法》） (D)桑螵蛸散",C,104-中醫基礎醫學（二）（包括中醫方劑學、中醫藥物學）.csv,
32,"有關五積散之敘述，下列何者錯誤？
(A)以乾薑、肉桂溫裏祛寒 (B)以當歸、川芎、白芍活血止痛
(C)以蒼朮、厚朴、陳皮燥濕健脾 (D)以桔梗、枳殼、青皮開胸行氣",D,104-中醫基礎醫學（二）（包括中醫方劑學、中醫藥物學）.csv,
33,"組成為茯神、夜交藤、桑寄生、益母草、杜仲、川牛膝、黃芩、山梔、石決明、鈎藤、天麻之方劑，
其敘述下列何者正確？
(A)舌絳無苔之陰虛風動證適合應用本方 (B)煎煮時鈎藤須先煎
(C)主治肝陽偏亢，肝熱肝風上擾證 (D)以高熱煩燥、手足抽搐、舌絳、脈弦數為主證",C,104-中醫基礎醫學（二）（包括中醫方劑學、中醫藥物學）.csv,
34,"下列有關當歸拈痛湯的組成，正確的有幾組？①茵陳、羌活 ②人參、知母 ③豬苓、澤瀉
④蒼朮、苦參 ⑤防風、葛根
(A)2 (B)3 (C)4 (D)5",D,104-中醫基礎醫學（二）（包括中醫方劑學、中醫藥物學）.csv,
35,"濕熱痹證，證見骨節煩疼，小便短赤，舌苔黃膩者，以下列何方治之？
(A)拈痛湯 (B)蠶矢湯 (C)連朴飲 (D)宣痹湯",D,104-中醫基礎醫學（二）（包括中醫方劑學、中醫藥物學）.csv,
36,"50歲男性來到門診，主訴右上腹痛已3天，期間自覺畏寒發熱，交替發作，心煩，噁心嘔吐，口苦咽
乾，頭暈目眩，便秘，舌紅苔黃膩，切診發現右上腹壓痛明顯、脈弦滑有力。最宜下列何方治療？
(A)《傷寒論》小柴胡湯 (B)《傷寒論》大柴胡湯
(C)《傷寒論》柴胡加芒硝湯 (D)《重訂通俗傷寒論》蒿芩清膽湯",B,104-中醫基礎醫學（二）（包括中醫方劑學、中醫藥物學）.csv,
37,"有關清金化痰丸之組成，下列何者正確？
(A)瓜蔞、桔梗、麥冬、桑白皮、黃芩、蘇子、桑葉、茯苓、橘紅、甘草、貝母
(B)貝母、桔梗、瓜蔞、黃芩、麥冬、梔子、桑白皮、茯苓、桑葉、甘草、橘紅
(C)瓜蔞、貝母、蘇子、黃芩、麥冬、桑葉、梔子、茯苓、桔梗、橘紅、甘草
(D)桔梗、瓜蔞、貝母、黃芩、梔子、桑白皮、麥冬、知母、橘紅、茯苓、甘草
代號：3101
頁次：8－5",D,104-中醫基礎醫學（二）（包括中醫方劑學、中醫藥物學）.csv,
38,"50歲女性，停經一年，長期服用降血壓西藥，主訴頭暈目眩一週，BP: 140/85 mmHg，胸悶嘔噁，
偶發潮熱，無心悸感，口不乾苦，二便正常，舌苔白膩，脈弦滑。最宜下列何方治療？
(A)《雜病證治新義》天麻鈎藤飲 (B)《金匱要略》苓桂朮甘湯
(C)《傷寒論》小柴胡湯 (D)《醫學心悟》半夏白朮天麻湯",D,104-中醫基礎醫學（二）（包括中醫方劑學、中醫藥物學）.csv,
39,"下列何者為枳朮丸之組成？
(A)枳實、白朮 (B)枳實、白朮、荷葉
(C)枳實、白朮、荷葉、神麴 (D)枳實、白朮、荷葉、神麴、山楂",B,104-中醫基礎醫學（二）（包括中醫方劑學、中醫藥物學）.csv,
40,"有關滌痰湯之組成，下列何者正確？
(A)半夏、茯苓、陳皮、枳實、竹茹、甘草
(B)半夏、茯苓、陳皮、枳實、竹茹、甘草、生薑、膽南星
(C)半夏、茯苓、陳皮、枳實、竹茹、甘草、生薑、大棗、膽南星
(D)半夏、茯苓、陳皮、枳實、竹茹、甘草、生薑、大棗、膽南星、人參、菖蒲",D,104-中醫基礎醫學（二）（包括中醫方劑學、中醫藥物學）.csv,
41,"下列祛風濕藥何者也可用於小兒疳熱的治療？
(A)威靈仙 (B)獨活 (C)五加皮 (D)秦艽",D,104-中醫基礎醫學（二）（包括中醫方劑學、中醫藥物學）.csv,
42,"生薑用於胃熱嘔吐時，常配伍下列何組藥？
(A)黃連、竹茹 (B)半夏、藿香 (C)黃柏、梔子 (D)龍膽草、黃柏",A,104-中醫基礎醫學（二）（包括中醫方劑學、中醫藥物學）.csv,
43,"下列何藥用於傷寒邪在少陽，寒熱往來、胸脇苦滿、口苦、咽乾、目眩等證。其性味苦、辛，微寒。
功效為和解退熱，疏肝解鬱，升舉陽氣？
(A)菊花 (B)黃芩 (C)升麻 (D)柴胡",D,104-中醫基礎醫學（二）（包括中醫方劑學、中醫藥物學）.csv,
44,"可用於外感發熱，頭痛、無汗、項背牽強等證，具有解肌退熱，生津，透疹，升陽止瀉的藥物是
下列何者？
(A)升麻 (B)葛根 (C)柴胡 (D)桑葉",B,104-中醫基礎醫學（二）（包括中醫方劑學、中醫藥物學）.csv,
45,"下列敘述何者錯誤？
(A)乾薑與高良薑同屬溫裏藥 (B)高良薑性味辛熱，能溫中祛寒，消食止痛
(C)高良薑驅散風寒治療風寒型感冒效果比生薑好 (D)高良薑也可用於寒疝腹痛",C,104-中醫基礎醫學（二）（包括中醫方劑學、中醫藥物學）.csv,
46,"下列何者並非石韋之功效應用？
(A)淋疾 (B)肺熱咳喘 (C)血熱崩漏 (D)祛風解表",D,104-中醫基礎醫學（二）（包括中醫方劑學、中醫藥物學）.csv,
47,"下列藥物中，何者擅長於利濕濁、祛風濕，常主治小便白濁如膏？
(A)冬葵子 (B)萆薢 (C)滑石 (D)瞿麥",B,104-中醫基礎醫學（二）（包括中醫方劑學、中醫藥物學）.csv,
48,"下列何藥常配伍柴胡、芍藥、川芎等，用以治療肝氣鬱滯，脇肋刺痛？
(A)沉香 (B)陳皮 (C)枳殼 (D)厚朴
代號：3101
頁次：8－6",C,104-中醫基礎醫學（二）（包括中醫方劑學、中醫藥物學）.csv,
50,"用治濕阻氣滯之脘腹脹悶，腹痛及咳喘多痰最宜選：
(A)佩蘭 (B)砂仁 (C)厚朴 (D)藿香",C,104-中醫基礎醫學（二）（包括中醫方劑學、中醫藥物學）.csv,
51,"《食療本草》中「赤小豆鯉魚湯」的赤小豆作用為何？
(A)利水消腫 (B)涼血止血 (C)活血祛瘀 (D)補脾益氣",A,104-中醫基礎醫學（二）（包括中醫方劑學、中醫藥物學）.csv,
52,"用治外感暑濕，內傷生冷的病證時，最常選用下列何藥？
(A)青蒿 (B)厚朴 (C)藿香 (D)蒼朮",C,104-中醫基礎醫學（二）（包括中醫方劑學、中醫藥物學）.csv,
53,"大青葉能清熱解毒，涼血消斑，利咽消腫，最適宜用於下列何者？
(A)骨蒸潮熱 (B)瘟疫時毒 (C)消渴客熱 (D)肝火上炎",B,104-中醫基礎醫學（二）（包括中醫方劑學、中醫藥物學）.csv,
54,"下列何種藥物不具潤滑性瀉下的功效﹖
(A)益智仁 (B)火麻仁 (C)郁李仁 (D)蜂蜜",A,104-中醫基礎醫學（二）（包括中醫方劑學、中醫藥物學）.csv,
55,"具有清熱解毒，消癰散結之效，且常用於瘡癰腫毒、痄腮腫痛、腸風下血、痔瘡腫痛、婦女赤白帶
下及燙傷，下列何藥最適宜？
(A)地榆 (B)白蘞 (C)槐花 (D)魚腥草",B,104-中醫基礎醫學（二）（包括中醫方劑學、中醫藥物學）.csv,
56,"下列何藥為溫熱病邪入少陽，寒熱往來之良藥。又能清暑熱，用於暑熱外感，並能退虛熱，尤宜於
無汗骨蒸，且可治瘧疾？
(A)秦艽 (B)玄參 (C)藿香 (D)青蒿",D,104-中醫基礎醫學（二）（包括中醫方劑學、中醫藥物學）.csv,
57,"下列何藥能清熱解毒，涼血止血、止利，故常用於濕熱泄利、下利膿血、崩漏下血、產後流血及
熱淋、血淋？
(A)玄參 (B)馬齒莧 (C)生地 (D)牡丹皮
代號：3101
頁次：8－7",B,104-中醫基礎醫學（二）（包括中醫方劑學、中醫藥物學）.csv,
58,"關於蘆根的敘述，下列何者錯誤？
(A)能養陰，生津止渴，治熱病傷津，身熱煩渴，及消渴病之要藥
(B)瀉肺熱、祛痰排膿，治肺熱咳嗽、風熱咳嗽及肺癰，痰帶膿血
(C)清胃熱，降逆止嘔，治胃熱惡心、嘔吐、反胃、呃逆、口臭
(D)清肝熱、養肝潤燥，治肝熱、肝火上炎所致之目赤腫痛、羞明、多眵",D,104-中醫基礎醫學（二）（包括中醫方劑學、中醫藥物學）.csv,
59,"下列何藥能清熱解毒，為治瘡瘍腫毒要藥，並善清心火及散上焦風熱，可用於溫熱病，心經熱毒
熾盛？
(A)石膏 (B)連翹 (C)梔子 (D)淡竹葉",B,104-中醫基礎醫學（二）（包括中醫方劑學、中醫藥物學）.csv,
60,"關於藕節的應用論述，下列何者最不適當？
(A)擅溫經止血 (B)能收斂止血 (C)可止血而不留瘀 (D)可用治衄血、吐血",A,104-中醫基礎醫學（二）（包括中醫方劑學、中醫藥物學）.csv,
61,"下列何者非水蛭的主治病證？
(A)跌打損傷 (B)血滯經閉 (C)癥瘕積聚 (D)瘡癰腫毒",D,104-中醫基礎醫學（二）（包括中醫方劑學、中醫藥物學）.csv,
62,"有關莪朮的敘述，下列何者錯誤？
(A)具行氣破血、消積止痛的功效 (B)破血作用比三稜強，而行氣止痛之力則較弱
(C)可用於癥瘕積聚，肝脾腫大 (D)藥性峻猛，有耗氣傷血之弊，不宜過量久服",B,104-中醫基礎醫學（二）（包括中醫方劑學、中醫藥物學）.csv,
63,"有關大薊大劑量使用的結果，下列敘述何者正確？
(A)能破血下氣 (B)可行而帶補 (C)治吐、衄、腸癰 (D)致胃脹不適",D,104-中醫基礎醫學（二）（包括中醫方劑學、中醫藥物學）.csv,
64,"下列何藥可用於腰膝痠痛，下肢無力等症。既能補肝腎，強筋骨，又能通血脈而利關節，性善下走，
善治下半身腰膝關節痠痛？
(A)獨活 (B)牛膝 (C)狗脊 (D)木瓜",B,104-中醫基礎醫學（二）（包括中醫方劑學、中醫藥物學）.csv,
65,"治療因血熱妄行而致的便血症，選用下列何種止血藥物最合適？
(A)艾葉 (B)三七 (C)地榆 (D)灶心土",C,104-中醫基礎醫學（二）（包括中醫方劑學、中醫藥物學）.csv,
66,"下列何者用於氣滯血瘀所致的胸脇疼痛，經閉腹痛等證，理血中之氣，下氣破血，除風消腫，功力
烈於鬱金？
(A)薑黃 (B)山薑 (C)丹參 (D)木香",A,104-中醫基礎醫學（二）（包括中醫方劑學、中醫藥物學）.csv,
67,"有關土茯苓的應用敘述，下列何者錯誤？
(A)可用於梅毒 (B)治陰部搔癢帶下 (C)治銀屑病 (D)治肝腎陰虧",D,104-中醫基礎醫學（二）（包括中醫方劑學、中醫藥物學）.csv,
68,"下列何者並非黃芩之功效？
(A)善清腎火 (B)瀉火解毒 (C)涼血止血 (D)清熱安胎",A,104-中醫基礎醫學（二）（包括中醫方劑學、中醫藥物學）.csv,
69,"下列何藥用於肺虛咳嗽、乾咳無痰、氣短作喘？
(A)款冬花 (B)飴糖 (C)桑白皮 (D)白芥子
代號：3101
頁次：8－8",B,104-中醫基礎醫學（二）（包括中醫方劑學、中醫藥物學）.csv,
70,"關於蛤蚧之敘述，下列何者最不適宜？
(A)可益精血 (B)外感風寒或實熱喘咳忌服
(C)可用於勞嗽 (D)用於腎陰不足",D,104-中醫基礎醫學（二）（包括中醫方劑學、中醫藥物學）.csv,
71,"下列何者具補中益氣、生津養血之功效？
(A)丹參 (B)黨參 (C)沙參 (D)太子參",B,104-中醫基礎醫學（二）（包括中醫方劑學、中醫藥物學）.csv,
72,"關於山藥之敘述，下列何者錯誤？
(A)用於肺虛喘咳 (B)治婦女白帶過多
(C)生用，搗爛外敷治腫毒 (D)治濕勝中滿證",D,104-中醫基礎醫學（二）（包括中醫方劑學、中醫藥物學）.csv,
73,"下列敘述，何者錯誤？
(A)沙苑子為豆科植物扁莖黃耆的成熟種子
(B)沙苑子，又名：潼蒺藜
(C)沙苑蒺藜長於散風熱，故由風熱所致之頭痛，外眼翳膜用之
(D)風家（皮膚病）用刺蒺藜",C,104-中醫基礎醫學（二）（包括中醫方劑學、中醫藥物學）.csv,
74,"下列何藥不適用於陽亢有熱的高血壓患者？
(A)蜈蚣 (B)石決明 (C)鈎藤 (D)地龍",A,104-中醫基礎醫學（二）（包括中醫方劑學、中醫藥物學）.csv,
75,"下列藥物中，何者對頑固難治之風濕性關節炎、頭痛之止痛功效顯著，又可息風止痙？
(A)刺蝟皮 (B)全蠍 (C)蟅蟲 (D)蟬蛻",B,104-中醫基礎醫學（二）（包括中醫方劑學、中醫藥物學）.csv,
76,"關於石菖蒲的敘述，下列何者錯誤？
(A)陰虛陽亢、煩躁汗多者慎服 (B)具開竅寧神、益智等功效
(C)可瀉火解毒，安神定驚 (D)可用於濕濁中阻",C,104-中醫基礎醫學（二）（包括中醫方劑學、中醫藥物學）.csv,
77,"用於癭疾能散結消癭，既能消痰軟堅，又能清熱解毒，治瘡瘍腫毒及腫瘤的藥物為下列何者？
(A)海藻 (B)昆布 (C)海浮石 (D)黃藥子",D,104-中醫基礎醫學（二）（包括中醫方劑學、中醫藥物學）.csv,
78,"下列何藥如服用過量會汞中毒？
(A)硃砂 (B)雄黃 (C)皂礬 (D)代赭石",A,104-中醫基礎醫學（二）（包括中醫方劑學、中醫藥物學）.csv,
79,"下列何種藥物既可收斂止血，又能制酸止痛？
(A)五味子 (B)海螵蛸 (C)椿皮 (D)石榴皮",B,104-中醫基礎醫學（二）（包括中醫方劑學、中醫藥物學）.csv,
80,"下列何種主治功效，不屬於檳榔？
(A)殺蟲 (B)消食行痰 (C)皮膚瘙癢 (D)裏急後重",C,104-中醫基礎醫學（二）（包括中醫方劑學、中醫藥物學）.csv,
1,"「杏林春暖」出自於何人典故？
(A)華佗 (B)董奉 (C)壺翁 (D)張機",B,105-中醫基礎醫學（一）（包括中醫醫學史、中醫基礎理論、內經、難經）.csv,
2,"《難經》將傷寒分為五種，下列何者不包括在內？
(A)中風 (B)傷寒 (C)濕溫 (D)暑溫",D,105-中醫基礎醫學（一）（包括中醫醫學史、中醫基礎理論、內經、難經）.csv,
3,"有關宋代官方出版的本草著作，下列敘述何者錯誤？
(A)《經史證類備急本草》與《本草衍義》皆為國家修纂頒布的本草著作
(B)《嘉祐本草》之編成工作是校正醫書局成立後，最早承擔的任務
(C)《政和本草》是北宋最後一部官修本草著作
(D)在兩宋三百餘年間，由政府主持修纂頒布的本草著作數量居歷代之首",A,105-中醫基礎醫學（一）（包括中醫醫學史、中醫基礎理論、內經、難經）.csv,
4,"《四部醫典》是下列何種民族醫學的經典著作？
(A)藏醫學 (B)蒙醫學 (C)維醫學 (D)印度醫學",A,105-中醫基礎醫學（一）（包括中醫醫學史、中醫基礎理論、內經、難經）.csv,
5,"明朝《本草綱目》是重要的本草類書，收集保存了十六世紀之前中藥學的珍貴資料，有關其特殊成
就，下列敘述何者錯誤？
(A)提供了文字學的考證資料
(B)保留了部分漢族之外的民俗史料
(C)書中的藥物分類方式是當時最先進的方法
(D)其後著作之《救荒本草》、《本草集要》皆受其影響",D,105-中醫基礎醫學（一）（包括中醫醫學史、中醫基礎理論、內經、難經）.csv,
6,"有關醫家劉河間的論述，下列何者錯誤？
(A)元河北河間人 (B)獨好《素問》，倡傷寒火熱病機理論
(C)選藥擇方多為價廉而效大的藥物 (D)著有《黃帝素問宣明論方》、《傷寒直格》",A,105-中醫基礎醫學（一）（包括中醫醫學史、中醫基礎理論、內經、難經）.csv,
7,"有關醫家與著作之敘述，下列何者正確？
(A)秦伯未撰《國醫講義》 (B)張贊臣撰《中風斠詮》
(C)包識生撰《診斷學綱要》 (D)張山雷撰《藥盦醫學叢書》",A,105-中醫基礎醫學（一）（包括中醫醫學史、中醫基礎理論、內經、難經）.csv,
8,"依據《素問‧上古天真論》，女性幾歲的時候天癸竭，而無子？
(A)40 (B)45 (C)49 (D)56
代號：1101
頁次：8－2",C,105-中醫基礎醫學（一）（包括中醫醫學史、中醫基礎理論、內經、難經）.csv,
9,"《素問‧陰陽應象大論》中提及的陰陽基本概念，下列何者錯誤？
(A)陽化氣，陰成形 (B)寒氣生清，熱氣生濁 (C)陽生陰長，陽殺陰藏 (D)清氣在上，濁氣在下",B,105-中醫基礎醫學（一）（包括中醫醫學史、中醫基礎理論、內經、難經）.csv,
10,"《素問‧陰陽應象大論》中論及「陰在內，陽之守也；陽在外，陰之使也」主要是說明陰陽之間存
在何種關係？
(A)互相轉換 (B)互相變易 (C)互相對立 (D)互相維繫",D,105-中醫基礎醫學（一）（包括中醫醫學史、中醫基礎理論、內經、難經）.csv,
11,"依據《素問‧陰陽應象大論》，食物的氣味與養生有密切的關係，下列何者的陰陽屬性是陽中陽？
(A)氣厚 (B)氣薄 (C)味厚 (D)味薄",A,105-中醫基礎醫學（一）（包括中醫醫學史、中醫基礎理論、內經、難經）.csv,
12,"劉小姐平常飲食口味太過，近來出現筋緊急而不柔，指甲乾枯而不潤，依據《素問‧五藏生成論》
所記載，下列何者是劉小姐喜歡且多吃的口味？
(A)多食辛 (B)多食苦 (C)多食酸 (D)多食甘",A,105-中醫基礎醫學（一）（包括中醫醫學史、中醫基礎理論、內經、難經）.csv,
13,"五體中何者歸屬於火？
(A)心 (B)脈 (C)小腸 (D)肉",B,105-中醫基礎醫學（一）（包括中醫醫學史、中醫基礎理論、內經、難經）.csv,
14,"依據《素問‧陰陽應象大論》，下列何種情志會傷脾？
(A)思 (B)悲 (C)恐 (D)喜",A,105-中醫基礎醫學（一）（包括中醫醫學史、中醫基礎理論、內經、難經）.csv,
15,"依據《素問‧上古天真論》，有關女子頭髮的生理表現，下列何者正確？
(A)35歲髮墮、42歲髮白 (B)35歲髮白、42歲髮墮
(C)42歲髮墮、49歲髮白 (D)42歲髮白、49歲髮墮",A,105-中醫基礎醫學（一）（包括中醫醫學史、中醫基礎理論、內經、難經）.csv,
16,"「輕勁多力，自過其度」是人體「四海」中何者有餘的表現？
(A)水穀之海 (B)十二經脈之海 (C)氣海 (D)髓海",D,105-中醫基礎醫學（一）（包括中醫醫學史、中醫基礎理論、內經、難經）.csv,
17,"《內經》、《難經》中關於臟腑特性的敘述，下列何者最正確？
(A)胃為受盛之腑 (B)腎為中精之腑 (C)三焦為孤腑 (D)膀胱為中瀆之腑",C,105-中醫基礎醫學（一）（包括中醫醫學史、中醫基礎理論、內經、難經）.csv,
18,"依據《靈樞‧海論》的敘述，腦為髓之海，其輸上在於其蓋，下在於何處？
(A)百會 (B)風府 (C)大杼 (D)風池",B,105-中醫基礎醫學（一）（包括中醫醫學史、中醫基礎理論、內經、難經）.csv,
19,"有關《內經》與《難經》中命門與原氣之理論，下列敘述何者錯誤？
(A)以三焦為輸送腎間動氣之路徑
(B)通過三焦，先經歷五臟六腑，繼達於十二經脈
(C)生理上，內經稱為少火
(D)原氣由十二經絡五腧穴之原穴注入經絡中",D,105-中醫基礎醫學（一）（包括中醫醫學史、中醫基礎理論、內經、難經）.csv,
20,"有關「氣」與「味」的敘述，下列何者錯誤？
(A)味厚者為陰，薄為陰之陽 (B)氣味辛甘發散為陽，酸苦涌泄為陰
(C)壯火之氣盛，少火之氣衰 (D)氣薄則發泄，厚則發熱
代號：1101
頁次：8－3",C,105-中醫基礎醫學（一）（包括中醫醫學史、中醫基礎理論、內經、難經）.csv,
21,"有關「經脈」與「絡脈」之敘述，下列何者錯誤？
(A)經脈通常行於分肉之間，深而不見；常見者足太陰過於外踝之上，無所隱故也
(B)諸脈之浮而常見者，皆絡脈也
(C)手太陽、陽明之大絡，起於五指間，上合肘中
(D)諸絡脈皆不能經大節之間，必行絕道而出，復合於皮中，其會皆見於外",C,105-中醫基礎醫學（一）（包括中醫醫學史、中醫基礎理論、內經、難經）.csv,
22,"一個人的食量大小最主要取決於下列那一個藏象生理？
(A)脾主運化 (B)胃主受納 (C)小腸主泌別清濁 (D)大腸主傳糟粕",B,105-中醫基礎醫學（一）（包括中醫醫學史、中醫基礎理論、內經、難經）.csv,
23,"依據《素問‧靈蘭秘典論》，「受盛之官，化物出焉」是指下列何者？
(A)小腸 (B)胃 (C)大腸 (D)膀胱",A,105-中醫基礎醫學（一）（包括中醫醫學史、中醫基礎理論、內經、難經）.csv,
24,"那一個臟腑的正常表現會出現食慾良好、營養充足、肌肉豐滿強壯、水濕代謝正常等現象？
(A)心 (B)小腸 (C)脾 (D)胃",C,105-中醫基礎醫學（一）（包括中醫醫學史、中醫基礎理論、內經、難經）.csv,
25,"依據《內經》所述，導致失眠的原因下列何者錯誤？
(A)陽蹻滿 (B)衛氣入於陰 (C)衛氣內伐 (D)五藏之氣相搏",B,105-中醫基礎醫學（一）（包括中醫醫學史、中醫基礎理論、內經、難經）.csv,
26,"有關三焦的氣化功能，下列敘述何者較不適宜？
(A)肺的通調水道失常，為上焦氣化失司 (B)大腸化糟粕功能失常，為中焦氣化失司
(C)脾胃運化水液失常，為中焦氣化失司 (D)腎和膀胱的蒸騰氣化失常，為下焦氣化失司",B,105-中醫基礎醫學（一）（包括中醫醫學史、中醫基礎理論、內經、難經）.csv,
27,"28歲王小姐，身材肥滿，從不運動，常吃甜食冷飲。夏天夜晚開冷氣強冷加吹電扇睡覺，醒後覺得
周身僵緊麻木感。根據藏象與氣血津液學說，此患者最符合《黃帝內經》所述那一種病症？
(A)痹 (B)痿 (C)風消 (D)痤疿",A,105-中醫基礎醫學（一）（包括中醫醫學史、中醫基礎理論、內經、難經）.csv,
28,"28歲王小姐，身材肥滿，從不運動，常吃甜食冷飲。夏天夜晚開冷氣強冷加吹電扇睡覺，醒後覺得
周身僵緊麻木感，造成此患者周身僵緊的中醫機轉，下列敘述何者最正確？
(A)氣走而不得歸其經 (B)血行而不得反其空 (C)津出而不得還其流 (D)液凝而不得過其竅",B,105-中醫基礎醫學（一）（包括中醫醫學史、中醫基礎理論、內經、難經）.csv,
29,"依據《靈樞‧決氣》，耳聾者，是因為下列何種病機？
(A)精脫 (B)氣脫 (C)血脫 (D)津脫",A,105-中醫基礎醫學（一）（包括中醫醫學史、中醫基礎理論、內經、難經）.csv,
30,"下列何組臟腑與血的化生與運行最為相關？
(A)肺、肝、腎 (B)肝、三焦、心 (C)心、脾、肺 (D)三焦、肝、脾",C,105-中醫基礎醫學（一）（包括中醫醫學史、中醫基礎理論、內經、難經）.csv,
31,"參與將食物轉化成營氣的一連串藏象生理，下列何者正確？
(A)脾主受納、腐熟水穀 (B)小腸主泌別清濁
(C)大腸主傳糟粕 (D)胃主運化",B,105-中醫基礎醫學（一）（包括中醫醫學史、中醫基礎理論、內經、難經）.csv,
32,"《靈樞‧九針十二原》中提到「所出為井，所溜為滎，所注為輸，所行為經，所入為合」的五輸穴
理論基礎，與經脈中何種氣血通行方向之特質最為切合？
(A)衛氣 (B)經脈之氣（十二經經氣）
(C)五十營 (D)宗氣
代號：1101
頁次：8－4",B,105-中醫基礎醫學（一）（包括中醫醫學史、中醫基礎理論、內經、難經）.csv,
33,"依據《素問‧骨空論》的描述，奇經八脈中督脈與何者循行有重疊之處？
(A)陰維脈 (B)帶脈 (C)任脈 (D)陽維脈",C,105-中醫基礎醫學（一）（包括中醫醫學史、中醫基礎理論、內經、難經）.csv,
34,"有關十二經筋的敘述，下列何者錯誤？
(A)經脈之氣多結、聚、散、絡於骨骼和關節 (B)「以痛為腧」為治療原則
(C)筋弛縱不收屬寒證 (D)約束骨骼和利於關節運動為主要功能",C,105-中醫基礎醫學（一）（包括中醫醫學史、中醫基礎理論、內經、難經）.csv,
35,"依據《素問‧四時刺逆從論》，下列敘述何者錯誤？
(A)春氣在經脈 (B)夏氣在肌肉 (C)秋氣在皮膚 (D)冬氣在骨髓中",B,105-中醫基礎醫學（一）（包括中醫醫學史、中醫基礎理論、內經、難經）.csv,
36,"依據《靈樞‧營氣》，營氣運行之次第，下列何者錯誤？
(A)手少陰肺經至手陽明大腸經 (B)手太陽小腸經至足太陽膀胱經
(C)足太陽膀胱經至足太陰脾經 (D)足少陽膽經至足厥陰肝經",C,105-中醫基礎醫學（一）（包括中醫醫學史、中醫基礎理論、內經、難經）.csv,
37,"頭為諸陽之會，下列那一條經脈的循行未經過頭部？
(A)督脈 (B)足太陽膀胱經 (C)手太陰肺經 (D)足陽明胃經",C,105-中醫基礎醫學（一）（包括中醫醫學史、中醫基礎理論、內經、難經）.csv,
38,"小花愛吃糖，最近發現左上臼齒蛀牙疼痛，而且也有頸部淋巴紅腫熱痛的症狀。此病症應該與下列
那條經絡最有關？
(A)足陽明胃經 (B)足少陽膽經 (C)手少陰心經 (D)足厥陰肝經",A,105-中醫基礎醫學（一）（包括中醫醫學史、中醫基礎理論、內經、難經）.csv,
39,"依據《靈樞‧經脈》所述，「舌萎、人中滿」為下列何經氣絕之候？
(A)手少陰氣絕 (B)足太陰氣絕 (C)足少陰氣絕 (D)手厥陰氣絕",B,105-中醫基礎醫學（一）（包括中醫醫學史、中醫基礎理論、內經、難經）.csv,
40,"依據《靈樞‧經脈》所記載，十五別絡中何者位於去本節之後一寸，實則腸中切痛，虛則鼓脹？
(A)支正 (B)豐隆 (C)偏歷 (D)公孫",D,105-中醫基礎醫學（一）（包括中醫醫學史、中醫基礎理論、內經、難經）.csv,
41,"一患者覺從少腹上衝心而痛，大小便不通暢，若依據《素問‧骨空論》以奇經八脈之循行為其治療
時，下列何者為優先須考慮之經脈？
(A)督脈 (B)帶脈 (C)陰維脈 (D)陽蹻脈",A,105-中醫基礎醫學（一）（包括中醫醫學史、中醫基礎理論、內經、難經）.csv,
42,"依據《素問‧骨空論》所述，關於奇經八脈之敘述下列何者錯誤？
(A)任脈者，起於中極之下，以上毛際，循腹裏，上關元，至咽喉，上頤循面入目
(B)衝脈者，起於氣街，並太陰之經，俠臍上行，至胸中而散
(C)督脈者，起於少腹以下骨中央。其絡循陰器，合簒間，繞簒後，別繞臀，至少陰與巨陽中絡者合
(D)督脈者，其少腹直上者，貫臍中央，上貫心，入喉上頤，環唇上系兩目之下中央",B,105-中醫基礎醫學（一）（包括中醫醫學史、中醫基礎理論、內經、難經）.csv,
43,"依據《難經‧二十三難》別絡十五，皆因其原如環無端，轉相灌溉，朝於下列何處，以處百病，而
決死生也？
(A)寸口、趺陽 (B)人迎、太谿 (C)寸口、人迎 (D)寸口、太谿",C,105-中醫基礎醫學（一）（包括中醫醫學史、中醫基礎理論、內經、難經）.csv,
44,"依據《靈樞‧經脈》所述，下列何經脈之循行未入缺盆中？
(A)脾足太陰之脈 (B)胃足陽明之脈 (C)膽足少陽之脈 (D)三焦手少陽之脈
代號：1101
頁次：8－5",A,105-中醫基礎醫學（一）（包括中醫醫學史、中醫基礎理論、內經、難經）.csv,
45,"依據《靈樞‧經脈》所述，關於膽經循行與相關病候下列何者正確？
(A)起於目銳眥，上抵頭角，下耳後，循頸行手少陽之後，至肩上，却交出手少陽之前，入缺盆
(B)其直者，從缺盆下腋，循胸過季脇，下合髀關中，以下循髀股
(C)是動則病口苦，善太息，心脇痛，不能轉側，甚則面微有塵，體無膏澤，足外反熱，是為陽厥
(D)是主骨所生病者，頭痛，頸痛，目銳眥痛，缺盆中腫痛，頸下腫，馬刀俠癭",C,105-中醫基礎醫學（一）（包括中醫醫學史、中醫基礎理論、內經、難經）.csv,
46,"有關十二經筋的敘述，下列何者正確？
(A)陽經之經筋分布終於臟腑 (B)經筋受經絡氣血濡養，有順逆流注關係
(C)經筋分布結聚於關節、骨骼部位 (D)陰經之經筋分布起始於軀幹",C,105-中醫基礎醫學（一）（包括中醫醫學史、中醫基礎理論、內經、難經）.csv,
47,"爸爸站立時，用雙手將小朋友舉高，需要使用豎脊肌群的力量。從部位來看，這個動作應與下列那
條經絡的作用最相關？
(A)足陽明胃經 (B)手太陰肺經 (C)足少陽膽經 (D)足太陽膀胱經",D,105-中醫基礎醫學（一）（包括中醫醫學史、中醫基礎理論、內經、難經）.csv,
48,"小禎因為最近出現咳嗽喘咳的症狀，臨床醫師幫她針刺手太陰肺經的中府穴後，她突然感覺一股氣
流從針刺穴位向腹部竄去。從經脈交會的角度來評估，這股氣流前進所循的經脈最可能為下列那一
條經絡？
(A)手陽明大腸經 (B)足陽明胃經 (C)足太陰脾經 (D)足少陰腎經",C,105-中醫基礎醫學（一）（包括中醫醫學史、中醫基礎理論、內經、難經）.csv,
49,"依據《素問‧皮部論》所記載，有關皮部的敘述，下列何者正確？
(A)皮部以經別為紀 (B)「以痛為腧」是皮部主要的治療法則
(C)手足六經各有其專屬對應的皮部 (D)外邪從皮部通過經絡可影響臟腑",D,105-中醫基礎醫學（一）（包括中醫醫學史、中醫基礎理論、內經、難經）.csv,
50,"患者受感冒病毒侵犯，根據《素問‧繆刺論》，邪氣侵犯人體由皮毛而入，留而不去時，會往內傳
遞，對於傳遞之次序，下列何者正確？
(A)皮毛→孫絡→絡脈→經脈→五臟 (B)皮毛→絡脈→孫絡→經脈→五臟
(C)皮毛→孫絡→經脈→絡脈→五臟 (D)皮毛→絡脈→經脈→孫絡→五臟",A,105-中醫基礎醫學（一）（包括中醫醫學史、中醫基礎理論、內經、難經）.csv,
51,"毛小姐感冒，表現的症狀有發熱、汗出，左半側臉部麻痺。可能的邪氣為下列何者？
(A)風 (B)寒 (C)暑 (D)濕",A,105-中醫基礎醫學（一）（包括中醫醫學史、中醫基礎理論、內經、難經）.csv,
52,"依據《素問‧舉痛論》，關於「思則氣結」情志致病病機之論述，下列何者較正確？
(A)心無所依，神無所歸，慮無所定
(B)心系急，肺布葉舉，而上焦不通，榮衛不散，熱氣在中
(C)精却，却則上焦閉，閉則氣還，還則下焦脹
(D)心有所存，神有所歸，正氣留而不行",D,105-中醫基礎醫學（一）（包括中醫醫學史、中醫基礎理論、內經、難經）.csv,
53,"風邪為百病之長，其致病特點為何？
(A)風為陽邪 (B)風性重濁 (C)風邪易傷津耗氣 (D)風性凝滯
代號：1101
頁次：8－6",A,105-中醫基礎醫學（一）（包括中醫醫學史、中醫基礎理論、內經、難經）.csv,
54,"七情會影響身體氣機之正常運行，根據《素問‧舉痛論》，下列敘述何者錯誤？
(A)喜則氣緩 (B)悲則氣結 (C)驚則氣亂 (D)恐則氣下",B,105-中醫基礎醫學（一）（包括中醫醫學史、中醫基礎理論、內經、難經）.csv,
55,"依據《素問‧至真要大論》對治療法則之論述，下列何者非屬「逆治法」？
(A)熱因熱用 (B)寒者熱之 (C)熱者寒之 (D)急者緩之",A,105-中醫基礎醫學（一）（包括中醫醫學史、中醫基礎理論、內經、難經）.csv,
56,"有關「肺氣虛」之病機敘述，下列何者錯誤？
(A)多由久病或久咳引起 (B)可影響津液輸布
(C)可導致衛表不固 (D)易出現燥熱現象",D,105-中醫基礎醫學（一）（包括中醫醫學史、中醫基礎理論、內經、難經）.csv,
57,"下列何者並非疫癘發生流行的主要因素？
(A)氣候反常 (B)饑荒與戰亂 (C)交通頻繁 (D)經濟文化發展",D,105-中醫基礎醫學（一）（包括中醫醫學史、中醫基礎理論、內經、難經）.csv,
58,"有關《難經》正經自病的意義，下列敘述何者錯誤？
(A)後世稱為內傷病 (B)多屬實症
(C)形寒飲冷則傷肺 (D)久坐濕地，強力入水則傷腎",B,105-中醫基礎醫學（一）（包括中醫醫學史、中醫基礎理論、內經、難經）.csv,
59,"有關飲食所傷的致病特點，下列敘述何者錯誤？
(A)食滯日久，可鬱而化熱 (B)消化不良，可出現夜臥不安的症狀
(C)過飢則噯腐泛酸，噫敗卵臭 (D)過食肥甘厚味，易化生內熱，引起癰疽瘡毒",C,105-中醫基礎醫學（一）（包括中醫醫學史、中醫基礎理論、內經、難經）.csv,
60,"依據《素問‧至真要大論》對「病機十九條」之論述，下列何者屬「脾」的病機？
(A)諸濕腫滿 (B)諸嘔吐酸，暴注下迫
(C)諸病有聲，鼓之如鼓 (D)諸脹腹大",A,105-中醫基礎醫學（一）（包括中醫醫學史、中醫基礎理論、內經、難經）.csv,
61,"張同學新年到阿里山看日出，下山後出現頭項僵硬、全身痠痛，其最可能為下列何種病因所致？
(A)風 (B)寒 (C)暑 (D)濕",B,105-中醫基礎醫學（一）（包括中醫醫學史、中醫基礎理論、內經、難經）.csv,
62,"人體為燥邪所犯，《內經》提到常用下列那一味通氣并行津液？
(A)酸 (B)苦 (C)甘 (D)辛",D,105-中醫基礎醫學（一）（包括中醫醫學史、中醫基礎理論、內經、難經）.csv,
63,"80 歲的楊先生，高血壓已 30 多年，常出現怕冷、胸悶、下肢水腫等心陽氣虛現象已一年多，下列
病機敘述何者最不適宜？
(A)宗氣不足 (B)脾氣虛弱 (C)腎陽虛衰 (D)肝氣鬱結",D,105-中醫基礎醫學（一）（包括中醫醫學史、中醫基礎理論、內經、難經）.csv,
64,"55歲男性患者，平日酗酒，因腹脹滿、發燒、昏迷住院，觸之手足溫，有關其症狀及病機之敘述，
下列何者錯誤？
(A)酒入於胃，則絡脈滿而經脈虛
(B)氣聚於脾中不得散
(C)小便清長
(D)陰氣虛則陽氣入，陽氣入則胃不和，精氣不得營於四肢所致
代號：1101
頁次：8－7",C,105-中醫基礎醫學（一）（包括中醫醫學史、中醫基礎理論、內經、難經）.csv,
65,"依據《內經》有關病症發生之規律，下列敘述何者正確？
(A)年六十而陰氣自半也，起居衰矣 (B)年五十，體重，耳目不聰明矣
(C)年四十，陰痿，氣大衰，九竅不利 (D)年七十，下虛上實，涕泣俱出矣",B,105-中醫基礎醫學（一）（包括中醫醫學史、中醫基礎理論、內經、難經）.csv,
66,"依據《素問‧奇病論》，下列何者並非引起「子瘖」的病機與證候？
(A)胞之絡脈絕
(B)多發生在懷孕後期
(C)胞絡者，繫於腎，少陰之脈，貫腎繫舌本，故不能言
(D)屬危急症，要積極治療",D,105-中醫基礎醫學（一）（包括中醫醫學史、中醫基礎理論、內經、難經）.csv,
67,"張先生雨天騎車跌倒，右手臂及右大腿挫傷，隔天開始咳嗽，咳嗽時伴隨兩脅痛，至今已一月仍不
癒，其病機下列敘述何者最正確？
(A)為肝風之病
(B)下雨天寒氣客於厥陰之脈，故脅痛
(C)因車禍後恐懼感，恐則氣下，肺氣抑制而咳嗽
(D)跌倒時傷厥陰肝經，惡血留內，上乘於肺，故咳嗽",D,105-中醫基礎醫學（一）（包括中醫醫學史、中醫基礎理論、內經、難經）.csv,
68,"依據《靈樞‧周痹》中「眾痹疼痛」病機的敘述，下列何者錯誤？
(A)風寒濕邪內不在臟，外未發於皮 (B)風寒濕邪客於骨髓之中
(C)津液因寒而凝聚，排擠分肉而疼痛 (D)痛則神歸之，神歸之則熱，熱則痛解",B,105-中醫基礎醫學（一）（包括中醫醫學史、中醫基礎理論、內經、難經）.csv,
69,"有關「腎陽虛證」之敘述，下列何者錯誤？
(A)生殖機能減退 (B)水液代謝失常 (C)可由房勞過度引起 (D)易致肝肺熱盛",D,105-中醫基礎醫學（一）（包括中醫醫學史、中醫基礎理論、內經、難經）.csv,
70,"36歲王小姐至海邊吹風後出現身熱、鼻乾、不易入睡、耳痛、聽力下降，對於其病機之敘述下列何
者正確？
(A)邪入太陽少陽經 (B)邪入太陽陽明經 (C)邪入陽明少陽經 (D)此乃兩感於寒者",C,105-中醫基礎醫學（一）（包括中醫醫學史、中醫基礎理論、內經、難經）.csv,
71,"依據《素問‧痹論》有關「痹症」之論述，下列何者較正確？
(A)行痹較痛痹及著痹易癒 (B)風寒濕邪客於肉則重
(C)風寒濕邪客於脈則不仁 (D)風寒濕邪客於筋則血凝不流",A,105-中醫基礎醫學（一）（包括中醫醫學史、中醫基礎理論、內經、難經）.csv,
72,"患者進入冷氣房後出現心與背相引而痛，依據《素問‧舉痛論》下列敘述何者錯誤？
(A)寒氣客於衝脈 (B)寒氣客於背俞
(C)按之得熱氣，可使疼痛減輕 (D)若按之不能及，則按之無益",A,105-中醫基礎醫學（一）（包括中醫醫學史、中醫基礎理論、內經、難經）.csv,
73,"依據《素問‧厥論》有關寒厥與熱厥之論述，下列何者較正確？
(A)熱厥之為熱也，必自手心先熱
(B)寒厥之為寒也，必自足五指之表上於膝
(C)寒厥之為寒也，陰氣衰於下，陰脈聚於足下故足下寒
(D)熱厥之為熱也，陽氣起於足五指之表，故陽氣勝則足下熱
代號：1101
頁次：8－8",D,105-中醫基礎醫學（一）（包括中醫醫學史、中醫基礎理論、內經、難經）.csv,
74,"依據《靈樞‧癲狂篇》所述有關癲疾之始生與始作，有不同的症候與分類治療，下列何者正確？
(A)癲疾始生，先不樂，頭重痛，視舉目赤，甚作極已而煩心，候之於顏，取手太陽、陽明、太陰，血變而止
(B)癲疾始作，引口啼呼喘悸者，候之足陽明與厥陰，血變而止
(C)癲疾始作，先反僵，因而脊痛者，候之手太陽、陽明、厥陰，血變而止
(D)癲疾始作，左強者攻其左，右強者攻其右",A,105-中醫基礎醫學（一）（包括中醫醫學史、中醫基礎理論、內經、難經）.csv,
75,"36歲女性工作需長期久坐，常常憋尿，三個月前外感後，有尿意則小腹壓痛有灼熱感，若不去解尿
則清涕出，有關其診斷之敘述，下列何者較正確？
(A)為胞痹 (B)為肝痹 (C)為肺痹 (D)為腎痹",A,105-中醫基礎醫學（一）（包括中醫醫學史、中醫基礎理論、內經、難經）.csv,
76,"依據《素問‧厥論》有關昏厥之病機論述，下列何者較正確？
(A)陰氣盛於上，則上寒，上寒則陽氣不足而昏厥
(B)陰氣盛於上，則下虛，下虛則腹脹滿，腹滿而下氣重上，逆則陽氣亂而昏厥
(C)大怒則陽氣盛於上，血盛於下，血壅於下則腹脹滿，腹滿而下氣重上，逆則陽氣亂而昏厥
(D)夏日中暑，陽氣煩勞則張，汗出而煩滿不解，是太陽陽明俱病，陽氣亂而昏厥",B,105-中醫基礎醫學（一）（包括中醫醫學史、中醫基礎理論、內經、難經）.csv,
77,"依據《素問‧風論篇》所記載的病機變化，若病人產生瘍症與感覺異常的表現，有關病因之敘述，
下列何者最正確？
(A)風氣由太陽經入，與衛氣相干 (B)風氣由少陽經入，與衛氣相干
(C)風氣由陽明經入，與營氣相干 (D)風氣由太陰經入，與營氣相干",A,105-中醫基礎醫學（一）（包括中醫醫學史、中醫基礎理論、內經、難經）.csv,
78,"有關《素問‧舉痛論》中「五藏卒痛」之病機，下列敘述何者錯誤？
(A)寒氣入侵經脈，導致血流不暢，組織灌流減少，而發生疼痛
(B)局部血流不暢，組織灌流減少，而發生疼痛
(C)局部血管阻塞，導致脈絡血氣衰少，而發生疼痛
(D)疼痛的病機多為寒邪所致，因熱而誘發的病機並不存在",D,105-中醫基礎醫學（一）（包括中醫醫學史、中醫基礎理論、內經、難經）.csv,
79,"病患主述行動困難時，臨床診斷思路依據《素問‧痿論》所敘述，下列何者正確？
(A)大絡空虛，發為肌痹，傳為筋痿 (B)居處寒地，痹而不仁，發為骨痿
(C)因肺熱影響五臟，而產生痿躄 (D)若遠行勞倦，因寒邪而陽氣虛損",C,105-中醫基礎醫學（一）（包括中醫醫學史、中醫基礎理論、內經、難經）.csv,
80,"有關「頭痛」之病因病機及其症狀之敘述，下列何者錯誤？
(A)頭腦痛連兩額屬陽明，頭額痛連目齒屬太陽，頭角痛連耳根屬少陽
(B)因痰痛者，昏重而眩暈欲吐
(C)因風痛者，抽掣惡風
(D)因濕痛者，頭重而天陰轉甚",A,105-中醫基礎醫學（一）（包括中醫醫學史、中醫基礎理論、內經、難經）.csv,
1,"關於《傷寒論》麻黃附子細辛湯與麻黃附子甘草湯之敘述，下列何者最不適宜？
(A)兩方皆治太少兩感於寒
(B)麻黃附子細辛湯助陽發汗，使表裏之邪速解
(C)麻黃附子甘草湯益氣助陽而微發汗，使表裏之邪緩解
(D)麻黃附子細辛湯溫陽益氣之功較麻黃附子甘草湯顯著",D,105-中醫基礎醫學（二）（包括中醫方劑學、中醫藥物學）.csv,
2,"關於《此事難知》九味羌活湯之功用，下列何者最適宜？
(A)解表蠲飲，止咳平喘 (B)助陽益氣，發汗解表
(C)宣肺祛痰，下氣止咳 (D)發汗祛濕，兼清裏熱",D,105-中醫基礎醫學（二）（包括中醫方劑學、中醫藥物學）.csv,
3,"下列何者不是《傷寒論》大承氣湯之組成藥物？
(A)甘草 (B)芒硝 (C)枳實 (D)厚朴",A,105-中醫基礎醫學（二）（包括中醫方劑學、中醫藥物學）.csv,
4,"關於《傷寒論》大陷胸湯之功用，下列何者最適宜？
(A)峻下熱結 (B)瀉熱逐水 (C)攻逐寒積 (D)清熱化痰",B,105-中醫基礎醫學（二）（包括中醫方劑學、中醫藥物學）.csv,
5,"患者主述頭痛，倦怠乏力，微覺烘熱，惡寒，肢末不溫，其面色蒼白，不欲去衣，舌淡紅苔薄白，
脈象沉弱，肌膚觸摸乾燥無汗。使用下列何方劑最適當？
(A)再造散 (B)雞鳴散 (C)五積散 (D)杏蘇散",A,105-中醫基礎醫學（二）（包括中醫方劑學、中醫藥物學）.csv,
6,"瀉青丸有清肝瀉火之功，其組成包含龍膽草、川芎、當歸、梔子、大黃、羌活、淡竹葉及下列何者？
(A)防風 (B)黃芩 (C)鉤藤 (D)青黛",A,105-中醫基礎醫學（二）（包括中醫方劑學、中醫藥物學）.csv,
7,"關於《溫病條辨》銀翹散之敘述，下列何者錯誤？
(A)主治溫病初起，方以銀花、連翹為君藥
(B)本方的特點為芳香辟穢合清熱解毒
(C)方中純用辛涼之品，故稱之為辛涼平劑
(D)和桑菊飲共同之藥物有連翹、桔梗、甘草、薄荷與蘆根",C,105-中醫基礎醫學（二）（包括中醫方劑學、中醫藥物學）.csv,
8,"下列何者不是《溫病條辨》新加黃龍湯之組成藥物？
(A)沙參 (B)玄參 (C)人參 (D)海參
代號：2101
頁次：8－2",A,105-中醫基礎醫學（二）（包括中醫方劑學、中醫藥物學）.csv,
9,"《壽世保元》八仙長壽丸中含有下列何藥物？①麥門冬 ②天門冬 ③五味子 ④吳茱萸
(A)①① (B)①① (C)①② (D)①②",B,105-中醫基礎醫學（二）（包括中醫方劑學、中醫藥物學）.csv,
10,"《外臺秘要》黃連解毒湯與《傅青主女科》易黃湯之共同組成，為下列何項藥物？
(A)黃連 (B)梔子 (C)黃芩 (D)黃柏",D,105-中醫基礎醫學（二）（包括中醫方劑學、中醫藥物學）.csv,
11,"關於《和劑局方》四君子湯的敘述，下列何者錯誤？
(A)加陳皮、半夏，主治食慾不振，或胸脘脹滿，或嘔吐痞悶
(B)胸脘痞悶，口黏食少，脈濡是主治症狀之一
(C)組成的四種藥物之比例為各等分
(D)其組成亦是《小兒藥證直訣》七味白朮散的組成要素",B,105-中醫基礎醫學（二）（包括中醫方劑學、中醫藥物學）.csv,
12,"下列藥物何者為右歸丸與左歸丸之共同組成？①熟地、菟絲子 ②鹿角膠、枸杞子 ③山藥、山茱
萸 ④牛膝、杜仲
(A)①①① (B)①①② (C)①①② (D)①①②",A,105-中醫基礎醫學（二）（包括中醫方劑學、中醫藥物學）.csv,
13,"下列何者為左歸丸與七寶美髯丹的共同組成藥物？
(A)菟絲子 (B)破故子 (C)山藥 (D)茯苓",A,105-中醫基礎醫學（二）（包括中醫方劑學、中醫藥物學）.csv,
14,"下列敘述，錯誤有幾項？①百合固金湯以當歸養血潤燥，並治咳逆上氣；且配白芍以養血和血 ②
左歸丸主治肺腎陰虧，虛火上炎之證 ③白芍、麥門冬是炙甘草湯與百合固金湯的共同組成 ④炙
甘草湯可主治虛勞咳吐黃稠黏痰之證
(A)1 (B)2 (C)3 (D)4",C,105-中醫基礎醫學（二）（包括中醫方劑學、中醫藥物學）.csv,
15,"某44歲男性，腹部拘急時痛，喜溫喜按3年餘，面色無華，神疲乏力，心悸氣短，手足煩熱，咽乾
口燥，舌淡苔白，脈弦細，最宜使用下列何方藥？
(A)吳茱萸、人參、生薑、大棗 (B)人參、白朮、乾薑、炙甘草
(C)桂枝湯倍芍藥，加飴糖 (D)附子理中湯",C,105-中醫基礎醫學（二）（包括中醫方劑學、中醫藥物學）.csv,
16,"關於烏梅丸的敘述，下列何者錯誤？
(A)組成：烏梅、黃連、黃芩、人參、當歸、附子、細辛、吳茱萸、蜀椒、乾薑
(B)主治久泄、久痢
(C)主治臟寒蛔厥
(D)治療胃熱腸寒之證",A,105-中醫基礎醫學（二）（包括中醫方劑學、中醫藥物學）.csv,
17,"關於白頭翁湯之敘述，下列何者正確？
(A)治療病勢已緩的濕熱痢 (B)治療久瀉、久痢之虛寒痢
(C)治療血痢 (D)方中含有黃芩
代號：2101
頁次：8－3",C,105-中醫基礎醫學（二）（包括中醫方劑學、中醫藥物學）.csv,
18,"關於下列方劑之藥物組成，何者錯誤？
(A)《傷寒論》四逆湯：附子、乾薑、甘草
(B)《正體類要》參附湯：人參、附子、甘草
(C)《金匱要略》黃耆桂枝五物湯：桂枝湯去甘草，加黃耆
(D)《傷寒論》白通湯：四逆湯去甘草，加蔥",B,105-中醫基礎醫學（二）（包括中醫方劑學、中醫藥物學）.csv,
19,"下列有幾項是《和劑局方》牡蠣散的組成藥物？①龍骨 ②麻黃 ③茜草根 ④黃耆
(A)1 (B)2 (C)3 (D)4",A,105-中醫基礎醫學（二）（包括中醫方劑學、中醫藥物學）.csv,
20,"下列敘述，正確的有幾項？①荊芥、人參、陳皮是《傅青主女科》完帶湯的藥物組成之一 ②山藥、
白果是《傅青主女科》完帶湯與易黃湯的共同組成藥物 ③白果、芡實、黃柏是《傅青主女科》易
黃湯的組成藥物 ④《傅青主女科》易黃湯主治腎虛濕熱下注之證
(A)1 (B)2 (C)3 (D)4",C,105-中醫基礎醫學（二）（包括中醫方劑學、中醫藥物學）.csv,
21,"關於黃土湯之敘述，下列何者錯誤？
(A)治脾陽不足，對血失去統攝之權所導致之出血證
(B)以伏龍肝溫中收澀止血，為主藥
(C)以當歸、阿膠補益陰血之不足，並能止血
(D)配以苦寒之黃芩，可佐制溫熱之藥",C,105-中醫基礎醫學（二）（包括中醫方劑學、中醫藥物學）.csv,
22,"十灰散方中藥物十味均燒灰，下列藥物何者不是本方之組成藥物？
(A)大薊、小薊 (B)側柏葉、荷葉 (C)白茅根、茜草根 (D)牡丹皮、地榆",D,105-中醫基礎醫學（二）（包括中醫方劑學、中醫藥物學）.csv,
23,"關於方劑組成，下列何者正確？①抵當湯含蟅蟲 ②身痛逐瘀湯含地龍 ③溫經湯含阿膠
(A)①① (B)①① (C)①① (D)①①①",C,105-中醫基礎醫學（二）（包括中醫方劑學、中醫藥物學）.csv,
24,"關於桂枝茯苓丸之敘述，下列何者錯誤？
(A)臨床常用於治療婦女腹部宿有癥塊 (B)方中牡丹皮、黃芩，配桃仁、赤芍，並能清瘀熱
(C)與膠艾湯，皆可治姙娠出血 (D)與生化湯，皆可治胞宮瘀血",B,105-中醫基礎醫學（二）（包括中醫方劑學、中醫藥物學）.csv,
25,"關於酸棗仁湯之敘述，下列何者錯誤？
(A)有養血安神、清熱除煩之功用
(B)重用酸棗仁，以養肝血安心神
(C)知母滋陰清熱，助酸棗仁安神除煩
(D)與甘麥大棗湯，皆治肝血不足、陰虛內熱之失眠",D,105-中醫基礎醫學（二）（包括中醫方劑學、中醫藥物學）.csv,
26,"下列敘述何者正確？
(A)蘇子降氣湯主治痰涎壅盛，上盛下虛 (B)定喘湯主治風寒外束、痰熱內蘊
(C)丁香杮蒂湯主治胃氣虛寒、氣逆不降 (D)橘皮竹茹湯主治胃虛有熱、胃失和降
代號：2101
頁次：8－4",D,105-中醫基礎醫學（二）（包括中醫方劑學、中醫藥物學）.csv,
27,"關於《外科正宗》消風散的敘述，下列正確有幾項？①主治皮膚瘙癢，疹出色紅，或遍身雲片斑點，
脈浮數 ②方中生地、赤芍、丹皮清熱涼血 ③服用本方時，不宜食辛辣、魚腥、煙酒、濃茶等 ④
若陰血不足、形體消瘦、骨蒸盜汗者，不宜用本方
(A)4 (B)3 (C)2 (D)1",B,105-中醫基礎醫學（二）（包括中醫方劑學、中醫藥物學）.csv,
28,"關於牽正散的敘述，下列正確有幾項？①氣虛血瘀或肝風內動而引起的口角喎斜則非所宜 ②用熱酒
調服，宣通血脈並引藥入絡直達病所 ③主治風痰阻於頭面經絡 ④殭蠶、全蠍、白附子各等分生用
(A)1 (B)2 (C)3 (D)4",D,105-中醫基礎醫學（二）（包括中醫方劑學、中醫藥物學）.csv,
29,"《素問‧病機氣宜保命集》大秦艽湯與《和劑局方》川芎茶調散的組成中，下列何藥是兩方皆有？
(A)秦艽 (B)荊芥 (C)薄荷 (D)防風",D,105-中醫基礎醫學（二）（包括中醫方劑學、中醫藥物學）.csv,
30,"平胃散主治濕滯脾胃，下列何者非其組成？
(A)陳皮 (B)厚朴 (C)半夏 (D)蒼朮",C,105-中醫基礎醫學（二）（包括中醫方劑學、中醫藥物學）.csv,
31,"鎮肝熄風湯主治肝陽上亢，肝風內動之類中風證，其組成中何者為主要藥物？
(A)生龍骨、生牡蠣 (B)生龜板、生杭芍 (C)川楝子、生麥芽 (D)懷牛膝、生赭石",D,105-中醫基礎醫學（二）（包括中醫方劑學、中醫藥物學）.csv,
32,"清燥救肺湯與麥門冬湯的組成中，下列有幾項藥物相同？①麥冬 ②人參 ③甘草 ④半夏 ⑤大棗
(A)2 (B)3 (C)4 (D)5",B,105-中醫基礎醫學（二）（包括中醫方劑學、中醫藥物學）.csv,
33,"甘露消毒丹之敘述，下列正確有幾項？①本方所治之證，係由於濕溫時疫邪留氣分所造成之濕熱並
重證 ②本方的功用為利濕化濁，清熱解毒 ③射干、黃芩、茵陳、薄荷為其藥物組成 ④組方含
有六一散藥物組成
(A)1 (B)2 (C)3 (D)4",C,105-中醫基礎醫學（二）（包括中醫方劑學、中醫藥物學）.csv,
34,"定癇丸中熄風止痙的藥物，下列正確的有幾項？①水蛇 ②殭蠶 ③全蠍 ④蜈蚣 ⑤蟬蛻
(A)2 (B)3 (C)4 (D)5",A,105-中醫基礎醫學（二）（包括中醫方劑學、中醫藥物學）.csv,
35,"下列敘述，何者正確？
(A)《醫學心悟》消瘰丸治療寒痰凝結造成的瘰癧痰核
(B)《醫學心悟》定癇丸可滌痰熄風，治療痰熱引起的癲癇
(C)《指迷方》茯苓丸以半夏為君藥，治療痰停上焦造成的兩臂疼痛
(D)《證治準繩》四神丸的組成為白豆蔻、補骨脂、五味子、吳茱萸，可以治療脾腎虛寒的五更泄瀉",B,105-中醫基礎醫學（二）（包括中醫方劑學、中醫藥物學）.csv,
36,"若暴飲暴食後，脘腹脹滿，泛酸伴有物不消化味道，食不下，苔厚膩，脈滑；使用下列何方最適宜？
(A)保和丸 (B)枳實導滯丸 (C)木香檳榔丸 (D)枳朮丸",A,105-中醫基礎醫學（二）（包括中醫方劑學、中醫藥物學）.csv,
37,"關於《丹溪心法》保和丸之敘述，下列何者正確？
(A)若不考慮藥物劑量，本方包含了整個二陳湯（陳皮、半夏、茯苓、甘草）的藥物組成
(B)方中半夏、黃連合用，寒熱並用，辛開苦降，以除心下之痞滿
(C)本方和《證治準繩》健脾丸的共同藥物有山楂
(D)本方和《蘭室秘藏》枳實消痞丸的共同藥物有神麴
代號：2101
頁次：8－5",C,105-中醫基礎醫學（二）（包括中醫方劑學、中醫藥物學）.csv,
38,"關於《和劑局方》二陳湯的敘述，下列正確有幾項？①半夏為君，辛溫燥濕，降逆和胃止嘔 ②橘
紅為臣，理氣燥濕，使氣順而痰消 ③乾薑降逆化飲，既可制半夏之毒，且能助半夏、橘紅行氣消
痰 ④烏梅收斂肺氣，與半夏相伍，有散有收，相反相成，使祛痰而不傷正
(A)4 (B)3 (C)2 (D)1",B,105-中醫基礎醫學（二）（包括中醫方劑學、中醫藥物學）.csv,
39,"關於《醫學心悟》止嗽散之敘述，下列正確有幾項？①功用為止咳化痰，疏表宣肺 ②主治燥邪犯
肺，咳嗽咽癢，或微有惡寒發熱，舌苔薄白 ③方中的紫苑、百部、白芷止咳化痰；桔梗、杏仁宣
降肺氣 ④諸藥合用，溫潤和平，不寒不熱，既無攻擊過當之虞，大有啟門驅賊之勢，是以客邪易
散，肺氣安寧
(A)4 (B)3 (C)2 (D)1",C,105-中醫基礎醫學（二）（包括中醫方劑學、中醫藥物學）.csv,
40,"礞石滾痰丸之組成，下列何者正確？
(A)青礞石、黃芩、沉香、大黃 (B)青礞石、黃芩、木香、大黃
(C)青礞石、黃芩、沉香、大黃、南星 (D)青礞石、黃芩、木香、大黃、南星、桔梗",A,105-中醫基礎醫學（二）（包括中醫方劑學、中醫藥物學）.csv,
41,"辛涼解表藥中，薄荷與牛蒡子之共同功效為何？
(A)疏散風熱，透疹利咽 (B)疏散風熱，解毒退翳
(C)疏肝解鬱，利咽透疹 (D)清利頭目，疏肝解鬱",A,105-中醫基礎醫學（二）（包括中醫方劑學、中醫藥物學）.csv,
42,"紫蘇葉與生薑都具有的功效，下列何項最宜？
(A)發汗解表，行氣寬中 (B)發汗解表，溫中止嘔，安胎
(C)發汗解表，止嘔，解魚蟹毒 (D)發汗解表，祛風止痛",C,105-中醫基礎醫學（二）（包括中醫方劑學、中醫藥物學）.csv,
43,"善用於治療鼻淵，頭痛、不聞香臭、時流濁涕的藥對為何？
(A)荊芥、防風 (B)麻黃、桂枝 (C)羌活、獨活 (D)辛夷、蒼耳子",D,105-中醫基礎醫學（二）（包括中醫方劑學、中醫藥物學）.csv,
44,"下列何藥用於瀉下焦血分濕熱；而濕熱在上焦氣分者禁用﹖
(A)宣木瓜 (B)桑寄生 (C)粉防己 (D)五加皮",C,105-中醫基礎醫學（二）（包括中醫方劑學、中醫藥物學）.csv,
45,"柴胡與升麻共有的功效，下列何者正確？
(A)升陽舉陷 (B)疏肝解鬱 (C)發表透疹 (D)和解少陽",A,105-中醫基礎醫學（二）（包括中醫方劑學、中醫藥物學）.csv,
46,"下列藥物中，何者具有除痹止瀉作用，能治脾濕泄瀉及風濕痹痛、筋脈拘攣？
(A)藿香 (B)防風 (C)薏苡仁 (D)萆薢",C,105-中醫基礎醫學（二）（包括中醫方劑學、中醫藥物學）.csv,
47,"關於車前子的敘述，下列何者錯誤？
(A)可用於濕熱泄瀉 (B)可用於目赤翳障 (C)入湯劑宜包煎 (D)鹽製增強利小便",D,105-中醫基礎醫學（二）（包括中醫方劑學、中醫藥物學）.csv,
48,"下列何藥物最具疏肝破氣，散結消滯的作用？
(A)陳皮 (B)青皮 (C)枳殼 (D)香附
代號：2101
頁次：8－6",B,105-中醫基礎醫學（二）（包括中醫方劑學、中醫藥物學）.csv,
49,"下列何者常用於腎虛、膀胱失約之尿頻、遺尿？
(A)川楝子 (B)香附 (C)甘松 (D)烏藥",D,105-中醫基礎醫學（二）（包括中醫方劑學、中醫藥物學）.csv,
50,"黃連之瀉火解毒功用，尤善於治療下列何者？
(A)熱痹 (B)疔毒 (C)肺熱 (D)水腫",B,105-中醫基礎醫學（二）（包括中醫方劑學、中醫藥物學）.csv,
51,"佛手與香櫞皆具有的作用，下列何者最適宜？
(A)溫中散寒，順氣止痛 (B)破氣消積，化痰除痞
(C)行氣止痛，消食化積 (D)舒肝理氣，和中化痰",D,105-中醫基礎醫學（二）（包括中醫方劑學、中醫藥物學）.csv,
52,"下列何藥能清熱養肝，明目退翳，可用於肝熱目赤、肝虛目暗？
(A)旋覆花 (B)密蒙花 (C)金銀花 (D)穀精草",B,105-中醫基礎醫學（二）（包括中醫方劑學、中醫藥物學）.csv,
53,"關於黃柏應用之敘述，下列何者錯誤？
(A)治濕熱下注，腳氣、足痿弱無力
(B)長於制相火，退虛熱，用於陰虛發熱、骨蒸潮熱
(C)治濕熱下注，帶下清稀及便秘
(D)用於瘡瘍腫痛、丹毒及乳癰初起",C,105-中醫基礎醫學（二）（包括中醫方劑學、中醫藥物學）.csv,
54,"下列何種瀉下藥，性味辛、熱、有大毒，歸胃、大腸、肺經？
(A)巴豆 (B)甘遂 (C)大戟 (D)牽牛子",A,105-中醫基礎醫學（二）（包括中醫方劑學、中醫藥物學）.csv,
55,"下列何藥為治濕熱瀉利要藥，又能清胃熱，止嘔吐及瘡癰腫毒？
(A)枳實 (B)黃連 (C)紫蘇 (D)萆薢",B,105-中醫基礎醫學（二）（包括中醫方劑學、中醫藥物學）.csv,
56,"下列藥物常用於跌打損傷，瘀血腫痛，何者不是以樹脂入藥？
(A)乳香 (B)沒藥 (C)血竭 (D)降香",D,105-中醫基礎醫學（二）（包括中醫方劑學、中醫藥物學）.csv,
57,"下列何藥常與丹參配伍，治冠心病心絞痛？
(A)羌活 (B)白蘞 (C)降香 (D)川楝子",C,105-中醫基礎醫學（二）（包括中醫方劑學、中醫藥物學）.csv,
58,"治療因血熱妄行而致的尿血症，選用下列何種止血藥物最合適？
(A)艾葉 (B)灶心土 (C)白芨 (D)白茅根",D,105-中醫基礎醫學（二）（包括中醫方劑學、中醫藥物學）.csv,
59,"下列何藥用於痛經、血滯經閉、產後瘀滯腹痛、癥瘕、跌打損傷、瘀阻疼痛，以及肺癰、腸癰等證，
又能潤腸通便？
(A)火麻仁 (B)桃仁 (C)乳香 (D)沒藥",B,105-中醫基礎醫學（二）（包括中醫方劑學、中醫藥物學）.csv,
60,"下列何者不是澤蘭的主治病證？
(A)跌打損傷 (B)行水消腫 (C)食積不化 (D)活血祛瘀
代號：2101
頁次：8－7",C,105-中醫基礎醫學（二）（包括中醫方劑學、中醫藥物學）.csv,
63,"補虛藥中，下列何者治肺熱陰虛引起的燥咳？
(A)沙參 (B)石斛 (C)枇杷葉 (D)紫菀",A,105-中醫基礎醫學（二）（包括中醫方劑學、中醫藥物學）.csv,
64,"關於枸杞之敘述，下列何者最不適宜？
(A)用於腎虛精虧 (B)用於下消 (C)用於滋陰潤肺 (D)用於脾虛便溏",D,105-中醫基礎醫學（二）（包括中醫方劑學、中醫藥物學）.csv,
65,"下列何藥物具溫腎壯陽、祛寒除濕之功；但性燥熱有傷陰之弊？
(A)仙茅 (B)骨碎補 (C)狗脊 (D)杜仲",A,105-中醫基礎醫學（二）（包括中醫方劑學、中醫藥物學）.csv,
66,"具燥濕利水、止汗、安胎作用，下列何者最適宜？
(A)白朮 (B)蒼朮 (C)桑枝 (D)茯苓",A,105-中醫基礎醫學（二）（包括中醫方劑學、中醫藥物學）.csv,
67,"下列何者用於和胃健脾併治赤白帶？
(A)白朮 (B)椿根皮 (C)陳皮 (D)扁豆",D,105-中醫基礎醫學（二）（包括中醫方劑學、中醫藥物學）.csv,
68,"王先生平素血壓些微偏高，最近關節紅腫熱痛，又因發燒咳嗽而出現痰鳴喘息的症狀，下列何藥最
適宜選用？
(A)夏枯草 (B)地龍 (C)白花蛇 (D)蠶沙
代號：2101
頁次：8－8",B,105-中醫基礎醫學（二）（包括中醫方劑學、中醫藥物學）.csv,
69,"礞石最為治下列何病證之良藥？
(A)痰食癖積 (B)水腫脹滿 (C)痰積驚癇 (D)胸脇疼痛",C,105-中醫基礎醫學（二）（包括中醫方劑學、中醫藥物學）.csv,
71,"近代張錫純在治風火上逆，眩暈昏厥之內中風證，認為龍骨、牡蠣雖能斂火熄風，而性澀欠下達之
力，惟佐以下列何藥，則下達之功速，上逆之氣血即可隨之而下？
(A)雄黃 (B)代赭石 (C)鉤藤 (D)烏藥",B,105-中醫基礎醫學（二）（包括中醫方劑學、中醫藥物學）.csv,
72,"臨床用於外感風熱、肺氣不降，喘咳、痰稠。既降肺氣，又宣散風熱的藥物為下列何者？
(A)旋覆花 (B)桔梗 (C)白前 (D)前胡",D,105-中醫基礎醫學（二）（包括中醫方劑學、中醫藥物學）.csv,
73,"平肝息風藥和開竅藥的區別，下列何者錯誤？
(A)平肝息風藥可用於肝風內動所致之驚癇抽搐 (B)開竅藥用於脫證的回陽救逆
(C)開竅藥可用於閉證 (D)平肝息風藥可用於陽亢所致之頭痛眩暈",B,105-中醫基礎醫學（二）（包括中醫方劑學、中醫藥物學）.csv,
74,"治療驚悸失眠、血滯經閉及小便不利可用下列何種藥物？
(A)琥珀 (B)龍骨 (C)遠志 (D)石菖蒲",A,105-中醫基礎醫學（二）（包括中醫方劑學、中醫藥物學）.csv,
75,"下列何藥既有補火助陽，又有解毒殺蟲療瘡之功效？
(A)雄黃 (B)石榴皮 (C)硫黃 (D)赤石脂",C,105-中醫基礎醫學（二）（包括中醫方劑學、中醫藥物學）.csv,
76,"下列何藥具有消食化積，活血散瘀之功？
(A)山楂 (B)麥芽 (C)萊菔子 (D)雞內金",A,105-中醫基礎醫學（二）（包括中醫方劑學、中醫藥物學）.csv,
77,"下列何者入大腸、胃經，內服可以用於崩漏帶下，外用可以生肌斂瘡？
(A)血餘炭 (B)赤石脂 (C)五倍子 (D)石榴皮",B,105-中醫基礎醫學（二）（包括中醫方劑學、中醫藥物學）.csv,
78,"辛夷入湯劑，下列何者正確？
(A)包煎 (B)另煎 (C)烊化 (D)先煎",A,105-中醫基礎醫學（二）（包括中醫方劑學、中醫藥物學）.csv,
79,"關於鶴虱與蕪荑的比較，下列何者正確？
(A)皆以種子入藥 (B)皆入脾、胃經 (C)皆有毒性 (D)皆具止咳之功",B,105-中醫基礎醫學（二）（包括中醫方劑學、中醫藥物學）.csv,
80,"馬錢子常採用下列何種炮製處理來降低其毒性？
(A)炒炭 (B)砂炒 (C)火煅 (D)酒炙",B,105-中醫基礎醫學（二）（包括中醫方劑學、中醫藥物學）.csv,
1,"《足臂十一脈灸經》和《五十二病方》皆屬於下列何醫書？
(A)《黃帝內經》 (B)《馬王堆醫書》 (C)《傷寒雜病論》 (D)《針灸甲乙經》",B,106-中醫基礎醫學（一）（包括中醫醫學史、中醫基礎理論、內經、難經）.csv,
2,"下列何項不是《難經》中針灸學之論點？
(A)迎隨補瀉的原則 (B)針法上強調知為針者，信其左
(C)針灸須候氣至 (D)針灸須配合五運六氣學說",D,106-中醫基礎醫學（一）（包括中醫醫學史、中醫基礎理論、內經、難經）.csv,
3,"下列何者是現存的第一部中醫外科專著？
(A)《理傷續斷方》 (B)《外科正宗》 (C)《劉涓子鬼遺方》 (D)《外科理例》",C,106-中醫基礎醫學（一）（包括中醫醫學史、中醫基礎理論、內經、難經）.csv,
4,"下列何者是《素問玄機原病式》的作者？
(A)張從正 (B)劉完素 (C)羅知悌 (D)朱丹溪",B,106-中醫基礎醫學（一）（包括中醫醫學史、中醫基礎理論、內經、難經）.csv,
5,"下列何醫家是張元素的嫡傳弟子？
(A)趙養葵 (B)張景岳 (C)李杲 (D)汪機",C,106-中醫基礎醫學（一）（包括中醫醫學史、中醫基礎理論、內經、難經）.csv,
6,"下列關於清代醫家汪昂的敘述，何者正確？
(A)不業歧黃，而深通醫書 (B)有感於《內經》不便觀覽，而著《內經知要》
(C)著有《醫方集解》與《本草從新》 (D)薛己評價其《內經》著作為「至簡至要」",A,106-中醫基礎醫學（一）（包括中醫醫學史、中醫基礎理論、內經、難經）.csv,
7,"中央國醫館為民國時期中醫藥界重要的行政組織。下列與其相關的敘述何者錯誤？
(A)初期創立時被迫援引中央國術館的成立制度
(B)為民國時期實際負責中醫藥衛生行政管理的主管單位
(C)設立學術標準大綱鼓吹以科學方法解釋固有醫藥學說
(D)曾推動統一中西醫病名的工作",B,106-中醫基礎醫學（一）（包括中醫醫學史、中醫基礎理論、內經、難經）.csv,
8,"民國時期中醫衛生行政的法案「中醫條例」之推動，歷經許多波折。關於此事件之相關說明，下列
何者錯誤？
(A)由中央國醫館焦易堂等人提出，希望由衛生署中醫藥委員會管理全國中醫之執照登記
(B)此條例曾被時任行政院長之汪精衛強力阻撓
(C)1936年通過公告後因程序法未備，始終不得執行
(D)為現行醫師法中「中醫師」資格認定之先驅",A,106-中醫基礎醫學（一）（包括中醫醫學史、中醫基礎理論、內經、難經）.csv,
9,"蔡小姐近來胸脅胃脘脹滿疼痛，煩躁易怒，不易入睡，同時又吃不下飯，呃逆噯氣，嚴重時還會乾
嘔，舌苔薄白，脈弦數。其主要的病機以下列何種五行乘侮規律描述最適宜？
(A)木旺侮土 (B)木鬱土壅 (C)土壅侮木 (D)木旺乘土",D,106-中醫基礎醫學（一）（包括中醫醫學史、中醫基礎理論、內經、難經）.csv,
10,"依《素問‧四氣調神大論》所記載，若違逆那一季節的養生之道，則會產生太陰不收的病理變化？
(A)冬 (B)夏 (C)春 (D)秋",D,106-中醫基礎醫學（一）（包括中醫醫學史、中醫基礎理論、內經、難經）.csv,
11,"據《素問‧上古天真論》，男性幾歲的時候天癸至，而能有子？
(A)13 (B)14 (C)15 (D)16",D,106-中醫基礎醫學（一）（包括中醫醫學史、中醫基礎理論、內經、難經）.csv,
12,"根據《內經》分別人身與臟腑之陰陽概念中，腹為陰，陰中之陰為何臟腑？
(A)心 (B)脾 (C)肺 (D)腎
代號：1101
頁次：6－2",D,106-中醫基礎醫學（一）（包括中醫醫學史、中醫基礎理論、內經、難經）.csv,
13,"關於《內經》養生理論，下列何者錯誤？
(A)四時陰陽乃萬物之本 (B)聖人春夏養陽，秋冬養陰
(C)養生之道強調治已病，與現代醫學不謀而合 (D)春養生，夏養長，秋養收，冬養藏",C,106-中醫基礎醫學（一）（包括中醫醫學史、中醫基礎理論、內經、難經）.csv,
14,"據《素問‧陰陽應象大論》，情志的調和與養生有極大的關係，而五志中的恐會傷下列何臟？
(A)脾 (B)肺 (C)腎 (D)肝",C,106-中醫基礎醫學（一）（包括中醫醫學史、中醫基礎理論、內經、難經）.csv,
15,"依《素問‧陰陽應象大論》下列敘述何者正確？
(A)心在志為怒 (B)肝在志為喜 (C)腎在志為憂 (D)脾在志為思",D,106-中醫基礎醫學（一）（包括中醫醫學史、中醫基礎理論、內經、難經）.csv,
16,"依《素問》，下列敘述何者錯誤？
(A)以「背為陽，腹為陰；藏者為陰，府者為陽」的陰陽相對性，說明人體內臟腑相互關係及屬性
(B)以「陰勝則陽病，陽勝則陰病」的陰陽偏勝，說明人體寒熱病的形成
(C)以「陽病治陰，陰病治陽」，說明陰陽偏衰造成人體虛熱症與虛寒症的治法
(D)以「味厚者為陽，薄為陰之陽」，說明藥物氣味陰陽屬性",D,106-中醫基礎醫學（一）（包括中醫醫學史、中醫基礎理論、內經、難經）.csv,
17,"依據《素問‧宣明五氣論》的敘述，「汗」為何臟所化之液？
(A)肝 (B)心 (C)腎 (D)肺",B,106-中醫基礎醫學（一）（包括中醫醫學史、中醫基礎理論、內經、難經）.csv,
18,"《素問‧脈要精微論》稱為「血之府」的是下列何者？
(A)髓 (B)脈 (C)肝 (D)心",B,106-中醫基礎醫學（一）（包括中醫醫學史、中醫基礎理論、內經、難經）.csv,
19,"下列有關宗氣的敘述，何者正確？
(A)別出於下焦 (B)先出腎之兩焦
(C)積於胸中，出於喉嚨 (D)留於海，其上者，注於氣街",C,106-中醫基礎醫學（一）（包括中醫醫學史、中醫基礎理論、內經、難經）.csv,
20,"關於「八會穴」，兩乳間之穴為下列何者所會？
(A)氣 (B)血 (C)臟 (D)腑",A,106-中醫基礎醫學（一）（包括中醫醫學史、中醫基礎理論、內經、難經）.csv,
21,"關於臟腑氣機之升降出入，下列敘述何者錯誤？
(A)肺氣主降 (B)肝氣主升 (C)脾氣主升 (D)膽氣主降",D,106-中醫基礎醫學（一）（包括中醫醫學史、中醫基礎理論、內經、難經）.csv,
22,"腦為奇恒之腑，中醫雖將其生理功能的運作歸於五臟，但與其中三臟較為密切，下列何者不在此三
臟之中？
(A)心 (B)肝 (C)腎 (D)脾",D,106-中醫基礎醫學（一）（包括中醫醫學史、中醫基礎理論、內經、難經）.csv,
23,"依據中醫藏象理論，下列敘述何者錯誤？
(A)目為肝之外竅 (B)肝主筋 (C)肝者作強之官 (D)肝者其華在爪",C,106-中醫基礎醫學（一）（包括中醫醫學史、中醫基礎理論、內經、難經）.csv,
24,"依據中醫藏象理論，有關髓的敘述下列何者錯誤？
(A)腦為髓之海 (B)腎生骨髓 (C)諸髓者，皆屬於脾 (D)骨者，髓之府",C,106-中醫基礎醫學（一）（包括中醫醫學史、中醫基礎理論、內經、難經）.csv,
25,"根據《內經》中津液的觀念，下列敘述何者最正確？
(A)腦脊髓液能補益腦髓，故屬於津的一種 (B)汗經常較為粘稠，故屬於液的一種
(C)關節液能潤滑關節，故屬於津的一種 (D)膽汁位於膽囊中，故屬於液的一種",D,106-中醫基礎醫學（一）（包括中醫醫學史、中醫基礎理論、內經、難經）.csv,
26,"關於氣與血的相對關係，下列敘述何者錯誤？
(A)氣虛容易導致貧血 (B)氣虛容易導致出血 (C)氣盛容易導致瘀血 (D)氣盛容易導致出血",C,106-中醫基礎醫學（一）（包括中醫醫學史、中醫基礎理論、內經、難經）.csv,
27,"下列何者不是用來評估「肺」藏象生理活動的特點？
(A)呼吸方式是否正常 (B)是否出現水腫
(C)皮膚、汗腺、體毛是否正常 (D)食量是否正常",D,106-中醫基礎醫學（一）（包括中醫醫學史、中醫基礎理論、內經、難經）.csv,
28,"下列五臟與形體組織的對應何者正確？
(A)肝與筋 (B)肺與脈 (C)脾與筋 (D)腎與肉",A,106-中醫基礎醫學（一）（包括中醫醫學史、中醫基礎理論、內經、難經）.csv,
29,"水液代謝之生理功能，與下列那三臟之關係最密切？
(A)心、肝、腎 (B)心、肺、脾 (C)肺、腎、脾 (D)肺、肝、腎",C,106-中醫基礎醫學（一）（包括中醫醫學史、中醫基礎理論、內經、難經）.csv,
30,"陳爸爸得知就讀高中的兒子因吸毒被留置警局，大怒而吐血昏厥，下列何者是此現象的生理基礎？
(A)氣能生血 (B)氣能攝血 (C)氣能行血 (D)血為氣之母
代號：1101
頁次：6－3",C,106-中醫基礎醫學（一）（包括中醫醫學史、中醫基礎理論、內經、難經）.csv,
31,"下列有關血的敘述何者正確？
(A)上焦受氣取汁，變化而赤，是謂血
(B)中焦並胃中，出上焦之後。此所受氣者，泌糟粕，蒸津液，化其精微
(C)下焦出氣如露，上注谿谷，而滲孫脈，津液和調
(D)精神衰退，煩燥，恍惚，驚悸不安，神志失常，常責之為氣病，通常不涉及血病",B,106-中醫基礎醫學（一）（包括中醫醫學史、中醫基礎理論、內經、難經）.csv,
32,"依《素問‧六節藏象論》，「罷極之本，魂之居」指的是下列何者？
(A)腎 (B)肝 (C)脾 (D)肺",B,106-中醫基礎醫學（一）（包括中醫醫學史、中醫基礎理論、內經、難經）.csv,
33,"依據《靈樞‧經脈》所述，「循經入於心中，繫舌本，屬目系」為下列何者之循行部位？
(A)手心主之別 (B)手少陰之別 (C)足少陰之別 (D)足厥陰之別",B,106-中醫基礎醫學（一）（包括中醫醫學史、中醫基礎理論、內經、難經）.csv,
34,"下列何者具有「調節十二經氣血、聯繫奇恒之腑」的生理功能？
(A)經別 (B)別絡 (C)奇經八脈 (D)經筋",C,106-中醫基礎醫學（一）（包括中醫醫學史、中醫基礎理論、內經、難經）.csv,
35,"患者踢毽子不慎，導致左小腿脛骨內側前緣內踝上十寸之處瘀傷，依據經絡循行理論，以那一條經
絡治療最適合？
(A)脾經 (B)肝經 (C)腎經 (D)膀胱經",A,106-中醫基礎醫學（一）（包括中醫醫學史、中醫基礎理論、內經、難經）.csv,
36,"有關十二正經的生理功能之敘述，下列何者錯誤？
(A)通行氣血陰陽 (B)聯絡組織器官，溝通表裏上下
(C)調節機能活動 (D)蓄積灌滲氣血",D,106-中醫基礎醫學（一）（包括中醫醫學史、中醫基礎理論、內經、難經）.csv,
37,"《靈樞‧經筋》記載有關經筋的分布「結於肘內銳骨之後，彈之應小指之上，入結於腋下」的是：
(A)手太陽之筋 (B)手少陽之筋 (C)手陽明之筋 (D)手太陰之筋",A,106-中醫基礎醫學（一）（包括中醫醫學史、中醫基礎理論、內經、難經）.csv,
38,"小寶最近出現舌頭疼痛、噁心、腹脹、身體困重、腸鳴、腹瀉以及大腿內側痠痛等症狀。下列那一
條經絡與其相關的臟腑與上述病症最有關係？
(A)足陽明胃經 (B)足太陽膀胱經 (C)足少陽膽經 (D)足太陰脾經",D,106-中醫基礎醫學（一）（包括中醫醫學史、中醫基礎理論、內經、難經）.csv,
39,"藍先生主訴苦於心痛，氣逆而腹中脹急，疝氣疼痛，依據《難經‧二十九難》對奇經八脈病症之記
載，藍先生的不適與下列何者最不相關？
(A)衝脈 (B)任脈 (C)陰維脈 (D)陽維脈",D,106-中醫基礎醫學（一）（包括中醫醫學史、中醫基礎理論、內經、難經）.csv,
40,"根據《難經‧二十八難》，「起於氣衝，並足陽明之經，夾臍上行，至胸中而散。」為何經脈之循
行部位？
(A)陰維 (B)任脈 (C)衝脈 (D)帶脈",C,106-中醫基礎醫學（一）（包括中醫醫學史、中醫基礎理論、內經、難經）.csv,
41,"惡寒發熱往來發作是外感傷寒向裡傳變之常見表徵。若臨床上出現寒熱往來之徵象，下列那一組經
絡系統之間的傳變組合最不合適？
(A)太陽經傳少陽經 (B)陽明經傳少陽經 (C)太陽經傳陽明經 (D)太陽經傳太陰經",C,106-中醫基礎醫學（一）（包括中醫醫學史、中醫基礎理論、內經、難經）.csv,
42,"小美最近月經來時出現腰痠痛情況，卻沒有明確外傷或負重病史。下列那一條經絡與其相關之臟腑
與上述病症最有關係？
(A)足少陰腎經 (B)足厥陰肝經 (C)足少陽膽經 (D)足太陰脾經",A,106-中醫基礎醫學（一）（包括中醫醫學史、中醫基礎理論、內經、難經）.csv,
43,"依據《靈樞‧經脈》所述，關於大腸經循行與相關病候下列何者正確？
(A)大腸手陽明之脈，起於大指次指之端，循指上廉，出歧骨之間
(B)交肩上，下入缺盆，絡肺，下膈，屬大腸
(C)是動則病頭痛，鼻腫
(D)是主津液所生病者，目黃，口乾，鼽衄，喉痺",D,106-中醫基礎醫學（一）（包括中醫醫學史、中醫基礎理論、內經、難經）.csv,
44,"依據《靈樞‧經脈》所述，關於十五別絡循行下列何者錯誤？
(A)足厥陰之別，名曰蠡溝。去內踝五寸，別走少陽；其別者，經脛上睪，結於莖
(B)任脈之別，名曰尾翳。下鳩尾，散於腹
(C)督脈之別，名曰長強。貫脊上項，散頭上，下當肩胛左右，別走太陽，入貫膂
(D)脾之大絡，名曰大包。出淵腋下三寸，布胸脇
代號：1101
頁次：6－4",C,106-中醫基礎醫學（一）（包括中醫醫學史、中醫基礎理論、內經、難經）.csv,
45,"黃先生參加高爾夫球比賽前沒有熱身，比賽到關鍵時刻，他為了打出更遠的一杆，奮力一擊，結果
立即感到下背與脅區一陣劇烈疼痛，緊急送醫後被診斷為急性前鋸肌拉傷，依據《靈樞‧經筋》，
最可能是那一條經筋受傷？
(A)手心主之筋 (B)手太陰之筋 (C)手陽明之筋 (D)手少陽之筋",A,106-中醫基礎醫學（一）（包括中醫醫學史、中醫基礎理論、內經、難經）.csv,
46,"12歲小明，突然發現口腔內下齦齒根疼痛，從部位來看，應與下列那條經絡之病變最相關？
(A)手少陰心經 (B)手陽明大腸經 (C)足少陰腎經 (D)足陽明胃經",B,106-中醫基礎醫學（一）（包括中醫醫學史、中醫基礎理論、內經、難經）.csv,
47,"《靈樞‧經脈》記載經脈的病證，「是動則病飢不欲食，面如漆柴，咳唾則有血，喝喝而喘，坐而
欲起」的是：
(A)脾經 (B)心經 (C)肺經 (D)腎經",D,106-中醫基礎醫學（一）（包括中醫醫學史、中醫基礎理論、內經、難經）.csv,
48,"某40歲市政府機要秘書，因壓力大患有胃潰瘍病，經常腹部脹滿疼痛，近日每天早上2～3 點出現氣
從少腹上衝咽喉而導致失眠。今察舌偏紅苔白，脈左關弦右關濡。請問依經絡理論，最宜治以下列何
條經脈？
(A)足太陰經、手少陰經 (B)足太陰經、足厥陰經 (C)足厥陰經、手少陰經 (D)足陽明經、足太陰經",B,106-中醫基礎醫學（一）（包括中醫醫學史、中醫基礎理論、內經、難經）.csv,
49,"為何肥胖的病人，喜歡躺而不喜歡運動？
(A)因其腸胃大則陰氣行於裏多，皮膚濕分肉不解則氣道澀，故衛氣虛，故欲瞑
(B)因其腸胃大則營血化生於裏多，皮膚濕衛氣行澀，故衛氣少而營血多，故欲瞑
(C)因其腸胃大則濕停於裏，濕停而營衛氣化生不足，故衛氣急而陰氣徐，故欲瞑
(D)因其腸胃大則衛氣行留久，皮膚濕分肉不解則遲，故衛氣留於陰也久，故欲瞑",D,106-中醫基礎醫學（一）（包括中醫醫學史、中醫基礎理論、內經、難經）.csv,
50,"40歲林先生某晨醒來突然口眼喎斜，行走及二便正常，其最可能為下列何種病因所致？
(A)風 (B)寒 (C)暑 (D)濕",A,106-中醫基礎醫學（一）（包括中醫醫學史、中醫基礎理論、內經、難經）.csv,
51,"有關《靈樞‧順氣一日分為四時》對一天裡面人體疾病進退之論述，下列何者正確？
(A)旦安 (B)夜慧 (C)夕慧 (D)晝安",D,106-中醫基礎醫學（一）（包括中醫醫學史、中醫基礎理論、內經、難經）.csv,
52,"依《素問‧至真要大論》所記載，若疾病症狀表現中看到排出的液體為澄清透明的，其屬性為下列
何者？
(A)濕 (B)寒 (C)風 (D)火",B,106-中醫基礎醫學（一）（包括中醫醫學史、中醫基礎理論、內經、難經）.csv,
53,"根據《金匱要略‧臟腑經絡先後病脈證第一》對於中醫病因之論述，下列敘述何者正確？
(A)經絡受邪入臟腑，為不內外因也
(B)清濕襲下，為內因也
(C)四肢九竅血脈相傳，壅塞不通，為外皮膚所中也
(D)房室、金刃、蟲獸所傷，為內所因也",C,106-中醫基礎醫學（一）（包括中醫醫學史、中醫基礎理論、內經、難經）.csv,
54,"下列有關「陰虛風動證」之病理變化，何者錯誤？
(A)陰液枯竭，無以濡養筋脈 (B)多見於傷寒後期
(C)此屬虛風 (D)臨床可見筋攣肉動",B,106-中醫基礎醫學（一）（包括中醫醫學史、中醫基礎理論、內經、難經）.csv,
55,"根據《素問‧舉痛論》對「後泄腹痛」形成病機之論述，下列何者最正確？
(A)寒氣客於陰股 (B)寒氣客於衝脈 (C)寒氣客於厥陰之脈 (D)寒氣客於小腸",D,106-中醫基礎醫學（一）（包括中醫醫學史、中醫基礎理論、內經、難經）.csv,
56,"下列何者並非瘀血致病常見的臨床表現？
(A)瘀阻胞宮，則見經色淡而無血塊 (B)產生疼痛症狀
(C)產生瘀血不去，新血不生的病況 (D)經脈瘀塞不通",A,106-中醫基礎醫學（一）（包括中醫醫學史、中醫基礎理論、內經、難經）.csv,
57,"思慮多時會有不思飲食之症狀，其病機為何？
(A)氣下 (B)氣泄 (C)氣亂 (D)氣結",D,106-中醫基礎醫學（一）（包括中醫醫學史、中醫基礎理論、內經、難經）.csv,
58,"依《素問‧調經論》，下列有關外感和內傷之敘述，何者錯誤？
(A)其相同點都是由於病因之影響，使氣血失調而產生偏盛或偏衰的病變
(B)風雨寒濕傷人體表，使氣血并於分腠而為實
(C)風雨寒濕傷人體表，使營衛氣不足於肌膚而為虛
(D)飲食喜怒傷人血脈，血脈不通而為虛
代號：1101
頁次：6－5",D,106-中醫基礎醫學（一）（包括中醫醫學史、中醫基礎理論、內經、難經）.csv,
59,"《靈樞‧百病始生》中有關「虛邪之風，與其身形，兩虛相得，乃客其形」之內容，下列敘述何者
錯誤？
(A)虛邪指一切能使人致病的氣候因素 (B)兩虛指除了虛邪之外，包含人體正氣之虛
(C)虛邪指春夏秋冬正常節氣變化 (D)天之虛邪，加上人身形之虛，使諸邪得以客其形",C,106-中醫基礎醫學（一）（包括中醫醫學史、中醫基礎理論、內經、難經）.csv,
60,"據《素問‧生氣通天論》所論，長期嗜好過食酸性食物，有可能造成下列何種病變？
(A)肝氣以津，脾氣乃絕 (B)大骨氣勞，短肌
(C)筋脈沮弛，精神乃央 (D)心氣喘滿，色黑，腎氣不衡",A,106-中醫基礎醫學（一）（包括中醫醫學史、中醫基礎理論、內經、難經）.csv,
61,"根據《素問‧生氣通天論》所述「營氣不從，逆於肉理，乃生癰腫」，下列病因何者最可能？
(A)風 (B)寒 (C)暑 (D)濕",B,106-中醫基礎醫學（一）（包括中醫醫學史、中醫基礎理論、內經、難經）.csv,
62,"阿魯接了發送海報的工作，三天之後自覺身體發熱，多汗多飲，其最可能為下列何種病因所致？
(A)風 (B)寒 (C)暑 (D)濕",C,106-中醫基礎醫學（一）（包括中醫醫學史、中醫基礎理論、內經、難經）.csv,
63,"馬先生因祖產被強佔，盛怒昏倒失去意識。依《素問‧生氣通天論》，下列敘述何者最恰當？
(A)此因心情非常鬱悶而致肝氣不疏 (B)昏倒是因為氣血無法上頭
(C)昏厥的病因病機近似於「煎厥」 (D)甦醒後可能會有言語或肢體運動障礙",D,106-中醫基礎醫學（一）（包括中醫醫學史、中醫基礎理論、內經、難經）.csv,
64,"關於《素問‧調經論》中所說「陰虛則內熱」，下列敘述何者錯誤？
(A)可因勞倦、飲食不節引起 (B)上焦不利
(C)寒氣積於胸中 (D)脾胃運化無力",C,106-中醫基礎醫學（一）（包括中醫醫學史、中醫基礎理論、內經、難經）.csv,
65,"對於《難經》所記載的五邪所傷的表現，下列何者正確？
(A)中濕傷脾，病患會出現汗出不止、身熱、小腹痛、足寒
(B)中風喜傷肝、傷暑喜傷心、中濕喜傷腎
(C)中風傷肝，病患會出現身熱、面紅、脇下滿痛、脈弦
(D)傷寒傷肝，病患會出現譫言妄語、身熱惡寒、喘咳",B,106-中醫基礎醫學（一）（包括中醫醫學史、中醫基礎理論、內經、難經）.csv,
66,"一位50歲職業司機，平日生活忙碌，常餓過頭，泛酸胃痛，晚上會因胃不舒而醒過來，眠則打呼，
睡眠品質不佳。有關其致病病機之相關論述，下列何者正確？
(A)此因胃不和則臥不安，肺絡不得隨經上下，故息有音
(B)此因氣血衰，衛氣衰少而臥不安，肺絡不得隨經上下，故息有音
(C)此因陽明脈逆，不得從其道，故不得臥，脈絡不得隨經上下，故息有音
(D)此因三陽脈上逆，不得從其道，故不得臥而息有音",D,106-中醫基礎醫學（一）（包括中醫醫學史、中醫基礎理論、內經、難經）.csv,
67,"狂疾屬陽證，其症狀為何？
(A)不感到飢餓 (B)常悶悶不樂 (C)忽然昏倒 (D)出現陰脈",A,106-中醫基礎醫學（一）（包括中醫醫學史、中醫基礎理論、內經、難經）.csv,
68,"有關《素問‧風論》中「風證」之病機，下列敘述何者錯誤？
(A)風邪入腠，腠理開則洒然而寒
(B)風邪入腠，腠理閉則煩熱而悶
(C)風氣入於太陽經，與營氣相抗爭，使脈道不利，故使肌肉憤䐜有瘍
(D)風氣入於太陽經，使衛氣停滯不行，其肉不仁",C,106-中醫基礎醫學（一）（包括中醫醫學史、中醫基礎理論、內經、難經）.csv,
69,"患者出現多飲、多食、多尿的消渴症狀，則其病理的變化與治療，下列何者最正確？
(A)需要常有大汗出的運動習慣，可用汗、吐、下法治療
(B)常會有口乾苦的表現
(C)平常喜食甘美食物，且容易產生內熱與中滿的病理表現
(D)依《內經》可用養陰清熱法治療
代號：1101
頁次：6－6",C,106-中醫基礎醫學（一）（包括中醫醫學史、中醫基礎理論、內經、難經）.csv,
70,"依《靈樞‧周痹》，下列關於「眾痹」之敘述，何者正確？
(A)痛處固定不移 (B)左右不相應而發作 (C)易復發 (D)疼痛發作時間長",C,106-中醫基礎醫學（一）（包括中醫醫學史、中醫基礎理論、內經、難經）.csv,
71,"《素問‧評熱病論》，有病溫者，汗出輒復熱，而脈躁疾，不為汗衰，狂言不能食，關於其病名與
病機，下列何者錯誤？
(A)陰勝之極，陰邪交入陽分，陽氣不能復也 (B)病名為陰陽交
(C)溫病中之危重症 (D)若飲食恢復則病情好轉",A,106-中醫基礎醫學（一）（包括中醫醫學史、中醫基礎理論、內經、難經）.csv,
72,"70 歲男性糖尿病患者，外感二日後，面部及足皆水腫，言語不利，末稍之深部韌帶反射（DTR）正
常，意識清醒，有關其可能之致病病機及治則，下列何者正確？
(A)宜針刺十宣穴放血 (B)此為陰陽交 (C)此為腎風病 (D)此為勞風病",C,106-中醫基礎醫學（一）（包括中醫醫學史、中醫基礎理論、內經、難經）.csv,
73,"5歲小兒外出不慎淋雨後，出現發燒38℃、目痛、鼻乾、耳痛，下列敘述何者正確？
(A)病名為風厥 (B)熱邪客於太陽與陽明經
(C)屬兩感於寒 (D)可用汗法",D,106-中醫基礎醫學（一）（包括中醫醫學史、中醫基礎理論、內經、難經）.csv,
74,"在《素問‧痿論》有關「五藏使人痿」之相關論述，下列何者正確？
(A)肝氣熱，則膽泄口苦筋膜乾，筋急而攣，發為筋痿
(B)脾氣寒，則肌肉不仁，口渴而發為肉痿
(C)心氣寒，脈痿而脛縱而不任地也
(D)腎氣熱，腰脊不舉，筋急而攣，發為筋痿",A,106-中醫基礎醫學（一）（包括中醫醫學史、中醫基礎理論、內經、難經）.csv,
75,"有關漏風之病機及症狀論述，下列何者正確？
(A)衛氣泄越，腠理閉而發熱 (B)新沐中風者稱之
(C)汗出多，身體盡痛而寒 (D)飲酒中風者稱之",D,106-中醫基礎醫學（一）（包括中醫醫學史、中醫基礎理論、內經、難經）.csv,
76,"《素問‧奇病論》敘述病患數謀慮不決、氣上溢、口苦的表現，關於其臨床分析，下列何者正確？
(A)足厥陰之脈上挾咽，循喉嚨之後，上入頏顙，為其病位
(B)病機為謀慮不決而膽氣虛，產生氣上溢而口苦
(C)病名為腎痹
(D)可由腎虛水氣上溢所致",B,106-中醫基礎醫學（一）（包括中醫醫學史、中醫基礎理論、內經、難經）.csv,
77,"在《素問‧厥論》有關寒厥與熱厥之病機論述，下列何者較正確？
(A)寒厥是因體虛之人，於秋冬煩勞過多，上氣下爭不能復，陰氣衰，不能滲營其經絡，故手足為之寒
(B)熱厥是因飲酒加上縱慾過多，氣聚胃中不得散，熱盛而腎氣有衰，故手足為之熱
(C)熱厥是因飲酒加上縱慾過多，酒氣與穀氣相薄，熱盛而腎氣盛，故手足為之熱
(D)寒厥亦可因質壯之人，於秋冬縱慾過多，下氣上爭不能復，陽氣衰，不能滲營其經絡，故手足為
之寒",D,106-中醫基礎醫學（一）（包括中醫醫學史、中醫基礎理論、內經、難經）.csv,
78,"依《難經》所記載「五藏之積」其發於少腹，久不已，令人喘逆，為下列何藏之積？
(A)肝 (B)心 (C)脾 (D)腎",D,106-中醫基礎醫學（一）（包括中醫醫學史、中醫基礎理論、內經、難經）.csv,
79,"一位70歲患高血壓之男性病人，半年來出現「目胞腫，足腫，腹大」，醫師診察腹無青筋，以手按
其腹，隨手而起。其診斷最可能為下列何者？
(A)鼓脹 (B)膚脹 (C)水腫 (D)風水",C,106-中醫基礎醫學（一）（包括中醫醫學史、中醫基礎理論、內經、難經）.csv,
80,"某40歲女性證券交易員，因控制飲食半年來僅食用蔬果，最近出現腹脹大不舒，易腹瀉，雙足無力
等現象。有關其致病病機之相關論述，下列何者正確？
(A)因傷於寒濕，肌肉濡漬，發為骨痿
(B)因任脈虛損，與陽明合於宗筋，故足痿不用
(C)因脾土不勝水，則骨枯而髓虛，故足不任身，發為骨痿
(D)為陽明脈虛，則宗筋縱，帶脈不引，故足痿不用",D,106-中醫基礎醫學（一）（包括中醫醫學史、中醫基礎理論、內經、難經）.csv,
1,"關於解表方劑之敘述，下列何者最不適當？
(A)《此事難知》九味羌活湯辛溫發汗，兼清裏熱，適用於外感風寒挾濕，惡寒發熱，無汗身痛，兼
有口苦微渴者
(B)《傷寒六書》柴葛解肌湯辛涼解肌，兼清裏熱，適用於風寒漸化為熱，初犯陽明經或三陽合病者
(C)《傷寒六書》再造散助陽益氣，辛溫發汗，適用於陽氣虛弱而見表寒證，非汗不解者
(D)《醫學心悟》加味香蘇散解肌清裏，適用於風溫初起，肺氣失宣，身熱而微惡風寒，咽痛口渴較
甚者",D,106-中醫基礎醫學（二）（包括中醫方劑學、中醫藥物學）.csv,
2,"關於《金匱要略》三物備急丸之敘述，下列何者最不適宜？
(A)組成為大黃、乾薑、巴豆 (B)用時以暖水，苦酒送服
(C)本方主治冷積久病，寒實積輕 (D)如服後瀉下不止，可喝冷粥止之",C,106-中醫基礎醫學（二）（包括中醫方劑學、中醫藥物學）.csv,
3,"下列何方劑煎煮時，大黃須後下？
(A)大承氣湯 (B)小承氣湯 (C)調胃承氣湯 (D)大陷胸湯",A,106-中醫基礎醫學（二）（包括中醫方劑學、中醫藥物學）.csv,
4,"患者證見腹痛，大便秘結，脇下偏痛，發熱但手足厥冷不溫，其脈緊弦，舌苔白膩。使用下列何方
劑最適宜？
(A)大建中湯 (B)大黃附子湯 (C)四逆散 (D)大柴胡湯",B,106-中醫基礎醫學（二）（包括中醫方劑學、中醫藥物學）.csv,
5,"關於《傷寒論》麻子仁丸之功用，下列何者最適宜？
(A)補益氣血，瀉熱通便 (B)潤腸泄熱，行氣通便 (C)溫陽散寒，瀉結行滯 (D)溫腎益精，潤腸通便",B,106-中醫基礎醫學（二）（包括中醫方劑學、中醫藥物學）.csv,
6,"關於中藥煎煮方法，下列何類藥物最不宜武火急煎？
(A)解表藥 (B)清熱藥 (C)滋補藥 (D)芳香類藥",C,106-中醫基礎醫學（二）（包括中醫方劑學、中醫藥物學）.csv,
7,"下列何者為《溫病條辨》增液承氣湯之組成藥物？
(A)厚朴 (B)枳實 (C)甘草 (D)芒硝",D,106-中醫基礎醫學（二）（包括中醫方劑學、中醫藥物學）.csv,
8,"下列敘述何者錯誤？
(A)人參敗毒散的君藥有人參 (B)蔥白七味飲的君藥有蔥白、生薑
(C)麻黃附子細辛湯的君藥有麻黃 (D)再造散的君藥有黃耆、人參",A,106-中醫基礎醫學（二）（包括中醫方劑學、中醫藥物學）.csv,
9,"下列敘述何者正確？
(A)七寶美髯丹主治脫髮，腰膝痠軟，崩帶，消渴，腎虛不孕等
(B)人參養榮湯為生脈飲加黃耆、肉桂、遠志、陳皮、生薑、大棗。主治積勞虛損，心虛驚悸
(C)百合固金湯主治肺虛無熱之咳嗽氣喘
(D)右歸丸與右歸飲之組成藥物皆有菟絲子、鹿角膠、枸杞
代號：2101
頁次：6－2",A,106-中醫基礎醫學（二）（包括中醫方劑學、中醫藥物學）.csv,
10,"下列何方最宜主治因真元虛損，陰陽精血不足，所造成之陽萎遺精，兩目昏花，久不孕育？
(A)大補陰丸 (B)舉元煎 (C)龜鹿二仙膠 (D)杞菊地黃丸",C,106-中醫基礎醫學（二）（包括中醫方劑學、中醫藥物學）.csv,
11,"下列各項敘述何者錯誤？
(A)《小兒藥證直訣》導赤散主治遺精淋濁，五心煩熱之心經火盛證，木通苦寒清心降火為方中主藥，
生地涼血養陰以制心火為次藥
(B)《丹溪心法》左金丸，黃連與吳茱萸之比例為六比一
(C)《蘭室秘藏》清胃散，黃連清泄胃火為主要藥物，夏月用此方，黃連用量可以加倍
(D)《宣明論方》當歸龍薈丸的組成藥物中，具有黃連解毒湯的組成藥物",A,106-中醫基礎醫學（二）（包括中醫方劑學、中醫藥物學）.csv,
12,"下列敘述何者正確？
(A)《溫病條辨》增液湯用治氣陰兩傷所致之肺虛久欬
(B)《宣明論方》地黃飲子之方劑辨證為：下元虛衰，虛陽上浮，痰濁上逆，阻塞竅道證
(C)《醫學正傳》白朮芍藥散，主治脾胃久虛，嘔吐泄瀉，頻作不止，煩渴欲飲
(D)《脾胃論》升陽益胃湯之組成藥物包含柴胡、黃連、黃芩、澤瀉",B,106-中醫基礎醫學（二）（包括中醫方劑學、中醫藥物學）.csv,
13,"炙甘草湯組成中炙甘草的主要作用為下列何者？
(A)補益心氣 (B)滋養心陰 (C)調和脾胃 (D)緩和藥性",A,106-中醫基礎醫學（二）（包括中醫方劑學、中醫藥物學）.csv,
14,"《溫病條辨》益胃湯與《續名醫類案》一貫煎共有的組成藥物，下列有幾味正確？①枸杞 ②沙參
③麥冬 ④生地 ⑤玉竹
(A)2 (B)3 (C)4 (D)5",B,106-中醫基礎醫學（二）（包括中醫方劑學、中醫藥物學）.csv,
15,"吳茱萸湯中吳茱萸的作用，下列何者正確？①溫胃止嘔 ②疏肝理氣 ③下氣降逆 ④溫腎回陽
(A)①② (B)①③ (C)②③ (D)③④",B,106-中醫基礎醫學（二）（包括中醫方劑學、中醫藥物學）.csv,
16,"下列方劑與主治證配對，何者正確？①痛瀉要方—肝胃不和 ②逍遙散—肝鬱脾虛 ③左金丸—肝
脾不調 ④吳茱萸湯—肝胃虛寒
(A)①② (B)②③ (C)②④ (D)③④",C,106-中醫基礎醫學（二）（包括中醫方劑學、中醫藥物學）.csv,
17,"下列敘述何者正確？
(A)《證治準繩》四神丸乃是針對脾胃虛寒之泄瀉而設
(B)《證治準繩》四神丸組成為肉豆蔻、吳茱萸、補骨脂、五味子
(C)《普濟本事方》二神丸組成為肉豆蔻、吳茱萸
(D)《普濟本事方》五味子散組成為補骨脂、五味子",B,106-中醫基礎醫學（二）（包括中醫方劑學、中醫藥物學）.csv,
18,"《景岳全書》玉女煎的組成不包含下列何種藥物？
(A)石膏 (B)牛膝 (C)生地黃 (D)麥門冬",C,106-中醫基礎醫學（二）（包括中醫方劑學、中醫藥物學）.csv,
19,"下列何者不是半夏瀉心湯的組成之一？
(A)大棗、生薑 (B)人參、乾薑 (C)黃芩、黃連 (D)甘草、柴胡",A,106-中醫基礎醫學（二）（包括中醫方劑學、中醫藥物學）.csv,
20,"當歸四逆湯的組成，下列何者正確？
(A)桂枝湯去大棗，倍生薑，加當歸、細辛、通草 (B)桂枝湯去生薑，倍大棗，加當歸、細辛、通草
(C)桂枝湯去芍藥，加當歸、細辛、通草 (D)桂枝湯倍芍藥，加當歸、細辛、通草",B,106-中醫基礎醫學（二）（包括中醫方劑學、中醫藥物學）.csv,
21,"下列有幾味是《傅青主女科》完帶湯與易黃湯共同的組成藥物？①山藥 ②白朮 ③車前子 ④白芍
(A)1 (B)2 (C)3 (D)4",B,106-中醫基礎醫學（二）（包括中醫方劑學、中醫藥物學）.csv,
22,"下列何方不含延胡索？
(A)金鈴子散 (B)安中散 (C)橘核丸 (D)天台烏藥散
代號：2101
頁次：6－3",D,106-中醫基礎醫學（二）（包括中醫方劑學、中醫藥物學）.csv,
23,"桃核承氣湯之敘述，下列何者錯誤？
(A)本方可治譫語煩渴、其人如狂之證 (B)方中大黃下瘀泄熱
(C)本方由調胃承氣湯加桃仁、紅花組成 (D)本方有破血下瘀之功用",C,106-中醫基礎醫學（二）（包括中醫方劑學、中醫藥物學）.csv,
24,"因心虛肝鬱之睡眠不安，除補養安神外，宜急食甘以緩之，則下列何方有此效果？
(A)酸棗仁湯 (B)加味逍遙散 (C)甘麥大棗湯 (D)一貫煎",C,106-中醫基礎醫學（二）（包括中醫方劑學、中醫藥物學）.csv,
25,"理血方劑中，常用活血藥配以理氣藥，下列敘述何者錯誤？
(A)血府逐瘀湯配以柴胡、枳殼、桔梗行氣開胸 (B)復元活血湯用柴胡行氣疏肝
(C)膈下逐瘀湯用木香、枳殼疏肝理氣 (D)丹參飲用檀香、砂仁行氣寬中",C,106-中醫基礎醫學（二）（包括中醫方劑學、中醫藥物學）.csv,
26,"《傅青主女科》生化湯中用量最大的是那一味藥？
(A)川芎 (B)桃仁 (C)乾薑 (D)當歸",D,106-中醫基礎醫學（二）（包括中醫方劑學、中醫藥物學）.csv,
27,"下列何方主治肝腎陰寒之疝氣痛？
(A)天台烏藥散 (B)暖肝煎 (C)橘核丸 (D)吳茱萸湯",B,106-中醫基礎醫學（二）（包括中醫方劑學、中醫藥物學）.csv,
28,"下列方劑組成中使用地龍者，正確有幾項？①身痛逐瘀湯 ②補陽還五湯 ③復元活血湯 ④小活
絡丹
(A)1 (B)2 (C)3 (D)4",C,106-中醫基礎醫學（二）（包括中醫方劑學、中醫藥物學）.csv,
29,"《慎齋遺書》百合固金湯所治之咳痰帶血，咽喉燥痛，係屬下列何項陰虛所致？
(A)肝、腎 (B)肺、胃 (C)肺、腎 (D)脾、肺",C,106-中醫基礎醫學（二）（包括中醫方劑學、中醫藥物學）.csv,
30,"痰飲，臍下動悸，吐涎沫而頭眩，或短氣而咳者，何方主之？
(A)麻黃、生薑、杏仁、甘草 (B)茯苓、豬苓、澤瀉、滑石、阿膠
(C)茯苓、豬苓、澤瀉、白朮、桂枝 (D)防己、黃耆、白朮、甘草",C,106-中醫基礎醫學（二）（包括中醫方劑學、中醫藥物學）.csv,
31,"「麥冬、半夏、人參、甘草、粳米、大棗」所組成之方劑，主治肺痿，係因下列何項陰虛，痰涎不
化所致？
(A)肺、胃 (B)肺、腎 (C)脾、肺 (D)心、肺",A,106-中醫基礎醫學（二）（包括中醫方劑學、中醫藥物學）.csv,
32,"《丹溪心法》萆薢分清飲主治陽虛濕邪下注，煎服時加入何者「引藥直達下焦」？
(A)酒 (B)醋 (C)生薑 (D)鹽",D,106-中醫基礎醫學（二）（包括中醫方劑學、中醫藥物學）.csv,
33,"《傷寒論》附子湯主治陽虛寒濕內侵，身體骨節疼痛，其組成是真武湯去何藥再加人參？
(A)茯苓 (B)芍藥 (C)白朮 (D)生薑",D,106-中醫基礎醫學（二）（包括中醫方劑學、中醫藥物學）.csv,
34,"百合固金湯與養陰清肺湯均有的組成藥物，下列正確有幾味？①白芍 ②貝母 ③生地 ④玄參
(A)1 (B)2 (C)3 (D)4",D,106-中醫基礎醫學（二）（包括中醫方劑學、中醫藥物學）.csv,
35,"有關三子養親湯之敘述，下列何者正確？①組成為萊菔子、紫蘇子、白芥子等三藥 ②主治老年人
因食少痰少哽後之喘咳證 ③白芥子與蘇子因氣味芳香，不宜煎煮太過，以防藥性耗散
(A)①② (B)①③ (C)②③ (D)①②③",B,106-中醫基礎醫學（二）（包括中醫方劑學、中醫藥物學）.csv,
36,"下列何者為海藻玉壺湯之組成？
(A)連翹、甘草、海藻、貝母、半夏、青皮、陳皮、昆布、海帶、當歸、玄參、川芎
(B)昆布、貝母、牡蠣、半夏、青皮、海藻、當歸、陳皮、川芎、連翹、甘草、獨活
(C)昆布、海藻、牡蠣、貝母、青皮、半夏、當歸、陳皮、玄參、川芎、連翹、甘草
(D)川芎、獨活、連翹、海藻、海帶、昆布、貝母、半夏、青皮、陳皮、當歸、甘草",D,106-中醫基礎醫學（二）（包括中醫方劑學、中醫藥物學）.csv,
37,"有關清氣化痰丸之敘述，下列何者錯誤？
(A)以半夏燥濕化痰為方中主藥 (B)以黃芩、瓜蔞清肺火、化痰熱
(C)以枳實、陳皮理肺寬胸、消痰散結 (D)以膽星清熱化痰
代號：2101
頁次：6－4",A,106-中醫基礎醫學（二）（包括中醫方劑學、中醫藥物學）.csv,
38,"關於《傷寒論》小陷胸湯的敘述，下列有幾項正確？①主治痰熱互結，表現胸脘痞悶，按之不痛，
或咳痰黃稠，舌苔黃膩，脈滑數 ②此證型為小結胸病，相較於水熱互結胸腹，從心下至少腹硬滿
而痛不可近的大結胸病為輕 ③以半夏為君，黃連為臣，辛開苦降，除心下之結 ④佐以瓜蔞實清
熱化痰，通胸膈之閉
(A)1 (B)2 (C)3 (D)4",A,106-中醫基礎醫學（二）（包括中醫方劑學、中醫藥物學）.csv,
39,"枳朮丸以下列何者製為丸？
(A)湯浸，蒸餅為丸 (B)水泛丸 (C)薑汁為丸 (D)荷葉裹，燒飯為丸",D,106-中醫基礎醫學（二）（包括中醫方劑學、中醫藥物學）.csv,
40,"有關《傷寒論》葛根黃芩黃連湯之敘述，下列有幾項錯誤？①主治表證未解，熱邪入裏。證見身熱，
下利臭穢，肛門有灼熱感，苔黃脈數 ②先煎芩、連而後納諸藥，以減其苦寒之性損傷正氣 ③甘
草可和中緩其腹痛 ④本方雖屬表裏同治之劑，但以清裏熱為主
(A)1 (B)2 (C)3 (D)4",A,106-中醫基礎醫學（二）（包括中醫方劑學、中醫藥物學）.csv,
42,"薄荷不具有的功效是：
(A)宣散風熱 (B)清利頭目 (C)利咽透疹 (D)利水消腫",D,106-中醫基礎醫學（二）（包括中醫方劑學、中醫藥物學）.csv,
43,"附子在臨床上的應用，下列敘述何者錯誤？
(A)腎陰不足，頭暈目眩，腰痠腿軟 (B)陰寒內盛，脾陽不振，而見脘腹冷痛
(C)脾腎陽虛，見小便不利，肢體浮腫 (D)陽虛外感風寒者，常與麻黃、細辛同用",A,106-中醫基礎醫學（二）（包括中醫方劑學、中醫藥物學）.csv,
44,"下列那組藥物合用具有祛風散寒、勝濕止痛的功效？
(A)白芷、紫蘇 (B)藁本、紫蘇 (C)防風、荊芥 (D)防風、羌活",D,106-中醫基礎醫學（二）（包括中醫方劑學、中醫藥物學）.csv,
45,"下列敘述何者錯誤？
(A)連翹，瘡家聖藥 (B)葛根，脾胃虛弱泄瀉聖藥
(C)麻黃，肺家專藥 (D)白芷，太陽主藥",D,106-中醫基礎醫學（二）（包括中醫方劑學、中醫藥物學）.csv,
46,"下列藥物中，何者屬於質量最輕的藥材且具有通乳作用？
(A)木通 (B)乳香 (C)通脫木 (D)赤小豆",C,106-中醫基礎醫學（二）（包括中醫方劑學、中醫藥物學）.csv,
47,"八月札、玫瑰花二者皆入下列何經？
(A)心 (B)肝 (C)肺 (D)腎",B,106-中醫基礎醫學（二）（包括中醫方劑學、中醫藥物學）.csv,
48,"有關車前子的敘述，下列何者最不適宜？
(A)性味甘寒 (B)滲膀胱濕熱 (C)治暑濕下痢 (D)治腎虛寒",D,106-中醫基礎醫學（二）（包括中醫方劑學、中醫藥物學）.csv,
49,"有關金錢草功效主治的敘述何者錯誤？
(A)利水通淋治淋證 (B)活血化瘀治惡瘡腫毒 (C)泌尿系結石要藥 (D)除濕退黃治黃疸",B,106-中醫基礎醫學（二）（包括中醫方劑學、中醫藥物學）.csv,
50,"下列關於蒼朮的敘述，有幾項正確？①菊科植物 ②可用於治夜盲 ③具補氣健脾作用 ④足膝
痿軟可用
(A)1 (B)2 (C)3 (D)4
代號：2101
頁次：6－5",C,106-中醫基礎醫學（二）（包括中醫方劑學、中醫藥物學）.csv,
51,"下列何藥物長期服用會產生腎毒性？
(A)粉防己 (B)漢防己 (C)廣防己 (D)川木通",C,106-中醫基礎醫學（二）（包括中醫方劑學、中醫藥物學）.csv,
52,"下列四味中藥皆能除虛熱，但何者能治肺熱咳嗽、產後血虛發熱、胎前產後的熱淋、血淋，又可解
毒療瘡？
(A)白薇 (B)青蒿 (C)銀柴胡 (D)地骨皮",A,106-中醫基礎醫學（二）（包括中醫方劑學、中醫藥物學）.csv,
53,"下列何藥上能清肺熱、潤肺燥，中能瀉胃火生津，下能滋腎陰降火；用於肺熱燥咳、胃熱津傷口渴
及腎陰虛火旺、骨蒸潮熱？
(A)梔子 (B)黃芩 (C)知母 (D)黃連",C,106-中醫基礎醫學（二）（包括中醫方劑學、中醫藥物學）.csv,
54,"關於蚤休之敘述，下列何者最不適宜？
(A)治癰腫疔毒，痄腮喉痹 (B)用於陰證瘡瘍，兼能涼血止痢
(C)具清肝泄火，清熱解毒之效 (D)可散腫止痛，兼能化瘀止血",B,106-中醫基礎醫學（二）（包括中醫方劑學、中醫藥物學）.csv,
55,"下列何藥最常用於孕婦之除熱安胎？
(A)天花粉 (B)大黃 (C)漏蘆 (D)黃芩",D,106-中醫基礎醫學（二）（包括中醫方劑學、中醫藥物學）.csv,
56,"有關梔子之臨床應用，下列何者最不適宜？
(A)治濕熱黃疸 (B)治濕熱引起之小便不暢
(C)外用治跌傷、扭傷 (D)用於虛火上炎",D,106-中醫基礎醫學（二）（包括中醫方劑學、中醫藥物學）.csv,
57,"治大便燥結，大黃常與下列何藥相須為用？
(A)枳實 (B)芒硝 (C)厚朴 (D)甘草",B,106-中醫基礎醫學（二）（包括中醫方劑學、中醫藥物學）.csv,
58,"下列何種瀉下藥最適合用於年老、體弱、久病？
(A)大黃 (B)蘆薈 (C)番瀉葉 (D)火麻仁",D,106-中醫基礎醫學（二）（包括中醫方劑學、中醫藥物學）.csv,
59,"關於茜草的論述，下列何者錯誤？
(A)有止血之功效 (B)因性味甘溫，而有補益元氣之功
(C)有活血祛瘀之功效 (D)有通經之功效",B,106-中醫基礎醫學（二）（包括中醫方劑學、中醫藥物學）.csv,
60,"下列何種止血藥收斂性強，臨床應用於止血時需留意產生瘀滯？
(A)艾葉 (B)棕櫚炭 (C)川七 (D)白茅根",B,106-中醫基礎醫學（二）（包括中醫方劑學、中醫藥物學）.csv,
61,"下列何者不是沒藥的臨床療效？
(A)頭昏頭痛 (B)癰疽疔瘡 (C)消腫生肌 (D)跌打損傷",A,106-中醫基礎醫學（二）（包括中醫方劑學、中醫藥物學）.csv,
62,"有關於止血藥物的主要作用功效及臨床應用原則論述，下列何者錯誤？
(A)臨床治療出血病證時需根據出血原因和具體證候，選用相應止血藥，並適當配伍其它藥物增強止
血效果
(B)治療因血熱妄行而致出血者，可以使用止血藥物配伍清熱涼血藥物
(C)治療因瘀血阻滯而致出血者，可以使用止血藥物配伍行氣活血藥物
(D)治療因出血過多而致氣虛欲脫者，可以使用止血藥物配伍滋陰潛陽藥物",D,106-中醫基礎醫學（二）（包括中醫方劑學、中醫藥物學）.csv,
63,"關於白茅根的性味、功效及臨床應用論述，下列何者最正確？
(A)只用於上部出血 (B)可用治虛寒性的出血病證
(C)因血熱妄行而致的出血症，不可使用本品 (D)止血又可清熱利尿",D,106-中醫基礎醫學（二）（包括中醫方劑學、中醫藥物學）.csv,
64,"下列何者用於婦女血脈阻滯之月經不調、經行不暢、小腹脹痛、經閉、產後瘀阻腹痛、惡露不盡，
以及跌打損傷、瘀血作痛等證之經產良藥？
(A)槐花 (B)香附 (C)益母草 (D)荊三稜
代號：2101
頁次：6－6",C,106-中醫基礎醫學（二）（包括中醫方劑學、中醫藥物學）.csv,
65,"能破血行氣、通經止痛，善治風濕肢臂疼痛，用於風濕痹痛的藥物為何？
(A)牛膝 (B)薑黃 (C)乾漆 (D)蘇木",B,106-中醫基礎醫學（二）（包括中醫方劑學、中醫藥物學）.csv,
66,"於滋養強壯或氣虛欲脫體衰的重證，可使用：
(A)太子參 (B)沙參 (C)黨參 (D)人參",D,106-中醫基礎醫學（二）（包括中醫方劑學、中醫藥物學）.csv,
67,"有關南沙參與北沙參之敘述，下列何者錯誤？
(A)北沙參為桔梗科植物輪葉沙參等的根，南沙參為繖形科植物珊瑚菜的根
(B)均以養陰清肺、益胃生津為主要功效
(C)北沙參清養肺胃作用較強，肺胃陰虛有熱之證較為多用
(D)南沙參具有益氣及祛痰作用，較宜用於氣陰兩傷及燥痰咳嗽者",A,106-中醫基礎醫學（二）（包括中醫方劑學、中醫藥物學）.csv,
68,"關於西洋參的敘述，下列何者最不適宜？
(A)用於肺陰虛火旺 (B)用於熱病氣陰兩傷 (C)用於胃陰不足 (D)用於中陽衰微",D,106-中醫基礎醫學（二）（包括中醫方劑學、中醫藥物學）.csv,
69,"關於白朮用於脾氣虛弱的敘述，下列何者最不適宜？
(A)治痰飲水腫之良藥 (B)有固表止汗作用
(C)具明顯持久的利尿作用 (D)用於氣不能攝血的脫證",D,106-中醫基礎醫學（二）（包括中醫方劑學、中醫藥物學）.csv,
70,"有關韭子的作用，下列何者錯誤？
(A)補肝腎 (B)暖腰膝 (C)滋陰明目 (D)壯陽固精",C,106-中醫基礎醫學（二）（包括中醫方劑學、中醫藥物學）.csv,
71,"下列何藥性平味鹹、辛，最適用於肝風內動及痰熱壅盛所致的抽搐驚癇？
(A)石決明 (B)珍珠母 (C)白殭蠶 (D)地龍",C,106-中醫基礎醫學（二）（包括中醫方劑學、中醫藥物學）.csv,
72,"下列何者不是天南星之功效？
(A)燥濕化痰 (B)平肝潛陽 (C)祛風止痙 (D)散結消腫",B,106-中醫基礎醫學（二）（包括中醫方劑學、中醫藥物學）.csv,
73,"肝主風，其合在筋，下列何藥物能祛風舒筋，故可治驚癇，搐搦，骨痛，筋攣？
(A)琥珀 (B)豬膽 (C)羚羊角 (D)磁石",C,106-中醫基礎醫學（二）（包括中醫方劑學、中醫藥物學）.csv,
74,"為治寒嗽要藥，常與紫菀相須為用，以增強治喘咳的療效。為下列何藥？
(A)旋覆花 (B)桔梗 (C)款冬花 (D)前胡",C,106-中醫基礎醫學（二）（包括中醫方劑學、中醫藥物學）.csv,
75,"關於冰片的應用，下列敘述何者錯誤？
(A)用於中風昏迷有回醒者 (B)用於中暑腹瀉
(C)用於各種瘡傷、咽喉腫痛 (D)氣血虛弱者忌服",B,106-中醫基礎醫學（二）（包括中醫方劑學、中醫藥物學）.csv,
76,"下列何者最不適用於濕熱下注，小便淋瀝不暢的治療？
(A)苧麻根 (B)冬瓜子 (C)川木通 (D)千金子",D,106-中醫基礎醫學（二）（包括中醫方劑學、中醫藥物學）.csv,
77,"有關五味子之敘述，下列何者正確？
(A)久服補脾氣，可以止咳化痰 (B)入止咳藥，多蜜炙用
(C)表邪未解，內有寒飲，不宜使用 (D)胃酸過多者，不宜使用",D,106-中醫基礎醫學（二）（包括中醫方劑學、中醫藥物學）.csv,
78,"下列何藥具有驅蟲作用，並可應用於脾胃氣滯，水濕壅阻等證？
(A)榧子 (B)鶴虱 (C)檳榔 (D)苦楝皮",C,106-中醫基礎醫學（二）（包括中醫方劑學、中醫藥物學）.csv,
79,"羚羊角常用的煎服法為下列何者？
(A)烊化 (B)後下 (C)銼末服 (D)打碎煎服",C,106-中醫基礎醫學（二）（包括中醫方劑學、中醫藥物學）.csv,
80,"中藥製劑的品質直接影響中醫診療的效果，乙藥廠購入之甘草經「台灣中藥典」的標準，檢驗合格
後轉賣一部分給甲藥廠，並附有檢驗成績書，檢驗項目包括①赭麴毒素 ②重金屬 ③基原鑑定
④微生物 ⑤甘草甜素 ⑥農藥殘留，甲藥廠在購入後半年才使用於製造甘草濃縮製劑，依風險評
估的原則，甲藥廠還需要對這批甘草藥材再做那些必要檢驗，才可以確保製劑的品質？
(A)①④⑤ (B)②④⑥ (C)①③⑥ (D)②③⑤",A,106-中醫基礎醫學（二）（包括中醫方劑學、中醫藥物學）.csv,
1,"有關影響魏晉南北朝醫學發展因素的敘述，下列何者錯誤？
(A)玄學興起，間接導致部分醫學發展落入不務實的空論
(B)服石的社會風氣造成不少人罹患皮膚疾病，間接推動外科療法的發展
(C)方士煉丹的社會文化思維，間接強化了藥物化學在理論與經驗上的累積
(D)南北分裂，晉朝南移的過程使醫學進展產生了明顯的斷裂",D,107-中醫基礎醫學（一）（包括中醫醫學史、中醫基礎理論、內經、難經）.csv,
2,"下列何者不是漢墓馬王堆出土之醫書？
(A)《足臂十一脈灸經》、《陰陽十一脈灸經》 (B)《湯液經》
(C)《五十二病方》、《雜療方》 (D)《却穀食氣》、《合陰陽》",B,107-中醫基礎醫學（一）（包括中醫醫學史、中醫基礎理論、內經、難經）.csv,
4,"唐代的醫學教育制度中，耳鼻喉及口腔醫學的內容置於下列那一科之下？
(A)醫科 (B)針科 (C)按摩科 (D)祝由科",A,107-中醫基礎醫學（一）（包括中醫醫學史、中醫基礎理論、內經、難經）.csv,
5,"有關李東垣「脾胃論」的敘述，下列何者正確？
(A)寒溫不適是內傷脾胃的原因之一
(B)李東垣用升舉清陽法治肺弱表虛證常用「補中益氣湯」
(C)腎氣損傷，元氣自衰，諸病所由生也
(D)李東垣脾胃論重視養「胃陰」",A,107-中醫基礎醫學（一）（包括中醫醫學史、中醫基礎理論、內經、難經）.csv,
6,"下列那一本書是醫家全元起的著作？
(A)《注黃帝素問》 (B)《黃帝內經太素》 (C)《內經訓解》 (D)《內經知要》",C,107-中醫基礎醫學（一）（包括中醫醫學史、中醫基礎理論、內經、難經）.csv,
7,"有關明朝李時珍《本草綱目》的敘述，下列何者錯誤？
(A) 以宋朝唐慎微的《經史證類備急本草》為資料主體增刪考訂而成
(B) 每藥標正名為綱，附釋名為目，並使用上中下三品分類法
(C) 共收錄1800餘種藥物
(D) 清朝趙學敏編撰《本草綱目拾遺》補其不足",B,107-中醫基礎醫學（一）（包括中醫醫學史、中醫基礎理論、內經、難經）.csv,
8,"近代中國醫藥學史中，有關醫家與其著作，下列何者錯誤？
(A) 惲鐵樵著有《傷寒論研究》、《群經見智錄》等
(B) 曹炳章輯《古今醫方集成》
(C) 謝觀等編《中國醫學大辭典》
(D) 張錫純著《醫學衷中參西錄》",B,107-中醫基礎醫學（一）（包括中醫醫學史、中醫基礎理論、內經、難經）.csv,
9,"37 歲林小姐雖然平素注重養生，結婚多年仍不孕，欲接受試管嬰兒療程，但是醫師告知她成功機率
已下降許多。依《素問‧上古天真論》，有關她現在年齡的生理特色，下列敘述何者正確？
(A)陽明脈衰，面始焦，髮始墮 (B)腎氣衰，髮墮齒槁
(C)三陽氣衰竭於上，面焦，髮鬢頒白 (D)肝氣衰，筋不能動
代號：1101
頁次：6－2",A,107-中醫基礎醫學（一）（包括中醫醫學史、中醫基礎理論、內經、難經）.csv,
10,"50 歲的小咪近日照顧生病之母親，倍感壓力大而愛吃甜食，依《素問‧生氣通天論》，有關過食五
味傷五臟之敘述，其最有可能衍生的疾病為何？
(A)味過於甘，腎氣以津，脾氣乃絕 (B)味過於甘，筋脈沮弛，肝氣不衡
(C)味過於甘，大骨氣勞，短肌，心氣抑 (D)味過於甘，心氣喘滿，色黑，腎氣不衡",D,107-中醫基礎醫學（一）（包括中醫醫學史、中醫基礎理論、內經、難經）.csv,
11,"依《素問‧金匱真言論》，有關五臟六腑與陰陽的關係，下列敘述何者正確？
(A)背為陽，陽中之陽，肝也 (B)腹為陽，陽中之陰，腎也
(C)背為陰，陰中之陽，心也 (D)腹為陰，陰中之至陰，脾也",D,107-中醫基礎醫學（一）（包括中醫醫學史、中醫基礎理論、內經、難經）.csv,
12,"依《內經》，有關於四季疾病好發之病因病位敘述，下列何者正確？
(A)秋傷於燥，冬生筋痿 (B)秋氣者病在四肢
(C)冬善病心 (D)中央為土，病在脾，俞在脊",D,107-中醫基礎醫學（一）（包括中醫醫學史、中醫基礎理論、內經、難經）.csv,
13,"某患者平時患有慢性支氣管炎已二年，天寒感冒後，痰黃黏稠難以咳出，口渴喜飲，前醫給予治療
後緩解。現在症狀為痰稀氣短，稍微勞動即咳嗽，怕風而容易汗出，食慾不振，腹脹腹瀉，倦怠無
力，舌淡胖苔薄白，脈細弱。後醫給六君子湯加減後症狀明顯好轉。根據上述症狀描述，下列敘述
何者正確？
(A)屬於母虛累子 (B)以培土生金法治療 (C)屬於相侮傳變 (D)屬於反克傳變",B,107-中醫基礎醫學（一）（包括中醫醫學史、中醫基礎理論、內經、難經）.csv,
14,"依《素問‧四氣調神大論篇》所記載的四時養生方法，其中早臥晚起，必待日光，為何季節的養生
之道？
(A)秋季 (B)夏季 (C)冬季 (D)春季",C,107-中醫基礎醫學（一）（包括中醫醫學史、中醫基礎理論、內經、難經）.csv,
15,"依《素問‧陰陽應象大論》，食物的氣味與養生有密切的關係，其中味厚者的陰陽屬性為下列何者？
(A)陽中陽 (B)陽中陰 (C)陰中陽 (D)陰中陰",D,107-中醫基礎醫學（一）（包括中醫醫學史、中醫基礎理論、內經、難經）.csv,
16,"關於佐金平木之治療方法，下列敘述何者正確？
(A)清肅肺氣和清肝瀉火兩法相合 (B)可處理木火侮土
(C)針對肝鬱脾虛 (D)處理肝氣不足與肺失宣發",A,107-中醫基礎醫學（一）（包括中醫醫學史、中醫基礎理論、內經、難經）.csv,
17,"《素問‧靈蘭秘典論》：「肺者，相傅之官」，主要是指肺的那一項生理功能？
(A)肺朝百脈 (B)肺通調水道 (C)肺主肅降 (D)肺主治節",D,107-中醫基礎醫學（一）（包括中醫醫學史、中醫基礎理論、內經、難經）.csv,
18,"28 歲男性，因全心準備公職考試多年，常思慮過度，胸口有鬱悶感。依據《素問‧陰陽應象大論》
內容，其症狀與下列那一個臟腑較相關？
(A)肝 (B)心 (C)脾 (D)肺",C,107-中醫基礎醫學（一）（包括中醫醫學史、中醫基礎理論、內經、難經）.csv,
19,"46歲女性，主訴四肢無力、肌肉消瘦。依據《素問‧痿論》內容，其症狀與那一個臟腑較相關？
(A)肝 (B)脾 (C)心 (D)腎",B,107-中醫基礎醫學（一）（包括中醫醫學史、中醫基礎理論、內經、難經）.csv,
20,"56歲女性，主訴雖然沒有撞到，但身上常有許多莫名瘀青。此症狀可能與脾的那一項功能較相關？
(A)脾主升清 (B)脾統血 (C)脾主運化 (D)脾為後天之本",B,107-中醫基礎醫學（一）（包括中醫醫學史、中醫基礎理論、內經、難經）.csv,
21,"陳同學喜歡下圍棋，下棋時常舉棋不定。按《難經》五臟藏七神理論，上述「下棋時常舉棋不定」
是七神中的那一項較不足？
(A)魂 (B)神 (C)魄 (D)志",D,107-中醫基礎醫學（一）（包括中醫醫學史、中醫基礎理論、內經、難經）.csv,
22,"45 歲男性，從事裝潢工作，因為工作場所時常是濕熱的環境，很容易流汗而且喜歡喝冷飲。門診主
訴頭身有重著感、全身肌肉緊繃酸痛。依據《素問‧至真要大論》內容，其症狀與下列那一個臟腑
最相關？
(A)心 (B)肝 (C)脾 (D)腎",C,107-中醫基礎醫學（一）（包括中醫醫學史、中醫基礎理論、內經、難經）.csv,
23,"依據《靈樞‧邪客》的內容，下列何者是「宗氣」的主要功能？
(A)吸收水榖精微 (B)貫心脈，行呼吸 (C)吸收水分，傳化糟粕 (D)氣化水濕，通利水道",B,107-中醫基礎醫學（一）（包括中醫醫學史、中醫基礎理論、內經、難經）.csv,
24,"依據《素問‧經脈別論》，有關飲食進入身體運化的生理過程，下列敘述何者錯誤？
(A)飲入於胃，游溢精氣，上輸於脾 (B)脾氣散精，上歸於肺，通調水道，下輸膀胱
(C)食氣入胃，散精於肝，淫氣於筋 (D)食氣入胃，清氣歸心，淫精於脈
代號：1101
頁次：6－3",D,107-中醫基礎醫學（一）（包括中醫醫學史、中醫基礎理論、內經、難經）.csv,
25,"依據中醫的氣血津液理論，關於「血的生成」，下列敘述何者錯誤？
(A)脾和胃是氣血生化之源
(B)《靈樞‧決氣》：「中焦受氣取汁，變化而赤，是謂血」
(C)《靈樞‧邪客》：「中氣者，泌其津液，注之於脈，化以為血」
(D)通過營氣和肺的作用，方能化生為血",C,107-中醫基礎醫學（一）（包括中醫醫學史、中醫基礎理論、內經、難經）.csv,
26,"依據《靈樞‧決氣》的內容，有關「液」之敘述，下列何者錯誤？
(A)穀入氣滿，皮膚潤澤 (B)熏膚，充身，澤毛
(C)淖澤注於骨，骨屬屈伸 (D)泄澤補益腦髓",B,107-中醫基礎醫學（一）（包括中醫醫學史、中醫基礎理論、內經、難經）.csv,
27,"依《靈樞‧海論》中「四海之順逆」的內容，「目無所見，懈怠安臥」是何者不足的表現？
(A)水穀之海 (B)血海 (C)髓海 (D)氣海",C,107-中醫基礎醫學（一）（包括中醫醫學史、中醫基礎理論、內經、難經）.csv,
28,"依據《靈樞‧九針》的敘述，「五臟六腑之蓋」指的是下列何臟？
(A)肝 (B)心 (C)脾 (D)肺",D,107-中醫基礎醫學（一）（包括中醫醫學史、中醫基礎理論、內經、難經）.csv,
29,"下列腎臟象功能失常之主要表現何者錯誤？
(A)夢遺多由於腎陰虛，相火妄動所致
(B)腎精不充，不能滋養腰膝，氣血運行不暢，故見腰冷痠痛
(C)腎主降氣，腎氣不足，降氣功能失常，故氣喘
(D)腎氣虛衰，封藏固攝失職，膀胱失約而致頻尿",C,107-中醫基礎醫學（一）（包括中醫醫學史、中醫基礎理論、內經、難經）.csv,
30,"根據中醫臟象學說，關於肝的敘述，下列何者最正確？
(A)肝藏血，所以肝主疏泄係指肝負責疏泄血，而非疏泄氣
(B)肝疏泄過盛時會產生肝火，木生火，將導致心火偏旺，神明失常，因此可能做出衝動莽撞的事
(C)肝疏泄不足時稱為肝鬱，肝鬱必定化火，會出現癲狂攻擊之熱象行為，不可能有逃避退縮的表現
(D)肝與膽互為表裡，所以肝主疏泄之核心觀念係指肝專責膽汁的製造與排放",B,107-中醫基礎醫學（一）（包括中醫醫學史、中醫基礎理論、內經、難經）.csv,
31,"有關「三焦」的敘述，下列何者錯誤？
(A)是原氣運行達到五臟六腑的通道 (B)是水穀精氣運行的通道
(C)是水液升降出入的通道 (D)是血液運行全身的通道",D,107-中醫基礎醫學（一）（包括中醫醫學史、中醫基礎理論、內經、難經）.csv,
32,"據張介賓所論，五穀入胃後，其成分經消化後將分為三類，以注於三焦，下列何者非為此三類之一？
(A)糟粕 (B)津液 (C)衛氣 (D)宗氣",C,107-中醫基礎醫學（一）（包括中醫醫學史、中醫基礎理論、內經、難經）.csv,
33,"依《靈樞‧經脈》，有關大腸手陽明之脈的敘述，下列何者錯誤？
(A)大腸手陽明之脈循行部位，在缺盆處有分支
(B)是主大腸所生病者
(C)氣有餘則當脈所過者熱腫，虛則寒慄不復
(D)盛者，人迎大三倍於寸口；虛者，人迎反小於寸口也",B,107-中醫基礎醫學（一）（包括中醫醫學史、中醫基礎理論、內經、難經）.csv,
34,"依《靈樞‧經脈》，有關十二經脈病候之敘述，下列何者錯誤？
(A)肺手太陰之脈，氣盛有餘則肩背痛，風寒汗出中風，小便數而欠
(B)胃足陽明之脈，氣不足則心下急痛，溏，瘕泄，少氣不足以息，溺色變
(C)大腸手陽明之脈，氣有餘則當脈所過者熱腫
(D)為此諸病，盛則瀉之，虛則補之，熱則疾之，寒則留之，陷下則灸之",B,107-中醫基礎醫學（一）（包括中醫醫學史、中醫基礎理論、內經、難經）.csv,
35,"依《靈樞‧經脈》，下列那些症狀屬於足太陽經是動、所生病？
(A)胸脅支滿、面赤目黃、喜笑
(B)項如拔、腰似折、膕如結、腨如裂
(C)股膝內腫、身體皆重
(D)頭、頷、胸、脇、肋、髀、膝、脛、外踝及諸節皆痛",B,107-中醫基礎醫學（一）（包括中醫醫學史、中醫基礎理論、內經、難經）.csv,
36,"依《難經》，有關五臟六腑原穴之敘述，下列何者錯誤？
(A)三焦之原，出於外關 (B)膽之原，出於丘墟 (C)大腸之原，出於合谷 (D)肺之原，出於太淵
代號：1101
頁次：6－4",A,107-中醫基礎醫學（一）（包括中醫醫學史、中醫基礎理論、內經、難經）.csv,
37,"依《靈樞‧經脈》，有關手足三陽經於耳之循行分布，下列敘述何者錯誤？
(A)足太腸膀胱經：其支者從巔至耳上角
(B)手太陽小腸經：循頰車，上耳前，過客主人，循髮際，至額顱
(C)足少陽膽經：其支者從耳後入耳中，出走耳前，至目銳眥後
(D)手少陽三焦經：繫耳後，直上出耳上角，其支者從耳後入耳中",B,107-中醫基礎醫學（一）（包括中醫醫學史、中醫基礎理論、內經、難經）.csv,
38,"手太陰肺經諸病，盛則寫之，虛則補之，熱則疾之，寒則留之，陷下則灸之，不盛不虛，以經取之。
「熱則疾之」是下列何種治療方法？
(A)快速針刺 (B)快速放血 (C)根據疾病推拿 (D)快速冰敷",A,107-中醫基礎醫學（一）（包括中醫醫學史、中醫基礎理論、內經、難經）.csv,
39,"下列那一條經脈所生病者，為目黃脇痛，臑臂內後廉痛厥，掌中熱痛？
(A)手太陰肺經 (B)手厥陰心包經 (C)手少陰心經 (D)手少陽小腸經",C,107-中醫基礎醫學（一）（包括中醫醫學史、中醫基礎理論、內經、難經）.csv,
40,"依《靈樞‧經脈》，下列那一條經脈是動病有「喜笑不休」的症狀？
(A)手厥陰心包經 (B)足少陰腎經 (C)手少陰心經 (D)足厥陰肝經",A,107-中醫基礎醫學（一）（包括中醫醫學史、中醫基礎理論、內經、難經）.csv,
41,"足少陰腎經，為此諸病，陷下則灸之，不盛不虛，以經取之。灸則強食生肉，緩帶披髮，大杖重履
而步。文中「灸則強食生肉」的意思為何？
(A)患者使用灸法治療後要吃營養的食物如血肉生精之品
(B)使用灸法治療後要強迫患者吃生肉
(C)患者接受灸法治療後會增強食欲及生長肌肉
(D)患者使用灸法治療後不要勉強患者吃肉",C,107-中醫基礎醫學（一）（包括中醫醫學史、中醫基礎理論、內經、難經）.csv,
42,"依《素問‧骨空論》，有關任脈循行，下列敘述何者錯誤？
(A)上關元，至咽喉 (B)上少腹，以下骨中央 (C)上毛際，循腹裡 (D)上頤循面入目",B,107-中醫基礎醫學（一）（包括中醫醫學史、中醫基礎理論、內經、難經）.csv,
43,"依《內經》，有關督脈循行之敘述，下列何者錯誤？
(A)起於少腹，以下骨中央 (B)別走太陽，入貫膂
(C)起於胞中，上循背裏 (D)繞篡後，別繞臀",C,107-中醫基礎醫學（一）（包括中醫醫學史、中醫基礎理論、內經、難經）.csv,
44,"依據《靈樞‧經別》的內容，下列那一條經別循行沒有到達缺盆部位？
(A)手少陽 (B)手陽明 (C)足陽明 (D)手太陰",C,107-中醫基礎醫學（一）（包括中醫醫學史、中醫基礎理論、內經、難經）.csv,
45,"依據《靈樞‧衛氣》的敘述，手太陽之標位於下列何處？
(A)命門之上一寸 (B)命門之下一寸 (C)命門之上兩寸 (D)命門之下兩寸",A,107-中醫基礎醫學（一）（包括中醫醫學史、中醫基礎理論、內經、難經）.csv,
46,"依《靈樞‧經脈》，下列何經脈之別「布胸脅，其脈若羅絡之血」？
(A)督脈之別 (B)脾之大絡 (C)陽明之別 (D)足太陰之別",B,107-中醫基礎醫學（一）（包括中醫醫學史、中醫基礎理論、內經、難經）.csv,
47,"依《靈樞‧經脈》所記載，「其病氣逆則睪腫卒疝」為下列何經別？
(A)足少陰之別 (B)任脈之別 (C)足少陽之別 (D)足厥陰之別",D,107-中醫基礎醫學（一）（包括中醫醫學史、中醫基礎理論、內經、難經）.csv,
48,"有關絡脈與經脈的特點比較，下列何者正確？
(A)絡脈網絡周身而達於經脈所不到之處 (B)絡脈歷經大節之處而達於經脈所不到之處
(C)經脈行浮而常見 (D)刺經脈者，必刺其結之處",A,107-中醫基礎醫學（一）（包括中醫醫學史、中醫基礎理論、內經、難經）.csv,
49,"下列何者最不可能造成「乾咳無痰或痰少而粘，氣短，潮熱盜汗，顴紅，五心煩熱，甚則痰中帶血」
等症狀？
(A)燥邪久留 (B)痰火內鬱 (C)肺燥失潤 (D)脾氣不足",D,107-中醫基礎醫學（一）（包括中醫醫學史、中醫基礎理論、內經、難經）.csv,
50,"34 歲女性，產前常睡眠品質差、頭痛，產後 2 週出現心情憂鬱、情緒低落、鬱鬱寡歡。其症狀與下
列那一個臟腑的功能最相關？
(A)脾主運化 (B)肝主疏泄 (C)肺主肅降 (D)腎主納氣",B,107-中醫基礎醫學（一）（包括中醫醫學史、中醫基礎理論、內經、難經）.csv,
51,"有關水停氣阻病機的敘述，下列何者最不適宜？
(A)水飲阻肺，胸滿喘促 (B)水氣凌心，傳為薄厥
(C)飲停中焦，頭昏噁心 (D)飲阻經脈，肢體困倦",B,107-中醫基礎醫學（一）（包括中醫醫學史、中醫基礎理論、內經、難經）.csv,
52,"有關面目黧黑，肌膚甲錯最常見的病機敘述，下列何者最適宜？
(A)血虛 (B)血瘀 (C)血熱 (D)血逆
代號：1101
頁次：6－5",B,107-中醫基礎醫學（一）（包括中醫醫學史、中醫基礎理論、內經、難經）.csv,
53,"有關臺灣中醫藥發展的史實，下列敘述何者錯誤？
(A)自2011年舉辦最後一次臺灣中醫師特種考試，自此中醫師全由大學醫學教育養成
(B)日治時代，臺灣地區於 1901 年曾舉辦唯一的一次中醫師考試，此後 40 多年內不曾再舉辦考試及
發給證書
(C)1968年中國醫藥學院成立，正式招收中醫系學生，中醫教育全面邁入正軌
(D)1983年臺灣第一所公立中醫醫院－「高雄市立中醫醫院」正式誕生",C,107-中醫基礎醫學（一）（包括中醫醫學史、中醫基礎理論、內經、難經）.csv,
54,"依據《素問‧生氣通天論》的內容，有關煩勞對於陽氣的影響，下列何者錯誤？
(A)導致「精絕」 (B)使人薄厥 (C)目盲不可以視 (D)耳閉不可以聽",B,107-中醫基礎醫學（一）（包括中醫醫學史、中醫基礎理論、內經、難經）.csv,
55,"有關於六淫的中醫典籍敘述，下列何者最錯誤？
(A)《素問‧至真要大論》：「諸病水液，澄澈清冷，皆屬於濕」
(B)《素問‧太陰陽明論》：「傷於濕者，下先受之」
(C)《素問玄機原病式‧燥類》：「諸澀枯涸，乾勁皴揭，皆屬於燥」
(D)《素問‧太陰陽明論》：「犯賊風虛邪者，陽受之」",A,107-中醫基礎醫學（一）（包括中醫醫學史、中醫基礎理論、內經、難經）.csv,
56,"依據《臨證指南醫案‧卷五》所述，下列何種邪氣能全兼其它五氣？
(A)風 (B)寒 (C)濕 (D)熱",A,107-中醫基礎醫學（一）（包括中醫醫學史、中醫基礎理論、內經、難經）.csv,
57,"陳女因感冒而汗出惡風合併咽癢咳嗽，隔日晨起症狀出現面目一身悉腫及小便少，理學檢查可見舌
淡紅、苔薄白、脈浮緩等症，其可能有的外邪病因與病機特點，下列何者最正確？
(A)濕濁黏滯 (B)風襲陽位 (C)風性數變 (D)濕性重濁",C,107-中醫基礎醫學（一）（包括中醫醫學史、中醫基礎理論、內經、難經）.csv,
58,"暑邪為病，症見「汗多、口渴、尿赤、氣短、乏力」，其可能的致病特點，下列何者最正確？
(A)暑為陽邪，其性炎熱 (B)暑性升散，傷津耗氣 (C)暑多挾濕，易困脾土 (D)暑為陽邪，化火傷陰",B,107-中醫基礎醫學（一）（包括中醫醫學史、中醫基礎理論、內經、難經）.csv,
59,"外感六淫當中，下列何者具有「病程長，難以速癒」的特性？
(A)風邪 (B)寒邪 (C)暑邪 (D)濕邪",D,107-中醫基礎醫學（一）（包括中醫醫學史、中醫基礎理論、內經、難經）.csv,
60,"依《素問‧氣厥論》，有關對「肺消」之敘述，下列何者正確？
(A)心移熱於肺 (B)心移寒於肺 (C)大腸移熱於胃 (D)胃移熱於膽",B,107-中醫基礎醫學（一）（包括中醫醫學史、中醫基礎理論、內經、難經）.csv,
61,"依《素問‧舉痛論》，有關「五藏卒痛」之病機，下列敘述何者錯誤？
(A)寒氣入侵經脈，導致血流不暢，組織灌流減少，而發生疼痛
(B)寒氣入侵經脈，導致脈絡收縮，血氣衰少，而發生疼痛
(C)寒氣客於衝脈，造成脅肋與少腹相引痛
(D)寒氣客於五臟，造成卒然痛死不知人",C,107-中醫基礎醫學（一）（包括中醫醫學史、中醫基礎理論、內經、難經）.csv,
62,"依《素問‧宣明五氣》，有關勞逸失度病因之敘述，下列何者正確？
(A)久視傷氣 (B)久臥傷血 (C)久坐傷筋 (D)久立傷骨",D,107-中醫基礎醫學（一）（包括中醫醫學史、中醫基礎理論、內經、難經）.csv,
63,"依據中醫基本理論對於六淫的描述，下列何者不是濕邪可能引起的症狀？
(A)頭身重 (B)四肢痿 (C)大便溏 (D)目乾澀",D,107-中醫基礎醫學（一）（包括中醫醫學史、中醫基礎理論、內經、難經）.csv,
64,"有關「肝火上炎證」的症狀及病機敘述，下列何者錯誤？
(A)多由肝血虛引起 (B)可出現耳暴鳴、暴聾等症
(C)肝火灼傷胃絡可見吐血之症 (D)可使血隨氣菀於上而成薄厥",A,107-中醫基礎醫學（一）（包括中醫醫學史、中醫基礎理論、內經、難經）.csv,
65,"患者因發怒而引起胸悶、脇肋疼痛、失眠；日久兼見腰酸膝軟、夜尿夢遺等病證。依據陰陽五行理
論，下列何者正確？
(A)微邪 (B)子病犯母 (C)亢害承制 (D)賊邪",B,107-中醫基礎醫學（一）（包括中醫醫學史、中醫基礎理論、內經、難經）.csv,
66,"患者中樂透，獎金數百萬元，當晚歡喜若狂，出現失眠、心氣渙散、耗傷心神等心的情志失調症狀，
關於心的臟象敘述，下列何者最錯誤？
(A)心為牝臟 (B)喜樂者，神憚散而不藏
(C)為一身之君主 (D)宗氣貫之
代號：1101
頁次：6－6",A,107-中醫基礎醫學（一）（包括中醫醫學史、中醫基礎理論、內經、難經）.csv,
67,"依《素問‧水熱穴論》，有關風水之敘述，下列何者正確？
(A)水之本在腎，其末在脾，皆積水也
(B)風水為勇而勞甚，肺汗出，汗出逢於風
(C)風水，為汗出逢於風，客於玄府，行於皮裡，傳為腑腫
(D)風水大多腫勢較緩",C,107-中醫基礎醫學（一）（包括中醫醫學史、中醫基礎理論、內經、難經）.csv,
68,"依《素問‧奇病論》，有關五有餘，二不足之敘述，下列何者正確？
(A)不足有厥陰脈微細如髮；有癃者，一日數十溲
(B)有餘在胃，人迎胃脈躁盛，頸膺如格，身熱如炭，喘息，氣逆
(C)病在少陰，其盛在胃，頗在肺
(D)外得五有餘，內得二不足，此其身表裡之病，陰證陽脈之類",B,107-中醫基礎醫學（一）（包括中醫醫學史、中醫基礎理論、內經、難經）.csv,
69,"依《素問‧咳論》，有關五臟六腑皆能令人咳之敘述，下列何者正確？
(A)小腸咳，咳而失氣，氣與咳俱失
(B)心咳之狀，咳而胸痛，陰陰引背痛
(C)脾咳之狀，咳則左脅下痛
(D)此皆聚於腎，關於肺，使人多涕唾而喘",A,107-中醫基礎醫學（一）（包括中醫醫學史、中醫基礎理論、內經、難經）.csv,
70,"患者身體發熱，煩心滿悶，發汗之後煩滿仍不解。依據《素問‧評熱病論》所述此為風厥，其病證
與下列何陰陽配對最正確？
(A)陽明、少陰 (B)巨陽、少陰 (C)巨陽、厥陰 (D)陽明、厥陰",B,107-中醫基礎醫學（一）（包括中醫醫學史、中醫基礎理論、內經、難經）.csv,
71,"依《素問‧風論》，有關風證之敘述，下列何者正確？
(A)風氣循風池而上，為腦風 (B)風入系頭，為目風，眼寒
(C)久風入中，為內風 (D)外在腠理，則首風",B,107-中醫基礎醫學（一）（包括中醫醫學史、中醫基礎理論、內經、難經）.csv,
72,"患者主訴長期空腹時中脘悶痛，腹脹滿，醫師處方四君子湯；一週後複診，胃腹症狀減輕，而且原
本有夜尿、下肢水腫、腰痠痛等症狀也一併改善。依五行學說而言，此屬下列何治法最正確？
(A)益火之源以消陰翳 (B)水勝土復 (C)培土制水 (D)瀉南補北",C,107-中醫基礎醫學（一）（包括中醫醫學史、中醫基礎理論、內經、難經）.csv,
73,"依《素問‧厥論》，有關熱厥的病因病機，下列敘述何者錯誤？
(A)胃不和 (B)絡脈滿而經脈虛
(C)酒氣與營氣相薄，熱盛於中 (D)手足為之熱",C,107-中醫基礎醫學（一）（包括中醫醫學史、中醫基礎理論、內經、難經）.csv,
74,"患者經醫師診斷出末期癌症，乍聽之時感到忿怒，經查考醫學專書後而驚，為決定治療計畫而恐。
這一連串的心理反應，依據《素問‧舉痛論》，下列何者正確？
(A)怒則氣上，驚則氣亂，恐則氣下 (B)怒則氣厥，驚則氣收，恐則氣降
(C)怒則氣逆，驚則氣消，恐則氣耗 (D)怒則氣急，驚則氣泄，恐則氣結",A,107-中醫基礎醫學（一）（包括中醫醫學史、中醫基礎理論、內經、難經）.csv,
75,"依據《靈樞‧癲狂》所述，「狂始生」會出現下列那個症狀？
(A)先自悲也 (B)自辯智也 (C)自高賢也 (D)少臥不飢",A,107-中醫基礎醫學（一）（包括中醫醫學史、中醫基礎理論、內經、難經）.csv,
76,"依據《靈樞‧癲狂》所述，「狂始生」治療時應選那些經絡最適宜？
(A)手足少陽、手足厥陰 (B)手足太陽、手足少陰
(C)手陽明、手太陰、足太陽、足少陰 (D)手足陽明、手足太陰",D,107-中醫基礎醫學（一）（包括中醫醫學史、中醫基礎理論、內經、難經）.csv,
77,"下列病症與脈象為《靈樞‧五禁》中之五種逆症，何者錯誤？
(A)生產大出血，脈弱 (B)熱病汗出，脈數
(C)寒熱病，身體消瘦，脈弦強 (D)腹瀉，脈洪大",A,107-中醫基礎醫學（一）（包括中醫醫學史、中醫基礎理論、內經、難經）.csv,
78,"在《素問‧痿論》有關治療痿症之相關論述，下列何者正確？
(A)補其衛氣 (B)補其滎 (C)補其肝腎 (D)補衝帶任脈",B,107-中醫基礎醫學（一）（包括中醫醫學史、中醫基礎理論、內經、難經）.csv,
79,"張先生某日與朋友喝酒，因酒性溫散，熱鬱腠理，毛孔開，受風邪所侵，其症狀與病名，下列何者
錯誤？
(A)病名為漏風 (B)口乾善渴 (C)飯後容易流汗 (D)身體盡痛",D,107-中醫基礎醫學（一）（包括中醫醫學史、中醫基礎理論、內經、難經）.csv,
80,"26 歲女性，夏天時喜歡吃冰，整天在室內吹冷氣，近日易煩躁心下脹滿，動而易喘，神怯而恐。依
據《素問‧痹論》之內容，有關其可能之診斷病機敘述，下列何者較正確？
(A)為痹在於腎 (B)為痹在於肺 (C)為痹在於肝 (D)為痹在於心",D,107-中醫基礎醫學（一）（包括中醫醫學史、中醫基礎理論、內經、難經）.csv,
1,"關於《傷寒論》小青龍湯之敘述，下列何者正確？
(A)本方主治外受風寒，內有痰熱之證候
(B)屬於扶正解表劑
(C)方中之生薑、大棗有調和營衛之效
(D)方中之五味子、白芍可歛氣養血，為佐制之用",D,107-中醫基礎醫學（二）（包括中醫方劑學、中醫藥物學）.csv,
2,"78歲老人，大便六至七日一行，大便乾結難解。另見腰膝痠軟、小便清長、頭暈目眩等症。無腹脹，
無噁心感，納可，眠可。舌淡苔白，脈沉遲。下列處方何者最適宜？
(A)大承氣湯 (B)溫脾湯 (C)麻子仁丸 (D)濟川煎",D,107-中醫基礎醫學（二）（包括中醫方劑學、中醫藥物學）.csv,
3,"下列各方的功用，何者錯誤？
(A)荊防敗毒散：發汗解表，祛風止痛 (B)九味羌活湯：解表祛濕，兼清裏熱
(C)桂枝加附子湯：解肌發表，調和營衛 (D)小青龍湯：解表化飲，止咳平喘",C,107-中醫基礎醫學（二）（包括中醫方劑學、中醫藥物學）.csv,
4,"有關《備急千金要方》溫脾湯之功用，下列何者最適宜？
(A)理氣化痰，行氣開鬱 (B)溫中祛寒，補氣健脾
(C)溫中補虛，和裏緩急 (D)溫補脾陽，攻下冷積",D,107-中醫基礎醫學（二）（包括中醫方劑學、中醫藥物學）.csv,
5,"下列那些方均含麻黃、杏仁、甘草之組成藥物？①定喘湯 ②華蓋散 ③小青龍湯 ④大青龍湯
(A)①②③ (B)①②④ (C)①③④ (D)②③④",B,107-中醫基礎醫學（二）（包括中醫方劑學、中醫藥物學）.csv,
6,"下利初起，腹中脹痛，或脘腹脹滿、裏急後重者，治宜以下列何方？
(A)大黃牡丹皮湯 (B)調胃承氣湯 (C)大承氣湯 (D)小承氣湯",D,107-中醫基礎醫學（二）（包括中醫方劑學、中醫藥物學）.csv,
7,"有關各方之主治，下列敘述共幾項正確？①麻杏石甘湯治惡寒發熱，無汗，咳喘，痰多而稀或痰飲
咳喘，不得平臥，或身體疼重，頭面四肢浮腫，舌苔白滑，脈浮者 ②麻黃湯治發熱，頭痛，身痛，
腰痛，骨節痛，項背強，惡寒惡風，無汗而喘，舌苔薄白脈浮緊 ③小青龍湯治身熱不解，咳喘氣
急，口渴，有汗或無汗，舌苔薄白或黃，脈滑而數者 ④桑菊飲治風溫，但咳嗽，身不熱，口不渴，
少苔，脈虛數
(A)1 (B)2 (C)3 (D)4",A,107-中醫基礎醫學（二）（包括中醫方劑學、中醫藥物學）.csv,
8,"45歲女性，近2年兒女相繼考大學，常焦慮難眠，伴有胸悶心悸，倦怠無力，食量減少，盜汗虛熱，
月經先期，經來量多色淡且淋漓不止，來院求診，理學檢查發現患者面色萎黃，舌質淡，苔薄白，
脈細弱，下列何方治療最適宜？
(A)《濟生方》 歸脾湯 (B)《內外傷辨惑論》當歸補血湯
(C)《蘭室秘藏》當歸六黃湯 (D)《金匱要略》溫經湯",A,107-中醫基礎醫學（二）（包括中醫方劑學、中醫藥物學）.csv,
9,"下列各項敘述何者正確？
(A)玉屏風散主治外感風寒，營衛不和所致之自汗
(B)乾咳少痰，短氣自汗，口乾舌燥，苔薄少津，脈虛細，宜當歸六黃湯治之
(C)《和劑局方》牡蠣散主治之汗證，以白天動則汗出為主
(D)證見發熱自汗出，氣虛乏力，舌淡，脈虛大無力，宜補中益氣湯治之
代號：2101
頁次：6－2",D,107-中醫基礎醫學（二）（包括中醫方劑學、中醫藥物學）.csv,
10,"有關《傷寒論》竹葉石膏湯，下列敘述共幾項正確？①治療大病差後，喜唾，久不了了 ②本方清
熱與益氣養陰併用，並配伍和胃降逆，是為清而不寒，補而不滯的虛實兼顧之方 ③正盛邪實，大
熱未衰者忌用本方 ④濕阻身熱，胸悶乾嘔，苔黃膩者亦適合本方使用
(A)1 (B)2 (C)3 (D)4",B,107-中醫基礎醫學（二）（包括中醫方劑學、中醫藥物學）.csv,
11,"下列藥物中有幾項為《溫病條辨》清營湯之組成？①生地、黃連 ②竹葉心、石膏 ③玄參、丹參
④菊花、連翹
(A)1 (B)2 (C)3 (D)4",B,107-中醫基礎醫學（二）（包括中醫方劑學、中醫藥物學）.csv,
12,"28歲女性電腦工程師平時工作繁重早出晚歸，近3月發現月經量多色淡，納差身倦，已失眠數週。
觀其舌質色淡，苔薄白，脈細弱。下列何方治療最宜？
(A)溫膽湯 (B)逍遙散 (C)天王補心丹 (D)歸脾湯",D,107-中醫基礎醫學（二）（包括中醫方劑學、中醫藥物學）.csv,
13,"下列藥物中有幾項為《東垣試效方》普濟消毒飲之組成？①黃連、黃芩 ②升麻、柴胡 ③牛膝、
馬勃 ④連翹、葛根
(A)1 (B)2 (C)3 (D)4",B,107-中醫基礎醫學（二）（包括中醫方劑學、中醫藥物學）.csv,
14,"有關「當歸補血湯」的敘述，下列共幾項正確？①其主治為勞倦內傷，氣弱血虛，陽浮外越 ②此
方出自《醫方集解》 ③黃耆：當歸用量為1：5 ④主證可見肌熱面赤，煩渴欲飲，脈洪大而虛
(A)1 (B)2 (C)3 (D)4",B,107-中醫基礎醫學（二）（包括中醫方劑學、中醫藥物學）.csv,
15,"芡實健脾益腎，常被用於收斂固濇，治療人體精氣滑脫之病證。下列何項方劑不含此藥？
(A)《太平惠民和劑局方》真人養臟湯 (B)《洪氏集驗方》水陸二仙丹
(C)《傅青主女科》易黃湯 (D)《醫方集解》金鎖固精丸",A,107-中醫基礎醫學（二）（包括中醫方劑學、中醫藥物學）.csv,
16,"46歲張小姐，2天前開始咽喉疼痛，發燒38℃， 輕微鼻塞流鼻水。先至診所診療服藥控制，但咽痛
卻逐漸加重，至今已發展至吞嚥困難，呼吸不暢，來診時症見高燒 38.8℃，輕微惡寒，顏面紅脹，
咽喉望診見兩側扁桃體腫脹化膿，後咽壁濾泡紅腫密集，吞口水與進食時均感嚴重咽痛，無鼻塞，
無鼻黏膜腫脹，聽呼吸音無 Wheezing sound，排便尚暢，因咽痛難安睡，臨床診斷為扁桃體膿瘍，
舌苔黃，舌質紅，脈數有力，依中醫辨證論治原則選擇本案例處方，下列方劑何者最適當？
(A)銀翹散 (B)五味消毒飲 (C)普濟消毒飲 (D)仙方活命飲",C,107-中醫基礎醫學（二）（包括中醫方劑學、中醫藥物學）.csv,
17,"有關陽和湯的證治與方義的敘述，下列何者錯誤？
(A)原方出自《外科證治全生集》，主治陰疽，或貼骨疽，流注，痰核，鶴膝風
(B)方中以肉桂與炮薑以溫陽散寒，宣通氣血
(C)以鹿角膠補腎助陽，強筋壯骨
(D)以白芥子宣通經絡，引陽氣，開寒結",D,107-中醫基礎醫學（二）（包括中醫方劑學、中醫藥物學）.csv,
18,"主治脾胃虛寒，兼有外感表證，泄利不止，心下痞鞭，發熱惡寒，表裏不解，協熱下利者，宜以理
中丸加下列何藥？
(A)附子 (B)茯苓 (C)桂枝 (D)半夏",C,107-中醫基礎醫學（二）（包括中醫方劑學、中醫藥物學）.csv,
19,"有關四逆散與逍遙散的比較，下列何者正確？
(A)四逆散主治肝旺脾虛 (B)逍遙散主治肝脾氣鬱
(C)兩者皆含調肝基本結構藥物柴胡與白芍 (D)陽虛厥逆宜用四逆散",C,107-中醫基礎醫學（二）（包括中醫方劑學、中醫藥物學）.csv,
20,"某15歲女性，未婚。經行8天未止，血色深紅，少腹脹痛，心胸煩熱，口苦，溲赤，舌紅，脈弦數。
最宜使用下列何方？
(A)歸脾湯 (B)固經丸 (C)槐花散 (D)固衝湯",B,107-中醫基礎醫學（二）（包括中醫方劑學、中醫藥物學）.csv,
21,"寒熱如瘧，寒輕熱重，口苦胸悶，吐酸苦水，舌紅苔白，脈數，最宜使用下列何方？
(A)小柴胡湯 (B)大柴胡湯 (C)蒿芩清膽湯 (D)溫膽湯
代號：2101
頁次：6－3",C,107-中醫基礎醫學（二）（包括中醫方劑學、中醫藥物學）.csv,
22,"有關《攝生眾妙方》定喘湯的敘述，下列何者錯誤？
(A)以桑白皮甘寒、黃芩苦寒，清泄肺熱、止咳平喘
(B)麻黃辛溫，宣肺平喘；杏仁苦溫，降氣平喘。二藥配伍一散一收，共為此方的主要藥物
(C)臨床上可用於慢性氣管炎
(D)若屬外感風寒，內有寒飲之喘證，則不宜使用",B,107-中醫基礎醫學（二）（包括中醫方劑學、中醫藥物學）.csv,
23,"有關《醫林改錯》補陽還五湯，下列敘述何者錯誤？
(A)重用黃耆，使氣旺血行，瘀去絡通，為方中主要藥物
(B)地黃用於補益精血
(C)當歸尾能活血化瘀而不傷血
(D)桃仁、紅花活血祛瘀",B,107-中醫基礎醫學（二）（包括中醫方劑學、中醫藥物學）.csv,
24,"《濟生方》歸脾湯與《攝生秘剖》天王補心丹中，相同組成的藥物，下列何者正確？
(A)遠志、炙甘草 (B)酸棗仁、柏子仁 (C)人參、當歸 (D)黃耆、丹參",C,107-中醫基礎醫學（二）（包括中醫方劑學、中醫藥物學）.csv,
25,"《太平惠民和劑局方》蘇子降氣湯與《金匱要略》半夏厚朴湯，這兩個方劑製作（包含製服法）使
用相同的藥物有幾個？
(A)1 (B)2 (C)3 (D)4",D,107-中醫基礎醫學（二）（包括中醫方劑學、中醫藥物學）.csv,
26,"有關治療疝氣方劑之敘述，下列選項何者正確？①暖肝煎治寒凝氣滯肝虛之疝氣 ②天台烏藥散治
寒凝氣滯肝脈之疝氣 ③橘核丸治濕熱瘀阻肝脈之疝氣
(A)僅①② (B)僅①③ (C)僅②③ (D)①②③",A,107-中醫基礎醫學（二）（包括中醫方劑學、中醫藥物學）.csv,
27,"有關溫經湯之敘述，下列何者錯誤？
(A)可溫經散寒，兼可祛瘀養血
(B)乃肝經受寒，故用乾薑大熱之性溫散寒邪
(C)以阿膠養肝血潤腎陰
(D)以當歸、川芎、白芍入肝經活血祛瘀，養血調經",B,107-中醫基礎醫學（二）（包括中醫方劑學、中醫藥物學）.csv,
28,"下列藥物中有幾項為《金匱要略》溫經湯之組成？①莪朮、牛膝 ②地黃、肉桂 ③牡丹皮、半夏
④山茱萸、乾薑
(A)1 (B)2 (C)3 (D)4",A,107-中醫基礎醫學（二）（包括中醫方劑學、中醫藥物學）.csv,
29,"有關《外科正宗》消風散和《證治準繩》當歸飲子的敘述，下列何者錯誤？
(A)關於地黃選擇，前者為生地；後者為熟地
(B)兩方皆有荊芥、防風
(C)前者清熱除濕力道較後者強；後者養血潤燥力道較前者強
(D)後者使用的蒺藜為白蒺藜",A,107-中醫基礎醫學（二）（包括中醫方劑學、中醫藥物學）.csv,
30,"有關《太平惠民和劑局方》藿香正氣散的敘述，下列何者錯誤？
(A)起到上、中、下三焦分消濕邪，使三焦氣機通暢
(B)以蒼朮、茯苓和炙甘草健脾益氣除濕，體現標本同治
(C)透過化濕藥和行氣藥相互配合，恢復脾胃的正常升降
(D)外散風寒，內化濕濁，為治霍亂吐瀉之常用方",B,107-中醫基礎醫學（二）（包括中醫方劑學、中醫藥物學）.csv,
31,"有關《傷寒論》五苓散的敘述，下列何者錯誤？
(A)用量最大的藥是茯苓
(B)主治渴欲飲水，水入則吐之水逆證
(C)主治太陽表邪未解，內傳導致膀胱氣化不利的蓄水證
(D)本方去桂枝即為《明醫指掌》四苓散的組成藥物",A,107-中醫基礎醫學（二）（包括中醫方劑學、中醫藥物學）.csv,
32,"33歲孕婦懷孕18週，主訴皮膚腫脹，小便不利，肢體沉重，心腹脹滿，喘急上氣不接下氣，查舌苔
白膩，脈沉緩，治宜下列何方？
(A)都氣丸 (B)羌活勝濕湯 (C)五皮飲 (D)雞鳴散
代號：2101
頁次：6－4",C,107-中醫基礎醫學（二）（包括中醫方劑學、中醫藥物學）.csv,
33,"劉先生來院門診，證見小便不利，發熱，口渴欲飲，伴有心煩不寐，經醫師診察舌紅苔白，脈細數，
下列何方最適宜？
(A)五苓散 (B)五淋散 (C)胃苓湯 (D)豬苓湯",D,107-中醫基礎醫學（二）（包括中醫方劑學、中醫藥物學）.csv,
34,"《溫病條辨》杏蘇散之敘述，下列共幾項正確？①功用可宣肺化痰 ②主治溫燥外襲之證 ③桔梗、
枳殼為本方與止嗽散共同組成 ④以生薑、大棗調和營衛，通行津液
(A)1 (B)2 (C)3 (D)4",B,107-中醫基礎醫學（二）（包括中醫方劑學、中醫藥物學）.csv,
35,"下列何者為《蘭室秘藏》枳實消痞丸和《內外傷辨惑論》枳實導滯丸之相同組成的藥物？
(A)枳實、大黃、萊菔子 (B)枳實、白朮、茯苓 (C)枳實、黃連、神麴 (D)枳實、黃連、甘草",B,107-中醫基礎醫學（二）（包括中醫方劑學、中醫藥物學）.csv,
36,"下列那一方劑屬於臨床常用消食導滯的方劑？
(A)《儒門事親》木香檳榔丸 (B)《傷寒論》旋覆代赭湯
(C)《丹溪心法》越鞠丸 (D)《傷寒論》大承氣湯",A,107-中醫基礎醫學（二）（包括中醫方劑學、中醫藥物學）.csv,
37,"下列敘述何者正確？
(A)《傷寒論》竹葉石膏湯，主治傷暑，陽為陰遏，有表證無汗者
(B)《溫熱經緯》清暑益氣湯，主治暑熱傷氣，汗多煩渴，體倦少氣，脈虛數者
(C)《脾胃論》補中益氣湯，主治傷暑，發熱、汗出，口渴 ，脈虛大者
(D)《內外傷辨惑論》生脈散，主治暑病，感受暑濕，脾濕不化，身熱，頭痛，口渴自汗，苔膩，脈
虛者",B,107-中醫基礎醫學（二）（包括中醫方劑學、中醫藥物學）.csv,
38,"50歲男性，平時喜喝冰飲，長期咳嗽痰多，清稀色白，胸悶不暢，怕冷，最近無外感症狀，胃納平，
二便正常，舌淡紅，齒痕，苔白滑，脈弦滑。最宜下列何方治療？
(A)《傷寒論》小青龍湯 (B)《太平惠民和劑局方》二陳湯
(C)《韓氏醫通》三子養親湯 (D)《金匱要略》苓甘五味薑辛湯",D,107-中醫基礎醫學（二）（包括中醫方劑學、中醫藥物學）.csv,
39,"下列那些藥材是「左歸丸」和「右歸丸」的共同組成？
(A)熟地、山藥、鹿角膠、當歸 (B)熟地、山藥、龜板、肉桂
(C)熟地、山茱萸、枸杞子、菟絲子 (D)熟地、枸杞子、菟絲子、當歸",C,107-中醫基礎醫學（二）（包括中醫方劑學、中醫藥物學）.csv,
40,"不考慮藥物的劑量與炮製方式，下列何方不包含調胃承氣湯（大黃、芒硝、甘草）？
(A)《宣明論方》防風通聖散 (B)《溫病條辨》新加黃龍湯
(C)《金匱要略》大黃牡丹湯 (D)《傷寒論》桃核承氣湯",C,107-中醫基礎醫學（二）（包括中醫方劑學、中醫藥物學）.csv,
41,"有關麻黃之敘述，下列何者正確？
(A)治脾胃虛弱泄瀉之聖藥 (B)足陽明、太陰之引經藥
(C)風病、血病、瘡家聖藥 (D)太陽經藥，專入肺經",D,107-中醫基礎醫學（二）（包括中醫方劑學、中醫藥物學）.csv,
42,"下列何藥物誤食過量會造成肢體麻木、顫動、驚厥等症狀？
(A)蟾酥 (B)馬錢子 (C)大風子 (D)樟腦",B,107-中醫基礎醫學（二）（包括中醫方劑學、中醫藥物學）.csv,
43,"有關防己（粉防己、廣防己）之功能敘述，下列何者最不宜？
(A)鎮痛，消炎，利尿 (B)通腠理，利九竅
(C)為療風水之要藥 (D)瀉上焦氣分濕熱",D,107-中醫基礎醫學（二）（包括中醫方劑學、中醫藥物學）.csv,
44,"下列藥物之敘述，何者錯誤？
(A)桑寄生用於妊娠血虛，胎動不安，胎漏下血，以其補腎養血
(B)桑枝用於風濕痺痛，關節酸痛，四肢拘急，以其祛風通絡
(C)松節用於婦女經痛，陰虛血燥，歷節風痛，以其祛風燥濕
(D)豨薟草用於疔瘡癰腫，濕熱瘡毒，風疹濕癢，以其清熱解毒",C,107-中醫基礎醫學（二）（包括中醫方劑學、中醫藥物學）.csv,
45,"有關桂皮主治，下列敘述何者最宜？
(A)產後血熱，陰虛火旺 (B)痰嗽咽痛，血虛內燥
(C)嘔吐噁心，腸鳴腹瀉 (D)精虧血少，肝盛火起
代號：2101
頁次：6－5",C,107-中醫基礎醫學（二）（包括中醫方劑學、中醫藥物學）.csv,
46,"下列藥物之敘述，何者錯誤？
(A)公丁香為丁香樹的乾燥果實 (B)母丁香效用與公丁香相近，但氣味較淡，作用較弱
(C)丁香可治牙痛 (D)丁香為溫中降逆之要藥",A,107-中醫基礎醫學（二）（包括中醫方劑學、中醫藥物學）.csv,
47,"下列何藥具有利濕濁，祛風濕，可用於尿道炎、膀胱炎、風濕腰膝痹痛？
(A)威靈仙 (B)萆薢 (C)秦艽 (D)海金沙",B,107-中醫基礎醫學（二）（包括中醫方劑學、中醫藥物學）.csv,
48,"有關赤小豆的敘述，下列何者最適當？
(A)即一般食用紅豆 (B)為豆科植物相思子的種子
(C)可治產婦缺乳 (D)可治小兒蟲積",C,107-中醫基礎醫學（二）（包括中醫方劑學、中醫藥物學）.csv,
49,"佩蘭最適當的功效為何？
(A)芳香健胃、發汗藥 (B)芳香健胃、鎮痛藥 (C)芳香健胃、行氣止痛 (D)芳香健胃、安胎藥",A,107-中醫基礎醫學（二）（包括中醫方劑學、中醫藥物學）.csv,
50,"下列何藥具有溫中散寒，順氣止痛的功效？
(A)細辛 (B)烏藥 (C)附子 (D)香附",B,107-中醫基礎醫學（二）（包括中醫方劑學、中醫藥物學）.csv,
51,"有關地膚子的功效，下列何者錯誤？
(A)清熱利水 (B)除濕止癢 (C)燥濕健脾 (D)益精強陰",C,107-中醫基礎醫學（二）（包括中醫方劑學、中醫藥物學）.csv,
52,"有關茵陳蒿的敘述，下列何者最不適宜？
(A)可用於風濕瘙癢 (B)可用於濕熱薰蒸的陽黃
(C)可用於寒濕鬱滯的陰黃 (D)可用於脾虛食滯的虛黃",D,107-中醫基礎醫學（二）（包括中醫方劑學、中醫藥物學）.csv,
53,"下列何藥具清熱利濕，利膽退黃，涼血解毒？
(A)蘆薈 (B)北柴胡 (C)茵陳蒿 (D)山梔子",D,107-中醫基礎醫學（二）（包括中醫方劑學、中醫藥物學）.csv,
54,"下列何種組合中，兩藥物基原之科別不同？
(A)人參、西洋參 (B)黃花地丁、紫花地丁 (C)赤芍、白芍 (D)白朮、蒼朮",B,107-中醫基礎醫學（二）（包括中醫方劑學、中醫藥物學）.csv,
55,"下列何藥屬清熱燥濕藥，性味苦寒澀？
(A)白鮮皮 (B)秦皮 (C)地骨皮 (D)黃柏",B,107-中醫基礎醫學（二）（包括中醫方劑學、中醫藥物學）.csv,
56,"下列何藥具清熱涼血，調經安胎？
(A)赤芍 (B)茜草 (C)牡丹皮 (D)生地黃",D,107-中醫基礎醫學（二）（包括中醫方劑學、中醫藥物學）.csv,
57,"石膏與知母為用，增強清裏熱為下列何種之配伍？
(A)相須 (B)相使 (C)相惡 (D)相畏",A,107-中醫基礎醫學（二）（包括中醫方劑學、中醫藥物學）.csv,
58,"下列何藥為芳香健胃、驅風藥？
(A)薄荷 (B)秦艽 (C)荊芥 (D)白豆蔻",D,107-中醫基礎醫學（二）（包括中醫方劑學、中醫藥物學）.csv,
59,"有關三稜的敘述，下列何者錯誤？
(A)為莎草科荊三稜的乾燥塊莖 (B)切片生用或醋制後用
(C)醋制能加強袪瘀止痛之功 (D)能破血行氣，化痰止咳",D,107-中醫基礎醫學（二）（包括中醫方劑學、中醫藥物學）.csv,
60,"有關側柏葉的功能，下列何者正確？
(A)喉痛 (B)目翳 (C)一切血證 (D)一切風證",C,107-中醫基礎醫學（二）（包括中醫方劑學、中醫藥物學）.csv,
61,"長於促進骨折愈合，傷科續接筋骨要藥為何？
(A)自然銅 (B)牛膝 (C)乳香 (D)没藥",A,107-中醫基礎醫學（二）（包括中醫方劑學、中醫藥物學）.csv,
62,"下列何者不屬於雞血藤的主治？
(A)痛經經閉 (B)手足麻木 (C)風濕痹痛 (D)水腫淋症",D,107-中醫基礎醫學（二）（包括中醫方劑學、中醫藥物學）.csv,
63,"關於止血藥物的臨證應用，下列何者錯誤？
(A)治療血熱妄行而致出血者，使用止血藥物時可以配伍清熱涼血藥
(B)治療陰虛陽亢而致出血者，使用止血藥物時可以配伍滋陰潛陽藥
(C)治療出血病證，不論有無瘀血，使用止血藥物時絕不可配伍行氣活血藥物
(D)治療出血病證，應根據出血原因和臨床證候，選用相應止血藥物並適當配伍藥物
代號：2101
頁次：6－6",C,107-中醫基礎醫學（二）（包括中醫方劑學、中醫藥物學）.csv,
64,"下列何藥用於痛經、血滯經閉、產後瘀滯腹痛、癥瘕、跌打損傷等證，為血熱瘀滯時，具有潤降之功？
(A)桃仁 (B)丹參 (C)牛膝 (D)紅花",A,107-中醫基礎醫學（二）（包括中醫方劑學、中醫藥物學）.csv,
65,"有關白朮的功效敘述，下列何者錯誤？
(A)安神增智 (B)補氣健脾 (C)燥濕利水 (D)止汗、安胎",A,107-中醫基礎醫學（二）（包括中醫方劑學、中醫藥物學）.csv,
66,"有關狗脊的功效敘述，下列何者錯誤？
(A)補肝腎 (B)強筋骨 (C)安胎 (D)祛風寒濕痹",C,107-中醫基礎醫學（二）（包括中醫方劑學、中醫藥物學）.csv,
67,"有關黃精的禁忌症，下列何者錯誤？
(A)脾虛有濕 (B)咳嗽痰多 (C)肺虛燥咳 (D)中寒泄瀉",C,107-中醫基礎醫學（二）（包括中醫方劑學、中醫藥物學）.csv,
68,"下列何藥具有補益精血，截瘧，解毒，潤腸通便之功效？
(A)何首烏 (B)肉蓯蓉 (C)蜂蜜 (D)阿膠",A,107-中醫基礎醫學（二）（包括中醫方劑學、中醫藥物學）.csv,
69,"下列何種補陰藥具有養陰清肺，化痰之功效？
(A)桑椹 (B)女貞子 (C)沙參 (D)墨旱蓮",C,107-中醫基礎醫學（二）（包括中醫方劑學、中醫藥物學）.csv,
70,"山藥用治下消，配伍下列那組藥物最適宜？
(A)天花粉、麥門冬及知母 (B)生地黃、熟地黃、五味子及山萸肉
(C)白朮、蒼朮、茯苓及烏藥 (D)生石膏、葛根及知母",B,107-中醫基礎醫學（二）（包括中醫方劑學、中醫藥物學）.csv,
71,"下列何藥用治血淋，係取其散瘀止血之功效？
(A)白茅根 (B)石韋 (C)燈心草 (D)琥珀",D,107-中醫基礎醫學（二）（包括中醫方劑學、中醫藥物學）.csv,
72,"下列何藥取其開胃進食功效同黃連、茯苓等配伍用治噤口痢？
(A)石菖蒲 (B)遠志 (C)蘇合香 (D)冰片",A,107-中醫基礎醫學（二）（包括中醫方劑學、中醫藥物學）.csv,
73,"有關平肝息風藥物，下列何者具有化痰散結之功效？
(A)天麻 (B)地龍 (C)殭蠶 (D)全蠍",C,107-中醫基礎醫學（二）（包括中醫方劑學、中醫藥物學）.csv,
74,"石決明為治目疾之要藥，可與龍膽草、決明子、菊花等藥用於因何引起的目赤腫痛？
(A)肝虛血少 (B)風熱 (C)肝火上炎 (D)肝腎陰虛",C,107-中醫基礎醫學（二）（包括中醫方劑學、中醫藥物學）.csv,
75,"蜈蚣除了熄風止痙、解毒散結之外還具有下列何種作用？
(A)通絡止痛 (B)化痰開竅 (C)定驚平喘 (D)清肝明目",A,107-中醫基礎醫學（二）（包括中醫方劑學、中醫藥物學）.csv,
76,"下列藥物何者可治驚悸失眠，收斂生肌，創面久不癒？
(A)兒茶 (B)紫草 (C)珍珠 (D)白及",C,107-中醫基礎醫學（二）（包括中醫方劑學、中醫藥物學）.csv,
77,"下列何者單品炒焦研末，頻服，可治盜汗及虛汗不止？
(A)麻黃根 (B)浮小麥 (C)山茱萸 (D)五味子",B,107-中醫基礎醫學（二）（包括中醫方劑學、中醫藥物學）.csv,
78,"下列何者最不常用於婦女崩漏下血的應用？
(A)茜草炭 (B)白及粉 (C)側柏葉 (D)棕櫚炭",B,107-中醫基礎醫學（二）（包括中醫方劑學、中醫藥物學）.csv,
79,"下列敘述何者錯誤？
(A)治療濕熱瀉痢，肉豆蔻要煨熟去油使用
(B)山茱萸腎陰虛和腎陽虛皆可用
(C)金櫻子單用或與芡實合用可治下焦不固的證候
(D)訶子澀腸止瀉，還能下氣消脹",A,107-中醫基礎醫學（二）（包括中醫方劑學、中醫藥物學）.csv,
80,"有關蓮子及相關藥材的敘述，下列何者錯誤？
(A)蓮子為睡蓮科植物蓮的乾燥成熟種仁
(B)蓮子配伍沙苑子、龍骨、牡蠣、蓮鬚等同用，可治遺精滑精等證
(C)荷葉能清暑利濕，升陽止血
(D)蓮鬚為蓮藕的鬚根",D,107-中醫基礎醫學（二）（包括中醫方劑學、中醫藥物學）.csv,
1,"有關陰陽、五行學說之發展應用與其引入中醫學的過程，下列敘述何者錯誤？
(A)陰陽起源於《周易》，最初的概念是指日光之向背而言，後於《左傳》、《國語》中都有將事物
運動變化與陰陽消長聯繫起來之描述
(B)五行的觀念首創於戰國時期齊國稷下學宮之鄒衍，此時指日常生活常見的五種要素，還未揭示出
五行之生勝關係
(C)《呂氏春秋》中已有運用五德終始觀念解釋朝代興廢之論述
(D)陰陽學說引入中醫學的時間比五行學說早一點，而《黃帝內經》則是最早系統性將陰陽五行學說
引入中醫學之著作",B,108-中醫基礎醫學（一）（包括中醫醫學史、中醫基礎理論、內經、難經）.csv,
2,"下列何者為《難經‧七十八難》：「知為針者，信其左」的意義？
(A)常針患者左邊之穴位 (B)醫者站在患者左邊下針
(C)用針務必雙手並用 (D)針者善以左手下針",C,108-中醫基礎醫學（一）（包括中醫醫學史、中醫基礎理論、內經、難經）.csv,
3,"有關《四部醫典》之敘述，下列何者錯誤？
(A)作者為宇妥‧元丹貢布
(B)分為根本醫典、論說醫典、秘訣醫典、後續醫典
(C)是一部藏醫學巨著
(D)由四本醫學經典集大成之書",D,108-中醫基礎醫學（一）（包括中醫醫學史、中醫基礎理論、內經、難經）.csv,
4,"有關醫政制度的敘述，下列何者錯誤？
(A)宋朝設太醫局外，另設翰林醫官院專職醫藥行政
(B)太醫院之稱始於元代
(C)宋朝設立最早的國家藥局
(D)元代設有廣惠司，為藥政最高管理機構",B,108-中醫基礎醫學（一）（包括中醫醫學史、中醫基礎理論、內經、難經）.csv,
5,"朱丹溪提出「相火論」，其理論依據主要是以下列何位醫家對於火熱疾病的見解作為基礎？
(A)張從正「攻邪論」 (B)張元素「臟腑辨證論」
(C)王好古「陰證論」 (D)李東垣「陰火論」",D,108-中醫基礎醫學（一）（包括中醫醫學史、中醫基礎理論、內經、難經）.csv,
6,"有關宋代藥政的敘述，下列何者錯誤？
(A)「熟藥所」是全球最早的國家藥局
(B)《和劑局方》是中國第一部官方成藥製劑手冊
(C)「和劑局」是全球最早的官辦製藥廠
(D)「御藥院」是宋代最高藥政機關",D,108-中醫基礎醫學（一）（包括中醫醫學史、中醫基礎理論、內經、難經）.csv,
7,"清代有不少重要的中醫婦科典籍及其作者，下列何者正確？
(A)《濟陰綱目》－武之望 (B)《女科經綸》－蕭慎齋
(C)《女科證治準繩》－王士雄 (D)《達生篇》－陳修園",A,108-中醫基礎醫學（一）（包括中醫醫學史、中醫基礎理論、內經、難經）.csv,
8,"對「中西匯通實質意義」之見解，下列那位近代醫家的論述最被推崇？
(A)余巖 (B)惲鐵樵 (C)陸淵雷 (D)王慎軒
代號：1101
頁次：6－2",B,108-中醫基礎醫學（一）（包括中醫醫學史、中醫基礎理論、內經、難經）.csv,
9,"依《素問‧生氣通天論》，有關陽氣的重要性之相關敘述，下列共幾項正確？①陽氣固，雖有賊邪，
弗能害也，此因時之序 ②聖人傳精神，服天氣，而通神明 ③失之則外閉九竅，內壅肌肉，衛氣
散解，此謂外傷 ④陽氣者，若天與日，失其所，則折壽而不彰 ⑤陽氣者，精則養神，柔則養筋
⑥陽畜積病死，而陽氣當隔，隔者當寫，不亟正治，粗乃敗之
(A)3 (B)4 (C)5 (D)6",C,108-中醫基礎醫學（一）（包括中醫醫學史、中醫基礎理論、內經、難經）.csv,
10,"40 歲的阿明長期至湖南經商，當地飲食頗辣，有關其過食辣味傷及五臟之表現，依《素問‧生氣通
天論》之論述，其最有可能的病症為何？
(A)味過於辛，筋脈沮弛，精神乃央 (B)味過於辛，肝氣以津，脾氣乃絕
(C)味過於辛，心氣喘滿色黑，腎氣不衡 (D)味過於辛，大骨氣勞，短肌，肺氣抑",A,108-中醫基礎醫學（一）（包括中醫醫學史、中醫基礎理論、內經、難經）.csv,
11,"依《內經》，有關春天好發之疾病病因病機敘述，下列何者正確？
(A)東風生於春，病在肝，俞在頸項 (B)春善病飧泄
(C)因於露風，直傷五臟 (D)春傷於風，夏生鼽衄",A,108-中醫基礎醫學（一）（包括中醫醫學史、中醫基礎理論、內經、難經）.csv,
12,"張小姐平素身體寒冷，即便使用電暖爐或穿厚衣服，仍不能使她溫暖，下列有關張小姐病症的陰陽
變化何者最適宜？
(A)心陰不足，陽氣外越 (B)陰寒之氣獨留於外，上焦不通
(C)腎陽虛衰，不能溫養五體 (D)陰勝則寒，寒極化熱",C,108-中醫基礎醫學（一）（包括中醫醫學史、中醫基礎理論、內經、難經）.csv,
13,"依《素問‧陰陽應象大論》，有關陰陽的基本概念，下列敘述何者正確？
(A)陰陽者，生殺之本始，神明之府也 (B)故積陽為左，積陰為右
(C)陰靜陽躁，陽生陰藏，陽殺陰長 (D)陽化精，陰生氣",A,108-中醫基礎醫學（一）（包括中醫醫學史、中醫基礎理論、內經、難經）.csv,
14,"在中醫陰陽的概念中，晝夜分陰陽，晝、夜中又可分陰陽，下列敘述何者錯誤？
(A)晝為陽，夜為陰 (B)平旦至日中，天之陽，陽中之陽也
(C)日中至黃昏，天之陽，陽中之陰也 (D)合夜至雞鳴，天之陰，陰中之陽也",D,108-中醫基礎醫學（一）（包括中醫醫學史、中醫基礎理論、內經、難經）.csv,
15,"依《素問‧金匱真言論》，「腹為陰，陰中之陽」為何臟腑？
(A)肝 (B)心 (C)脾 (D)肺",A,108-中醫基礎醫學（一）（包括中醫醫學史、中醫基礎理論、內經、難經）.csv,
16,"下列何者符合五行相剋規律？
(A)肺病及肝 (B)肝病及腎 (C)腎病及脾 (D)肺病及脾",A,108-中醫基礎醫學（一）（包括中醫醫學史、中醫基礎理論、內經、難經）.csv,
17,"46歲女性，從事美容工作，常為了配合客人晚吃飯1～2小時，近半年餓肚子太久易出現頭暈、頭痛、
心悸等症狀。依據《素問‧平人氣象論》所述，此症狀與下列那一個臟腑最相關？
(A)肺 (B)脾 (C)腎 (D)胃",D,108-中醫基礎醫學（一）（包括中醫醫學史、中醫基礎理論、內經、難經）.csv,
18,"依《素問‧經脈別論》，人體藉由那些臟腑的作用，維持水液代謝的平衡？
(A)肝、心、大腸 (B)脾、肝、膽 (C)脾、肺、膀胱 (D)心、三焦、腎",C,108-中醫基礎醫學（一）（包括中醫醫學史、中醫基礎理論、內經、難經）.csv,
19,"42 歲女性，育有二子，工作繁忙，常晚睡早起，疲累不堪。近年來月經量少，有時甚至閉經。其症
狀與下列那一個臟腑的功能異常最相關？
(A)肺朝百脈 (B)脾主運化 (C)肝藏血 (D)脾統血",C,108-中醫基礎醫學（一）（包括中醫醫學史、中醫基礎理論、內經、難經）.csv,
20,"72 歲女性，2 年前發現手足會不自主抖動，嚴重時甚至說話下巴也會不自主抖動。依據《素問‧至
真要大論》內容，其症狀與下列那一項最相關？
(A)諸風掉眩，皆屬於肝 (B)諸痙項強，皆屬於肝
(C)諸暴強直，皆屬於肝 (D)諸熱瞀瘛，皆屬於肝",A,108-中醫基礎醫學（一）（包括中醫醫學史、中醫基礎理論、內經、難經）.csv,
21,"64 歲男性，主訴耳鳴已 3 年，白天耳鳴時輕時重，夜晚耳鳴加重，略有聽力障礙。依據中醫基本理
論，其症狀與下列那一個臟腑功能最相關？
(A)脾失運化 (B)心氣虛 (C)胃不受納 (D)腎陰不足",D,108-中醫基礎醫學（一）（包括中醫醫學史、中醫基礎理論、內經、難經）.csv,
22,"68 歲男性主訴有時會漏尿，常常尿急時來不及上廁所就會漏尿出來，天氣寒冷症狀加重。依據中醫
基礎理論，其症狀與下列那一個臟腑功能最相關？
(A)心氣虛 (B)肝失疏泄 (C)脾失健運 (D)腎陽虛
代號：1101
頁次：6－3",D,108-中醫基礎醫學（一）（包括中醫醫學史、中醫基礎理論、內經、難經）.csv,
23,"有關消化功能敘述，下列何者錯誤？
(A)《素問》清氣在下，則生飧泄 (B)《素問》濁氣在上，則生瞋脹
(C)《難經》肝主裹血，溫五臟 (D)《難經》脾泄者，腹脹滿",C,108-中醫基礎醫學（一）（包括中醫醫學史、中醫基礎理論、內經、難經）.csv,
24,"陳同學喜歡下圍棋，常會陷入思考，決定後勇於下子。對勝負，當喜則喜，當怒則怒。 依《難經》
五臟藏七神理論，上述「當喜則喜，當怒則怒」是指七神之中的那一個？
(A)魄 (B)志 (C)神 (D)魂",D,108-中醫基礎醫學（一）（包括中醫醫學史、中醫基礎理論、內經、難經）.csv,
25,"依《靈樞‧決氣》所述，下列何者正確？
(A)中焦開發，宣五穀味，是謂氣 (B)穀入氣滿，淖澤注於骨，是為津
(C)壅遏營氣，令無所避，是謂脈 (D)腠理發泄，汗出溱溱，是謂液",C,108-中醫基礎醫學（一）（包括中醫醫學史、中醫基礎理論、內經、難經）.csv,
26,"有關津液的生成、輸布和排泄，要靠氣的各種不同作用，下列何者錯誤？
(A)氣化作用 (B)溫潤作用 (C)推動作用 (D)固攝作用",B,108-中醫基礎醫學（一）（包括中醫醫學史、中醫基礎理論、內經、難經）.csv,
27,"依《靈樞‧海論》：「氣少不足以言」，是人體「四海」中何者不足的表現？
(A)髓海 (B)血海 (C)氣海 (D)水穀之海",C,108-中醫基礎醫學（一）（包括中醫醫學史、中醫基礎理論、內經、難經）.csv,
28,"依據《素問‧靈蘭秘典論》的內容，將食物轉化成營氣的過程，下列何者正確？
(A)胃主運化 (B)小腸主受盛和化物 (C)大腸主腐熟水穀 (D)脾主泌別清濁",B,108-中醫基礎醫學（一）（包括中醫醫學史、中醫基礎理論、內經、難經）.csv,
29,"依據《靈樞》對於血的生成作用敘述，下列何者錯誤？
(A)中焦受氣取汁，變化而赤，是謂血
(B)原氣者，泌其津液，注之於脈，化以為血
(C)津液和調，變化為赤為血
(D)中焦亦並胃中，出上焦之後。……，上注於肺脈，乃化而為血",B,108-中醫基礎醫學（一）（包括中醫醫學史、中醫基礎理論、內經、難經）.csv,
30,"根據《素問‧靈蘭秘典論》有關十二官之敘述，下列何者錯誤？
(A)三焦者，決瀆之官，水道出焉 (B)肝者，將軍之官，謀慮出焉
(C)膽者，相傅之官，決斷出焉 (D)膻中者，臣使之官，喜樂出焉",C,108-中醫基礎醫學（一）（包括中醫醫學史、中醫基礎理論、內經、難經）.csv,
31,"下列何臟腑在津液的生成、輸布代謝中，處於起點的地位？
(A)心 (B)脾 (C)肺 (D)腎",B,108-中醫基礎醫學（一）（包括中醫醫學史、中醫基礎理論、內經、難經）.csv,
32,"下列那一症狀不屬於中醫生理之脾系統的病症？
(A)憂思 (B)噴嚏 (C)崩漏 (D)肌少",B,108-中醫基礎醫學（一）（包括中醫醫學史、中醫基礎理論、內經、難經）.csv,
33,"依《靈樞‧經脈》，有關大腸手陽明之敘述，下列何者錯誤？
(A)是動則病齒痛，頸腫
(B)病候可為目黃口乾，鼽衄，喉痺，肩前臑痛，大指次指痛不用
(C)盛者，寸口大三倍於人迎；虛者，則寸口反小於人迎也
(D)為此諸病，熱則疾之，寒則留之",C,108-中醫基礎醫學（一）（包括中醫醫學史、中醫基礎理論、內經、難經）.csv,
34,"依《靈樞‧本輸》，有關井滎俞經合穴之敘述，下列何者錯誤？
(A)足少陰經腎出於湧泉，湧泉者足心也，為井
(B)手陽明大腸出於商陽，大指次指之端也，為井
(C)手太陰肺注於太淵，太淵魚後一寸陷者中也，為俞
(D)手太陽小腸過於腕骨，在手外側腕骨之前，為俞",D,108-中醫基礎醫學（一）（包括中醫醫學史、中醫基礎理論、內經、難經）.csv,
35,"依《靈樞‧經脈》，有關十五別絡之敘述，下列何者正確？
(A)手太陽之別，名曰支正，上腕五寸 (B)手陽明之別，名曰外關，去腕二寸
(C)足太陽之別，名曰光明，去踝五寸 (D)足陽明之別，名曰飛揚，去踝八寸",A,108-中醫基礎醫學（一）（包括中醫醫學史、中醫基礎理論、內經、難經）.csv,
36,"依《難經》，有關五臟六腑原穴之敘述，下列何者錯誤？
(A)膀胱之原，出於京骨 (B)肝之原，出於太衝
(C)心之原，出於大陵 (D)小腸之原，出於後谿",D,108-中醫基礎醫學（一）（包括中醫醫學史、中醫基礎理論、內經、難經）.csv,
37,"依《靈樞‧經脈》，下列何經沒有至「目銳眥」？
(A)手少陽 (B)足少陽 (C)手太陽 (D)足太陽
代號：1101
頁次：6－4",D,108-中醫基礎醫學（一）（包括中醫醫學史、中醫基礎理論、內經、難經）.csv,
38,"下列何者為手厥陰心包經之所生病？
(A)心 (B)脈 (C)血 (D)神",B,108-中醫基礎醫學（一）（包括中醫醫學史、中醫基礎理論、內經、難經）.csv,
39,"是動則病肺脹滿，膨脹而喘咳，缺盆中痛，甚則交兩手而瞀，此為臂厥。「是動則病」是指：
(A)身體活動後所產生的疾病 (B)身體不活動後所產生的疾病
(C)本經本臟之氣變動所產生的疾病 (D)本經經脈之氣發生變動所產生的疾病",D,108-中醫基礎醫學（一）（包括中醫醫學史、中醫基礎理論、內經、難經）.csv,
40,"手三陰經與手三陽經中，下列那兩條經脈的是動病提到「臂厥」、所生病提到「掌中熱」？
(A)手少陰心經與手陽明大腸經 (B)手厥陰心包經與手少陰心經
(C)手太陽小腸經與手太陰肺經 (D)手太陰肺經與手少陰心經",D,108-中醫基礎醫學（一）（包括中醫醫學史、中醫基礎理論、內經、難經）.csv,
41,"依《靈樞‧經脈》內容，下列症狀何者為足少陰腎經「所生病」？
(A)煩心心痛 (B)心中憺憺大動 (C)心下急痛 (D)心下支滿",A,108-中醫基礎醫學（一）（包括中醫醫學史、中醫基礎理論、內經、難經）.csv,
42,"陳先生近日額頭發黑，咳嗽喘氣，視力減退看不清楚帶點恐慌。依據《靈樞‧經脈》內容，他最有
可能是下列那一條經脈出現問題？
(A)手太陰肺經 (B)手少陰心經 (C)足厥陰肝經 (D)足少陰腎經",D,108-中醫基礎醫學（一）（包括中醫醫學史、中醫基礎理論、內經、難經）.csv,
43,"陳先生近日產生嚴重腰痛、無法彎腰以及發現腹股溝疝氣。依據《靈樞‧經脈》內容，他最可能為
下列那一條經脈產生疾病？
(A)足少陰腎經 (B)足厥陰肝經 (C)足太陰脾經 (D)足陽明胃經",B,108-中醫基礎醫學（一）（包括中醫醫學史、中醫基礎理論、內經、難經）.csv,
44,"依《靈樞‧經脈》內容，下列那一條經脈循行經過額頭，與督脈會於巔頂？
(A)足厥陰肝經 (B)手厥陰心包經 (C)足少陰腎經 (D)足太陰脾經",A,108-中醫基礎醫學（一）（包括中醫醫學史、中醫基礎理論、內經、難經）.csv,
45,"依據《素問‧骨空論》的敘述，督脈循行與太陽起於下列何處，上額交巔？
(A)目上網 (B)目下網 (C)目內眥 (D)目外眥",C,108-中醫基礎醫學（一）（包括中醫醫學史、中醫基礎理論、內經、難經）.csv,
46,"有關經筋的敘述，下列何者錯誤？
(A)循行部位和正經大致一致 (B)循行入於內臟
(C)起點在四肢末端的指爪 (D)依靠十二經脈的濡養",B,108-中醫基礎醫學（一）（包括中醫醫學史、中醫基礎理論、內經、難經）.csv,
47,"依據《靈樞‧經筋》的敘述，那一條經筋循行沒有到達目外眥？
(A)手少陽之筋 (B)足少陽之筋 (C)手太陽之筋 (D)足太陽之筋",D,108-中醫基礎醫學（一）（包括中醫醫學史、中醫基礎理論、內經、難經）.csv,
48,"下列那一條經脈為主滲灌谿谷，與陽明合於宗筋？
(A)任脈 (B)督脈 (C)衝脈 (D)帶脈",C,108-中醫基礎醫學（一）（包括中醫醫學史、中醫基礎理論、內經、難經）.csv,
49,"有關「大腸滑脫」之病機，下列何者錯誤？
(A)肺虛 (B)脾腎氣陷 (C)中氣虛寒 (D)大腸積熱不散",D,108-中醫基礎醫學（一）（包括中醫醫學史、中醫基礎理論、內經、難經）.csv,
50,"下列有關六腑病機共幾項正確？①膽病常見往來寒熱為客觀測得發熱往來交替的症狀，寒熱往來多
因邪客於足少陽，由於少陽為樞，外出於陽則發熱，故見往來寒熱之證 ②胃熱多由邪熱侵犯胃腑
或因過食酒、辛辣、高粱厚味，或因氣滯、瘀阻、痰、濕、食積鬱而化熱 ③小腸受盛化物，失於
受盛可見食下則食後作脹、便溏、泄瀉和完穀不化；失於化物可見食下腹痛、泄瀉或嘔吐等症狀 ④
大腸病常見臨床常見症候熱瀉、便閉、痢疾、腸垢、痔、腸覃，腸覃為濕熱結於大腸，營氣不行，
逆於肉理，衛氣歸而不得復返，則可使局部肌腠發生腫脹疼痛，以致肉腐化膿，發為腸覃 ⑤膀胱
生理功能失常，主要在膀胱氣化不利，亦即腎的氣化功能失司，多表現為尿頻、尿急、尿痛或排尿
困難，甚則尿閉、遺尿、小便失禁
(A)1 (B)2 (C)3 (D)4",B,108-中醫基礎醫學（一）（包括中醫醫學史、中醫基礎理論、內經、難經）.csv,
51,"關於腎的敘述，下列共幾項錯誤？①腎精和腎氣為共同構成腎生理活動的基礎物質 ②命門之火與
腎陽異名同類 ③腎氣虛損，失其攝納之權，故見吸多呼少而氣喘 ④虛煩失眠健忘，骨蒸潮熱，
多由腎陽虛所致
(A)1 (B)2 (C)3 (D)4",B,108-中醫基礎醫學（一）（包括中醫醫學史、中醫基礎理論、內經、難經）.csv,
52,"根據《素問‧玉機真藏論》五實證候的敘述，下列何者錯誤？
(A)皮寒 (B)腹脹 (C)前後不通 (D)悶瞀
代號：1101
頁次：6－5",A,108-中醫基礎醫學（一）（包括中醫醫學史、中醫基礎理論、內經、難經）.csv,
53,"有關血虛常見症狀的敘述，下列何者最不適宜？
(A)肢體麻木 (B)頭暈目暝 (C)屈伸不利 (D)下腹刺痛",D,108-中醫基礎醫學（一）（包括中醫醫學史、中醫基礎理論、內經、難經）.csv,
54,"有關《景岳全書‧非風‧論氣虛》中「氣脫」的敘述，下列何者最不適宜？
(A)汗出遺尿 (B)口角流涎 (C)口閉不開 (D)四肢癱軟",C,108-中醫基礎醫學（一）（包括中醫醫學史、中醫基礎理論、內經、難經）.csv,
55,"依據《素問‧至真要大論》的內容，下列敘述何者錯誤？
(A)諸濕腫滿，皆屬於腎 (B)諸痙項強，皆屬於濕
(C)諸轉反戾，水液混濁，皆屬於熱 (D)諸嘔吐酸，暴注下迫，皆屬於熱",A,108-中醫基礎醫學（一）（包括中醫醫學史、中醫基礎理論、內經、難經）.csv,
56,"依據中醫病因學說，特性是「開泄，易襲陽位」的邪氣，下列何者最正確？
(A)濕邪 (B)暑邪 (C)火邪 (D)風邪",D,108-中醫基礎醫學（一）（包括中醫醫學史、中醫基礎理論、內經、難經）.csv,
57,"下列那位醫家首先將病因區分為「外所因」、「內所因」與「不內外因」？
(A)王冰 (B)錢乙 (C)陳無擇 (D)巢元方",C,108-中醫基礎醫學（一）（包括中醫醫學史、中醫基礎理論、內經、難經）.csv,
58,"依據中醫基本理論，瘀血造成疼痛的特徵，下列何者最正確？
(A)脹痛 (B)灼痛 (C)竄痛 (D)刺痛",D,108-中醫基礎醫學（一）（包括中醫醫學史、中醫基礎理論、內經、難經）.csv,
59,"痰飲的形成與致病特點，下列選項何者最正確？①阻滯氣血運行 ②水液代謝障礙 ③臟腑氣化功
能失常 ④致病廣泛 ⑤凝滯疼痛
(A)②③④⑤ (B)①②③④ (C)①④⑤ (D)①②⑤",B,108-中醫基礎醫學（一）（包括中醫醫學史、中醫基礎理論、內經、難經）.csv,
60,"依《靈樞‧百病始生》，有關環境病因侵入人體不同組織後之症狀表現，下列敘述何者錯誤？
(A)在絡之時，痛於肌肉 (B)在輸之時，肢節痛，腰脊乃強
(C)在伏衝之時，體重身痛 (D)在腸胃之時，洒淅喜驚",D,108-中醫基礎醫學（一）（包括中醫醫學史、中醫基礎理論、內經、難經）.csv,
61,"有關《素問‧舉痛論》所述：「九氣不同，何病生之」之病機，下列敘述何者錯誤？
(A)悲則氣消，其病機為悲則心系急，肺布葉舉而上焦不通，榮衛不散，則氣鬱於中，而致熱氣在中
(B)驚則氣亂，其病機為驚則心氣動而無所倚，神氣越而無所歸，思慮惑而無所定
(C)恐則氣上，其病機為恐則腎傷而精卻，精卻則生陽之氣不能上升，故上焦閉，閉則氣還，還則上
焦脹
(D)勞則氣耗，其病機為勞則氣血皆傷，氣虛則喘息於內。血虛則汗出於外，外內皆氣越",C,108-中醫基礎醫學（一）（包括中醫醫學史、中醫基礎理論、內經、難經）.csv,
62,"依《素問‧經脈別論》，有關喘汗的病機敘述，下列何者錯誤？
(A)夜行受驚，喘出於心 (B)有所墮恐，喘出於肝
(C)飲食飽甚，汗出於胃 (D)搖體勞苦，汗出於脾",A,108-中醫基礎醫學（一）（包括中醫醫學史、中醫基礎理論、內經、難經）.csv,
63,"依《素問‧舉痛論》，有關「積」致病病機之敘述，下列何者正確？
(A)寒氣客於陰股，兩筋之間 (B)寒氣客於衝脈，夾臍而行
(C)寒氣客於俠脊之脈，兩腎之間 (D)寒氣客於小腸膜原之間，絡血之中",D,108-中醫基礎醫學（一）（包括中醫醫學史、中醫基礎理論、內經、難經）.csv,
64,"依《素問‧至真要大論》，下列何者之病機與火熱較無關？
(A)諸痛癢瘡 (B)諸轉反戾 (C)諸逆衝上 (D)諸暴強直",D,108-中醫基礎醫學（一）（包括中醫醫學史、中醫基礎理論、內經、難經）.csv,
65,"依《靈樞》有關刺絡放血法之敘述，下列何者錯誤？
(A)《靈樞‧水脹》，膚脹鼓脹可先調其經，後瀉其脹之血絡
(B)《靈樞‧熱病》，風痙，身反折，先取足太陽及膕中及血絡出血
(C)《靈樞‧厥病》，厥頭痛，……，視頭動脈反盛者，刺盡去血
(D)《靈樞‧寒熱病》，暴瘖氣鞕，取伏突與舌本出血",A,108-中醫基礎醫學（一）（包括中醫醫學史、中醫基礎理論、內經、難經）.csv,
66,"患者小便頻數，一日數十次，出之不順暢，不多久又欲如溲，脈微細。依據《素問‧奇病論》有關
癃症之敘述，下列何者正確？
(A)關門不足之癃症，病在陽明胃、少陰腎
(B)關門不足之癃症，病在太陰肺、少陰腎
(C)中氣不足之癃症，病在太陰脾、太陰肺
(D)中氣不足之癃症，病在太陰脾、太陽膀胱",C,108-中醫基礎醫學（一）（包括中醫醫學史、中醫基礎理論、內經、難經）.csv,
67,"依《素問‧風論》，有關胃風之狀可診於下列何處？
(A)診在鼻上 (B)診在口 (C)診形瘦而腹大 (D)診在目下
代號：1101
頁次：6－6",C,108-中醫基礎醫學（一）（包括中醫醫學史、中醫基礎理論、內經、難經）.csv,
68,"患者出現經絡阻滯、營衛滯澀不行的痹病。依據《素問‧痹論》，引起痹病的原因是多種外邪雜合
而至所導致，下列何者錯誤？
(A)風 (B)寒 (C)濕 (D)熱",D,108-中醫基礎醫學（一）（包括中醫醫學史、中醫基礎理論、內經、難經）.csv,
69,"患者出現皮疹紅腫癢瘡。依據《素問‧至真大要論》，其病機與下列何者最相關？
(A)肝 (B)脾 (C)心 (D)肺",C,108-中醫基礎醫學（一）（包括中醫醫學史、中醫基礎理論、內經、難經）.csv,
70,"王先生出現飲水多而小便不通，中氣喘促，腹中氣逆衝胸，腸中雷鳴時發飧泄等症狀。根據《素問‧
痹論》，此病證以下列何者最正確？
(A)肺痹 (B)脾痹 (C)胃痹 (D)腸痹",D,108-中醫基礎醫學（一）（包括中醫醫學史、中醫基礎理論、內經、難經）.csv,
71,"《難經‧五十八難》：「傷寒有五，有中風，有傷寒，有濕溫，有熱病，有溫病，其所苦各不同。」
按《素問》之內容，「傷寒」為下列何病證之總稱？
(A)風病 (B)寒病 (C)熱病 (D)傷病",C,108-中醫基礎醫學（一）（包括中醫醫學史、中醫基礎理論、內經、難經）.csv,
72,"依據《素問‧熱論》，傷寒一日巨陽受之，二日陽明受之，三日少陽受之。若三陽經皆受其病，未
入於藏者，可以下列何法治之？
(A)僅汗法 (B)僅吐法 (C)僅下法 (D)合汗吐下為一法",A,108-中醫基礎醫學（一）（包括中醫醫學史、中醫基礎理論、內經、難經）.csv,
73,"依《素問‧熱論》，有關少陽與厥陰俱病的症狀，下列選項何者正確？①身熱 ②耳聾 ③腹滿 ④
囊縮而厥 ⑤頭痛 ⑥口乾 ⑦煩滿
(A)①③ (B)④⑦ (C)②④ (D)⑤⑥",C,108-中醫基礎醫學（一）（包括中醫醫學史、中醫基礎理論、內經、難經）.csv,
74,"依《靈樞‧論痛》，關於人之勝毒之敘述，下列何者正確？
(A)脈大 (B)筋強 (C)色黃 (D)大骨及肥",D,108-中醫基礎醫學（一）（包括中醫醫學史、中醫基礎理論、內經、難經）.csv,
75,"依《素問‧厥論》，有關陽明之厥的症狀敘述，下列何者正確？
(A)喘咳身熱，虛滿泄清 (B)虛滿而咳，善嘔沫
(C)腹滿瞋脹，後不利，不欲食，食則嘔 (D)則癲疾，欲走呼，腹滿不得臥，面赤而熱",D,108-中醫基礎醫學（一）（包括中醫醫學史、中醫基礎理論、內經、難經）.csv,
76,"依《素問‧水熱穴論》，有關水病的病因病機敘述，下列何者正確？
(A)其病因本在腎，其末在心
(B)寒飲食入胃，隨胃脈上至肺，氣聚於肺中不得散，傳為水腫
(C)外不得越於皮膚，內不得入於臟腑，客於玄府，行於皮裏，傳為胕腫
(D)風寒入陽明之脈，陽氣衰，不能滲營其經絡，傳為水腫",C,108-中醫基礎醫學（一）（包括中醫醫學史、中醫基礎理論、內經、難經）.csv,
77,"某38歲未婚女性，平常工作忙碌，近半年來月經週期不定，經來小腹下墜感但腹不痛，月經點滴不
暢，醫師診察摸到小腹如雞蛋大之硬塊，推之可動，診斷懷疑為子宮肌瘤。依據《靈樞‧水脹》有
關其病機之相關論述，下列何者正確？
(A)此由於寒氣客於腸外，膜原之下，血不得散，瘜肉乃生所致
(B)此由於寒氣客於太陰之脈，寒氣客則脈不通，衃以留止，日以益大所致
(C)此由於熱氣客於胞宮，小絡急引，日以益大所致
(D)此由於寒氣客於子門，氣不得通，惡血當瀉不瀉，衃以留止，日以益大所致",D,108-中醫基礎醫學（一）（包括中醫醫學史、中醫基礎理論、內經、難經）.csv,
78,"40歲先天性糖尿病女性患者，外感一週後，面目及足皆水腫，言語不利，身重難以行，月經過期1週未
至，煩而不能食，正躺則咳。依據《素問‧評熱病論》之內容，有關其致病病機，下列何者正確？
(A)此為支飲 (B)此為消渴病轉為溢飲
(C)因氣上迫肺，心氣不得下通，故月事不來 (D)不能正躺是因為少腹有水氣",C,108-中醫基礎醫學（一）（包括中醫醫學史、中醫基礎理論、內經、難經）.csv,
79,"依據《素問‧厥論》之內容，有關「厥症」之病因病機敘述，下列何者正確？
(A)陽氣衰於上則為寒厥 (B)熱厥必起於足下熱
(C)厥令人腹滿是因為陽氣盛於上 (D)厥的主要病機為血熱",B,108-中醫基礎醫學（一）（包括中醫醫學史、中醫基礎理論、內經、難經）.csv,
80,"依《素問‧痹論》，有關榮衛氣與痹病之關係的敘述，下列何者錯誤？
(A)榮衛不與風寒濕相合，不為痹
(B)榮衛行澀，經絡空疏，故不仁
(C)陰氣多故寒；陽氣多故為痹熱；濕甚故多汗
(D)痹在筋則重，在肉則屈不伸",D,108-中醫基礎醫學（一）（包括中醫醫學史、中醫基礎理論、內經、難經）.csv,
1,"有關參蘇飲之敘述，下列何者正確？
(A)為張仲景所創之方
(B)功用為助陽解表
(C)其組成為：人參、紫蘇葉、葛根、半夏、乾薑、黃耆、陳皮、炙甘草、前胡、桔梗
(D)其主證為惡寒，發熱，無汗，頭痛，咳嗽痰白，胸膈滿悶，倦怠乏力，苔白，脈弱",D,108-中醫基礎醫學（二）（包括中醫方劑學、中醫藥物學）.csv,
2,"下列方劑之敘述，何者錯誤？
(A)張仲景枳朮湯之枳實劑量倍於白朮，以消積導滯為主
(B)張元素枳朮丸之白朮劑量倍於枳實，以健脾為主
(C)張仲景小承氣湯之大黃劑量比厚朴多，功用為瀉熱通便，消痞除滿
(D)張仲景厚朴三物湯之大黃與厚朴劑量相等，治支飲胸滿兼腑實便秘",D,108-中醫基礎醫學（二）（包括中醫方劑學、中醫藥物學）.csv,
3,"下列何者可治外感風寒濕？①九味羌活湯 ②荊防敗毒湯 ③三拗湯 ④華蓋散
(A)①② (B)①④ (C)②③ (D)③④",A,108-中醫基礎醫學（二）（包括中醫方劑學、中醫藥物學）.csv,
4,"下列何者提出「治病之方，則又以汗、和、下、消、吐、清、溫、補八法盡之」之歸類總結？
(A)張璐 (B)汪昂 (C)張景岳 (D)程鍾齡",D,108-中醫基礎醫學（二）（包括中醫方劑學、中醫藥物學）.csv,
5,"下列何者最不適合歸類在瀉下劑？
(A)濟川煎 (B)溫脾湯 (C)新加黃龍湯 (D)防風通聖散",D,108-中醫基礎醫學（二）（包括中醫方劑學、中醫藥物學）.csv,
6,"有關方劑之敘述，下列選項何者正確？①小青龍湯與定喘湯之組成藥物均含麻黃、半夏、甘草 ②
小青龍湯與定喘湯同治痰多清稀及表證 ③小青龍湯與定喘湯均以麻黃為主藥 ④小青龍湯可用於
外寒內飲；定喘湯可清熱化痰
(A)①②③ (B)①②④ (C)①③④ (D)②③④",C,108-中醫基礎醫學（二）（包括中醫方劑學、中醫藥物學）.csv,
7,"有關方劑之敘述，下列共幾項正確？①大承氣湯、小承氣湯、調胃承氣湯等三方均主治陽明腑實證
②大承氣湯之功用為峻下熱結 ③小承氣湯之功用為輕下熱結 ④調胃承氣湯之功用為緩下熱結
(A)1 (B)2 (C)3 (D)4",D,108-中醫基礎醫學（二）（包括中醫方劑學、中醫藥物學）.csv,
8,"有關一貫煎的敘述，下列何者正確？
(A)本方為清代醫家葉天士所創制，載於其著作《臨症指南醫案》中
(B)本方組成藥物中，以當歸劑量最大
(C)主治肝鬱脾虛所引起之胸脘脅痛，吞酸吐苦
(D)本方配伍，照顧到「肝體陰而用陽」的生理特點",D,108-中醫基礎醫學（二）（包括中醫方劑學、中醫藥物學）.csv,
9,"70 歲男性喘咳多年，症見喘促胸滿，咳嗽痰黃稠，痰中帶血，面目浮腫，形體消瘦，胸中煩熱，脈
浮虛，下列何方治療最適宜？
(A)《衛生寶鑑》人參蛤蚧散 (B)《統旨方》清金化痰丸
(C)《醫考方》清氣化痰丸 (D)《重樓玉鑰》養陰清肺湯
代號：2101
頁次：6－2",A,108-中醫基礎醫學（二）（包括中醫方劑學、中醫藥物學）.csv,
10,"下列方劑中，其組成含有升麻、柴胡兩藥物者有幾項？①《脾胃論》補中益氣湯 ②《東垣試效方》
普濟消毒飲 ③《脾胃論》升陽益胃湯 ④《醫方集解》益氣聰明湯
(A)1 (B)2 (C)3 (D)4",B,108-中醫基礎醫學（二）（包括中醫方劑學、中醫藥物學）.csv,
11,"25 歲男性研究生身形瘦弱，食慾不振，大便時而稀軟，時而泄瀉。舌苔白膩，脈細緩。下列何方最
適宜？
(A)藿香正氣散 (B)葛根芩連湯 (C)溫膽湯 (D)參苓白朮散",D,108-中醫基礎醫學（二）（包括中醫方劑學、中醫藥物學）.csv,
12,"下列方劑組成中有青蒿與知母的有幾項？①青蒿鱉甲湯 ②秦艽鱉甲散 ③清骨散
(A)0 (B)1 (C)2 (D)3",D,108-中醫基礎醫學（二）（包括中醫方劑學、中醫藥物學）.csv,
13,"下列各項方劑之敘述，何者錯誤？
(A)《傷寒論》白虎湯，加人參，主治熱盛氣分，氣津兩傷，脈浮大有力者
(B)《溫病條辨》清營湯使用銀花、連翹，其目的在透熱轉氣，使營分之邪透出氣分而解
(C)《外臺秘要》黃連解毒湯主治一切實熱火毒，充斥三焦，方中黃連用量最重，為主要藥物
(D)《蘭室秘藏》清胃散主治胃有積熱，牙痛；或是牙宣出血",A,108-中醫基礎醫學（二）（包括中醫方劑學、中醫藥物學）.csv,
14,"有關《小兒藥證直訣》六味地黃丸與《景岳全書》左歸丸之敘述，有幾項正確？①共同組成藥物有
熟地、山藥、山茱萸 ②左歸丸之熟地：山藥比例為 2：1 ③兩方均為「壯水之主，以制陽光」之
代表方劑 ④左歸丸去除牛膝、菟絲子、鹿角膠、龜板膠；加入炙甘草則為《景岳全書》左歸飲，
其補力較為緩和
(A)1 (B)2 (C)3 (D)4",B,108-中醫基礎醫學（二）（包括中醫方劑學、中醫藥物學）.csv,
15,"《醫方集解》有關左金丸的方義敘述，下列何者錯誤？
(A)實則瀉其子，心者肝之子，故原方中用黃連瀉心，使火不克金，金能制木，則肝平矣
(B)吳茱萸辛熱，行氣解鬱又能引熱下行，以為反佐
(C)左金者，使金令得行於左而平肝也
(D)本方黃連：吳茱萸劑量比為1：6",D,108-中醫基礎醫學（二）（包括中醫方劑學、中醫藥物學）.csv,
16,"下列何種方劑源自《醫學衷中參西錄》，主治脾虛氣陷，導致衝任不固，所造成的月經崩漏症？
(A)升陷湯 (B)溫經湯 (C)固經丸 (D)固沖湯",D,108-中醫基礎醫學（二）（包括中醫方劑學、中醫藥物學）.csv,
17,"以小柴胡湯去柴胡、黃芩、生薑，加桂枝、黃連、乾薑，主治下列何證？
(A)水熱互結，心下痞鞕，乾噫食臭，腸中雷鳴下利者
(B)胸中有熱，胃中有寒，胸中煩悶欲嘔，腹中痛或腸鳴泄瀉
(C)心下痞滿，嘔吐，腸鳴下利，苔膩微黃，脈弦數
(D)腸中雷鳴下利，水穀不化，心下痞鞕而滿，嘔，心煩不得安",B,108-中醫基礎醫學（二）（包括中醫方劑學、中醫藥物學）.csv,
18,"《醫方集解》龍膽瀉肝湯是治肝膽經實火濕熱的重要方劑，下列何者非其組成藥物？
(A)茵陳 (B)梔子 (C)黃芩 (D)柴胡",A,108-中醫基礎醫學（二）（包括中醫方劑學、中醫藥物學）.csv,
19,"某45歲女性，半月前因受涼，發熱惡寒，咳嗽，吐痰腥臭帶血，用抗生素治療無效。現仍胸悶痛，
咳嗽，咯膿血痰，量多腥臭，舌紅苔黃膩，脈滑數，體溫39.5℃，最宜使用下列何者所組成之方藥？
(A)薏苡仁、冬瓜仁、桃仁、葦莖
(B)桑白皮、地骨皮、粳米、炙甘草
(C)麻黃、杏仁、石膏、甘草
(D)半夏、膽星、枳實、杏仁、茯苓、陳皮、黃芩、瓜蔞仁",A,108-中醫基礎醫學（二）（包括中醫方劑學、中醫藥物學）.csv,
20,"關於方劑的藥味組成敘述，下列何者錯誤？
(A)蒿芩清膽湯組成含有溫膽湯 (B)四逆散組成含有芍藥甘草湯
(C)當歸四逆湯組成含有四逆湯 (D)小建中湯組成含有桂枝湯
代號：2101
頁次：6－3",C,108-中醫基礎醫學（二）（包括中醫方劑學、中醫藥物學）.csv,
21,"牡蠣散有固表斂汗之功，其組成中以何藥為次藥（臣藥）？
(A)龍骨 (B)黃耆 (C)浮小麥 (D)麻黃",B,108-中醫基礎醫學（二）（包括中醫方劑學、中醫藥物學）.csv,
22,"下列何藥不包含在《時方歌括》丹參飲的組成中？
(A)丹參 (B)檀香 (C)木香 (D)砂仁",C,108-中醫基礎醫學（二）（包括中醫方劑學、中醫藥物學）.csv,
23,"冰片具有開竅醒神、清熱止痛之作用，經常被用於開竅醒神的方劑中。下列處方何者沒有使用冰片？
(A)《溫病條辨》安宮牛黃丸 (B)《太平惠民和劑局方》至寶丹
(C)《回春丹症治》小兒回春丹 (D)《太平惠民和劑局方》蘇合香丸",C,108-中醫基礎醫學（二）（包括中醫方劑學、中醫藥物學）.csv,
24,"《醫學發明》天台烏藥散的製服法中，下列何藥與川楝子同炒，以增加其行氣散結之作用，並且可
制其苦寒之性？
(A)木香 (B)小茴香 (C)烏藥 (D)巴豆",D,108-中醫基礎醫學（二）（包括中醫方劑學、中醫藥物學）.csv,
25,"34歲女性懷孕10週，主訴嘔逆不已，食入即吐，伴隨胸脘痞悶，其舌脈診發現舌淡苔白滑，脈弦而
虛。下列何方治療最適宜？
(A)《金匱要略》旋覆代赭石湯 (B)《金匱要略》橘皮竹茹湯
(C)《太平惠民和劑局方》二陳湯 (D)《症因脈治》丁香柿蒂湯",A,108-中醫基礎醫學（二）（包括中醫方劑學、中醫藥物學）.csv,
26,"45 歲男性患者失眠心悸求診，問診得知患者尚有神疲虛煩健忘的症狀，而且容易手足心熱、夢遺、
便秘以及反覆口舌生瘡；醫師診其舌紅少苔、脈細數。最宜下列何方治療？
(A)炙甘草湯 (B)柴胡加龍骨牡蠣湯 (C)酸棗仁湯 (D)天王補心丹",D,108-中醫基礎醫學（二）（包括中醫方劑學、中醫藥物學）.csv,
27,"下列方劑中含有理氣藥木香，共幾項正確？①《保命集》芍藥湯 ②《醫學發明》天台烏藥散 ③
《濟生方》歸脾湯 ④《丹溪心法》越鞠丸
(A)1 (B)2 (C)3 (D)4",C,108-中醫基礎醫學（二）（包括中醫方劑學、中醫藥物學）.csv,
28,"有關厚朴溫中湯之敘述，下列何者錯誤？
(A)有溫中行氣，燥濕除滿之功 (B)厚朴、枳實行氣除滿
(C)與良附丸皆具溫中行氣止痛之功效 (D)與理中丸皆治脾胃虛寒之腹痛",B,108-中醫基礎醫學（二）（包括中醫方劑學、中醫藥物學）.csv,
29,"有關《黃帝素問宣明論方》地黃飲子之敘述，下列何者錯誤？
(A)主治下元虛衰、痰濁上逆之瘖痱證 (B)臨床上可適用於下肢偏冷兼虛陽上浮的患者
(C)以熟地黃、山茱萸滋補腎陰 (D)以肉蓯蓉、鎖陽溫壯腎陽",D,108-中醫基礎醫學（二）（包括中醫方劑學、中醫藥物學）.csv,
30,"有關《太平惠民和劑局方》川芎茶調散的敘述，下列何者錯誤？
(A)集眾多辛散疏風藥為一方，但升散中寓有清降，使全方不會過於溫燥
(B)原方服法為諸藥磨為細末，每次服二錢，用時以清茶調下
(C)方中劑量最大者為川芎
(D)川芎為治頭痛要藥，也被稱作血中氣藥，在此方中體現了「治風先治血，血行風自滅」的道理",C,108-中醫基礎醫學（二）（包括中醫方劑學、中醫藥物學）.csv,
31,"有關《溫病條辨》杏蘇散之敘述，下列何者錯誤？
(A)與《醫林改錯》血府逐瘀湯比較，皆以桔梗、枳殼升降氣機、理氣寬胸
(B)主治外感涼燥，伴氣機鬱滯、津液輸布不利
(C)本方去杏仁，加人參、香附、葛根，即為《太平惠民和劑局方》參蘇飲的組成
(D)也可用於外感風寒之輕證",C,108-中醫基礎醫學（二）（包括中醫方劑學、中醫藥物學）.csv,
32,"有關《金匱要略》防己黃耆湯的敘述，下列何者錯誤？
(A)原文提及主治風濕和風水，出現「四肢腫，水氣在皮膚中，四肢聶聶動者」
(B)和《丹溪心法》玉屏風散都以黃耆、白朮來健脾益氣固表
(C)方中防己苦寒，具有止痛、利水消腫功效，臨床常用於濕熱痹症
(D)原書方後提及「服後，當如蟲行皮中」
代號：2101
頁次：6－4",A,108-中醫基礎醫學（二）（包括中醫方劑學、中醫藥物學）.csv,
33,"宣痹湯組成中，下列何者「清熱利濕，通絡止痛」而為方中主要藥物？
(A)薏仁 (B)滑石 (C)晚蠶砂 (D)防己",D,108-中醫基礎醫學（二）（包括中醫方劑學、中醫藥物學）.csv,
34,"張小姐來院門診，證見發熱困倦，胸悶腹脹，肢酸，咽腫，頤腫口渴，小便短赤，吐瀉，經醫師診
察舌苔黃膩，脈滑數，下列何方最適宜？
(A)茵陳五苓散 (B)甘露消毒丹 (C)八正散 (D)茵陳蒿湯",B,108-中醫基礎醫學（二）（包括中醫方劑學、中醫藥物學）.csv,
35,"《丹溪心法》保和丸的組成中，主要的三味消食藥物，下列那些正確？①陳皮 ②茯苓 ③山楂 ④
神麴 ⑤麥芽 ⑥萊菔子
(A)①②⑤ (B)①⑤⑥ (C)②③④ (D)③④⑥",D,108-中醫基礎醫學（二）（包括中醫方劑學、中醫藥物學）.csv,
36,"下列何者為《太平惠民和劑局方》香薷飲的功用？
(A)解表散寒，溫肺化飲 (B)解表散寒，化濕和中
(C)發汗解表，兼清裏熱 (D)祛暑解表，化濕和中",D,108-中醫基礎醫學（二）（包括中醫方劑學、中醫藥物學）.csv,
37,"消食導滯方劑組成中，下列何者含《太平惠民和劑局方》四君子湯的組成？
(A)《蘭室秘藏》枳實消痞丸 (B)《內外傷辨惑論》枳朮丸
(C)《丹溪心法》保和丸 (D)《儒門事親》木香檳榔丸",A,108-中醫基礎醫學（二）（包括中醫方劑學、中醫藥物學）.csv,
38,"有關《溫熱經緯》清暑益氣湯之敘述，下列何者正確？
(A)主治中暑受熱，氣津兩傷。證見身熱無汗，心煩口渴，小便短赤，體倦少氣，脈虛數
(B)若不考慮藥物劑量，本方包含了整個《金匱要略》麥門冬湯的藥物組成
(C)方中梔子、竹葉、連翹清熱除煩；甘草、梗米益氣養胃，共為佐使藥
(D)本方側重養陰生津，宜於暑熱傷津耗氣之證；《脾胃論》清暑益氣湯側重健脾燥濕，用於元氣本
虛，傷於暑濕者",D,108-中醫基礎醫學（二）（包括中醫方劑學、中醫藥物學）.csv,
39,"30 歲男性，適逢寒流出遊，當天夜晚出現發燒 38.5℃，伴見咳嗽，微喘，汗出，下利臭穢，苔黃脈
數。最宜下列何方治療？
(A)麻黃、杏仁、甘草、石膏
(B)麻黃、葛根、桂枝、白芍、甘草、生薑、大棗
(C)葛根、黃芩、黃連、甘草
(D)葛根、黃芩、柴胡、羌活、白芷、白芍、桔梗、甘草",C,108-中醫基礎醫學（二）（包括中醫方劑學、中醫藥物學）.csv,
40,"下列何者為消瘰丸之功用？
(A)開達膜原，燥濕化積 (B)燥濕利水，化痰軟堅
(C)清熱滌痰，寬胸散結 (D)清熱化痰軟堅，消瘰養陰",D,108-中醫基礎醫學（二）（包括中醫方劑學、中醫藥物學）.csv,
41,"麻黃用於喘咳證，下列何者最不宜？
(A)風寒外束 (B)腎不納氣 (C)內有寒飲 (D)熱邪壅肺",B,108-中醫基礎醫學（二）（包括中醫方劑學、中醫藥物學）.csv,
42,"有關生薑主治，下列敘述何者最不宜？
(A)外感風寒，惡寒發熱，頭痛鼻塞 (B)形寒飲冷，寒濕傷中，脘腹冷痛
(C)陰虛內熱，嘔吐呃逆，腹痛腹瀉 (D)跌打損傷，魚蟹中毒，癰疽凍瘡",C,108-中醫基礎醫學（二）（包括中醫方劑學、中醫藥物學）.csv,
43,"有關威靈仙主治，下列敘述何者最不宜？
(A)中風痛風，頭風頑痹 (B)風濕痰氣，氣虛血弱
(C)癥瘕積聚，痰水宿膿 (D)黃疸浮腫，大小便秘",B,108-中醫基礎醫學（二）（包括中醫方劑學、中醫藥物學）.csv,
44,"有關附子主治，下列敘述何者最不宜？
(A)三陰傷寒，中寒中風，陰虛陽盛 (B)嘔噦膈噎，冷痢寒瀉，霍亂轉筋
(C)拘攣風痹，癥瘕積聚，小兒慢驚 (D)痘瘡灰白，癰疽不歛，沉寒痼冷",A,108-中醫基礎醫學（二）（包括中醫方劑學、中醫藥物學）.csv,
45,"有關丁香主治，下列敘述何者最不宜？
(A)陰虛火旺，痃癖奔豚腹痛 (B)胃冷壅脹，嘔噦呃逆泄利
(C)腎陽虛衰，腰膝酸痛陽痿 (D)腦疳齒䘌，痘瘡灰白不發
代號：2101
頁次：6－5",A,108-中醫基礎醫學（二）（包括中醫方劑學、中醫藥物學）.csv,
46,"有關白花蛇的主治應用，下列何者錯誤？
(A)中風半身不遂 (B)小兒驚風抽搐 (C)皮膚搔癢 (D)癥瘕血塊",D,108-中醫基礎醫學（二）（包括中醫方劑學、中醫藥物學）.csv,
47,"下列何藥具有清熱利水，除濕止癢的功效？
(A)地膚子 (B)萹蓄 (C)海金沙 (D)木通",A,108-中醫基礎醫學（二）（包括中醫方劑學、中醫藥物學）.csv,
48,"下列何者為薤白最適當的功效？
(A)行氣止痛，溫腎納氣 (B)降氣止呃
(C)行氣止痛、開鬱醒脾 (D)通陽散結、行氣導滯",D,108-中醫基礎醫學（二）（包括中醫方劑學、中醫藥物學）.csv,
49,"有關蒼朮之敘述，下列選項何者正確？①菊科植物 ②赤朮即是蒼朮 ③至《新修本草》始有蒼朮
之名 ④北蒼朮、南蒼朮皆為正品蒼朮
(A)①②③ (B)①②④ (C)①③④ (D)②③④",B,108-中醫基礎醫學（二）（包括中醫方劑學、中醫藥物學）.csv,
50,"下列藥物中，何者藥材為革質葉，具有利尿通淋，清熱止血作用？
(A)石韋 (B)海藻 (C)淫羊藿 (D)海金沙",A,108-中醫基礎醫學（二）（包括中醫方劑學、中醫藥物學）.csv,
51,"下列何藥，平常配伍用於胃失和降所致的呃逆之證？
(A)枳實 (B)玫瑰花 (C)薤白 (D)柿蒂",D,108-中醫基礎醫學（二）（包括中醫方劑學、中醫藥物學）.csv,
52,"下列藥物中，何者藥用部位為莖髓，能利水通淋、清心除煩？
(A)木賊 (B)竹茹 (C)燈心草 (D)蘆根",C,108-中醫基礎醫學（二）（包括中醫方劑學、中醫藥物學）.csv,
53,"下列何者用於陰虛燥咳，歸肺胃腎經的藥物？
(A)百部 (B)知母 (C)杏仁 (D)白果",B,108-中醫基礎醫學（二）（包括中醫方劑學、中醫藥物學）.csv,
54,"下列何種根莖類藥物治喉痹咽痛要藥，歸肺經？
(A)射干 (B)桔梗 (C)蚤休 (D)馬勃",A,108-中醫基礎醫學（二）（包括中醫方劑學、中醫藥物學）.csv,
55,"下列何藥治肺熱咳嗽，不宜久煎？
(A)桑白皮 (B)蘇子 (C)連翹 (D)魚腥草",D,108-中醫基礎醫學（二）（包括中醫方劑學、中醫藥物學）.csv,
56,"下列何藥能明目退翳，有瞳子散大者忌用？
(A)決明子 (B)穀精草 (C)密蒙花 (D)青葙子",D,108-中醫基礎醫學（二）（包括中醫方劑學、中醫藥物學）.csv,
57,"有關敗醬草的敘述，下列何者錯誤？
(A)治腸癰已成 (B)治風濕痹痛 (C)治下痢膿血 (D)治肺癰發熱",B,108-中醫基礎醫學（二）（包括中醫方劑學、中醫藥物學）.csv,
58,"下列何者為根皮類藥材並用於退虛熱、除骨蒸？
(A)桑白皮 (B)胡黃連 (C)地骨皮 (D)銀柴胡",C,108-中醫基礎醫學（二）（包括中醫方劑學、中醫藥物學）.csv,
59,"下列何藥功善止血，又能化瘀生新，止血不留瘀，化瘀不傷正之特長﹖
(A)白及 (B)前胡 (C)白芍 (D)三七",D,108-中醫基礎醫學（二）（包括中醫方劑學、中醫藥物學）.csv,
60,"有關白茅根主治功用，下列選項何者正確？①傷寒噦逆 ②反胃腹痛 ③血閉寒熱 ④溲多不渴
⑤內熱煩渴
(A)①②③ (B)①③⑤ (C)②④⑤ (D)③④⑤",B,108-中醫基礎醫學（二）（包括中醫方劑學、中醫藥物學）.csv,
61,"下列何藥能祛風止痛，可用於感冒風寒的頭痛，又能用於月經不調、痛經、閉經等病證？
(A)乳香 (B)川芎 (C)沒藥 (D)當歸",B,108-中醫基礎醫學（二）（包括中醫方劑學、中醫藥物學）.csv,
62,"下列何者不屬於牛膝的功效？
(A)行氣解鬱 (B)引藥下行 (C)活血通經 (D)補肝腎、強筋骨",A,108-中醫基礎醫學（二）（包括中醫方劑學、中醫藥物學）.csv,
63,"下列何藥物可用於溫熱病熱入營血，證見高熱、時有譫語、煩躁不寐，或斑疹隱隱、舌紅絳等，以
及心悸怔忡、失眠等證。以活血涼血見長，又能養血安神，有清心除煩，涼血消癰功效的中藥？
(A)苦參 (B)川芎 (C)丹參 (D)紅花
代號：2101
頁次：6－6",C,108-中醫基礎醫學（二）（包括中醫方劑學、中醫藥物學）.csv,
64,"關於生槐花的敘述，下列何者正確？
(A)能涼血止血，適用於血熱妄行所致的出血病證
(B)可用於止咳化痰
(C)便血、痔血等因血熱而起者，不可用本品
(D)只可用治於上部出血，下部出血如便血、痔血等，用之不效",A,108-中醫基礎醫學（二）（包括中醫方劑學、中醫藥物學）.csv,
65,"有關扁豆的功效敘述，下列何者錯誤？
(A)清心除煩 (B)和胃益脾 (C)化濕清暑濕 (D)和中解毒",A,108-中醫基礎醫學（二）（包括中醫方劑學、中醫藥物學）.csv,
66,"有關墨旱蓮的功效敘述，下列何者錯誤？
(A)涼血止血 (B)滋補肝腎 (C)和胃益脾 (D)滋陰清熱",C,108-中醫基礎醫學（二）（包括中醫方劑學、中醫藥物學）.csv,
67,"下列何種補氣藥具有滋補強壯、補脾胃、止消渴、安神鎮靜之功效？
(A)黃耆 (B)扁豆 (C)白朮 (D)人參",D,108-中醫基礎醫學（二）（包括中醫方劑學、中醫藥物學）.csv,
68,"有關飴糖的禁忌症，下列何者錯誤？
(A)濕熱內鬱 (B)中滿吐逆 (C)小兒疳積 (D)肺虛乾咳",D,108-中醫基礎醫學（二）（包括中醫方劑學、中醫藥物學）.csv,
69,"下列何者是巴戟天的藥用部位？
(A)果實 (B)葉 (C)根 (D)樹皮",C,108-中醫基礎醫學（二）（包括中醫方劑學、中醫藥物學）.csv,
70,"下列何者最不常用於肝腎精血不足、鬚髮早白？
(A)桑椹 (B)女貞子 (C)黑芝麻 (D)天門冬",D,108-中醫基礎醫學（二）（包括中醫方劑學、中醫藥物學）.csv,
71,"下列何藥用治驚癇癲狂，係取其開竅醒神之功效？
(A)冰片 (B)龍骨 (C)合歡皮 (D)磁石",A,108-中醫基礎醫學（二）（包括中醫方劑學、中醫藥物學）.csv,
72,"有關麝香敘述，下列何者錯誤？
(A)成熟雄麝體內香囊的乾燥分泌物，又稱當門子
(B)醒神回甦的要藥，宜入煎劑
(C)內服或外用於瘡瘍腫毒，跌打損傷
(D)孕婦禁服",B,108-中醫基礎醫學（二）（包括中醫方劑學、中醫藥物學）.csv,
73,"下列何藥能燥濕化痰、降逆和胃，常與生薑同用於寒飲嘔吐？
(A)天竹黃 (B)半夏 (C)桔梗 (D)貝母",B,108-中醫基礎醫學（二）（包括中醫方劑學、中醫藥物學）.csv,
74,"牡蠣除了軟堅散結，收斂固澀之外，還可用於下列何證？
(A)精寒自出 (B)風寒濕痹，肢體麻木癱瘓
(C)風疹瘙癢 (D)神志不安，心悸怔忡，失眠多夢",D,108-中醫基礎醫學（二）（包括中醫方劑學、中醫藥物學）.csv,
75,"下列何藥息風止痙、善清熱，亦能用於痰鳴喘息、小便不利、尿閉不通等證？
(A)地龍 (B)白殭蠶 (C)蜈蚣 (D)全蠍",A,108-中醫基礎醫學（二）（包括中醫方劑學、中醫藥物學）.csv,
76,"下列何藥色白質輕，除上焦胸膈之痰熱﹖
(A)白石英 (B)硼砂 (C)海螵蛸 (D)明礬",B,108-中醫基礎醫學（二）（包括中醫方劑學、中醫藥物學）.csv,
77,"下列何藥治療冠心病，不是取其活血化瘀的功效？
(A)生山楂 (B)益母草 (C)琥珀 (D)石菖蒲",D,108-中醫基礎醫學（二）（包括中醫方劑學、中醫藥物學）.csv,
78,"大腹皮治濕阻氣滯，脘腹痞悶脹滿，以及下列何者？
(A)五緩虛羸 (B)風蹶頑痹 (C)水腫腳氣 (D)崩中帶下",C,108-中醫基礎醫學（二）（包括中醫方劑學、中醫藥物學）.csv,
79,"下列何藥具有制酸止痛的功效，用於泛酸胃痛？
(A)海螵蛸 (B)桑螵蛸 (C)延胡索 (D)貝母",A,108-中醫基礎醫學（二）（包括中醫方劑學、中醫藥物學）.csv,
80,"有關麥芽的炮製對應功效，下列何者錯誤？
(A)回乳：生用、炒用均可 (B)止瀉多炒用
(C)健胃消食，疏肝和胃，宜生用 (D)生者多服，可致噁心嘔吐",D,108-中醫基礎醫學（二）（包括中醫方劑學、中醫藥物學）.csv,
1,"有關《神農本草經》之相關敘述，下列何者錯誤？
(A)東漢班固之《漢書‧藝文志‧方技略》中載有《神農本草經》九卷之紀錄
(B)本草一辭出現於中國正史者，始見於《漢書》
(C)南北朝陶弘景以當時所存本草經四卷等書，以朱墨雜書方式輯成《神農本草經集註》
(D)現今流傳之《神農本草經》，如孫星衍、顧觀光本，實由《證類本草》、《本草綱目》等書中輯錄出來",A,109-中醫基礎醫學（一）（包括中醫醫學史、中醫基礎理論、內經、難經）.csv,
2,"自何書始提出「獨取寸口，以決五臟六腑死生吉凶之法」？
(A)《靈樞》 (B)《難經》 (C)《脈經》 (D)《脈訣》",B,109-中醫基礎醫學（一）（包括中醫醫學史、中醫基礎理論、內經、難經）.csv,
3,"有關方書的敘述，下列何者錯誤？
(A)《太平聖惠方》每門多引《諸病源候論》的理論為總論
(B)《蘇沈良方》為蘇轍、沈括著作合編
(C)《聖濟總錄》由宋徽宗詔令徵集大量醫方編纂而成
(D)《太平惠民和劑局方》的方劑多為丸、散等劑型",B,109-中醫基礎醫學（一）（包括中醫醫學史、中醫基礎理論、內經、難經）.csv,
4,"有關隋唐的醫學教育制度，下列敘述何者正確？
(A)隋朝開始將針科、按摩科設為教學專科
(B)唐朝太醫署廢除咒禁科
(C)唐朝太醫署醫學教育共分為五科，修業年限各有不同
(D)隋唐太醫署為官方的醫療機關，也是醫學教育機構",D,109-中醫基礎醫學（一）（包括中醫醫學史、中醫基礎理論、內經、難經）.csv,
5,"下列何者為宋代官方頒行的醫學書籍？
(A)《證類本草》 (B)《三因方》 (C)《日華子本草》 (D)《聖濟總錄》",D,109-中醫基礎醫學（一）（包括中醫醫學史、中醫基礎理論、內經、難經）.csv,
6,"朱丹溪的「相火論」理論，下列何者錯誤？
(A)天之陽氣為氣，地之陰氣為血 (B)陽常有餘，陰常不足
(C)相火為生理之火，非賊火 (D)後世稱朱丹溪為「滋陰派」",C,109-中醫基礎醫學（一）（包括中醫醫學史、中醫基礎理論、內經、難經）.csv,
7,"明清時期有不少重要的方劑學典籍出版，下列敘述何者錯誤？
(A)《普濟方》為明初作品，因《四庫全書》收錄得以保存至今，是中國古代內容最多的方劑典籍
(B)《醫方集解》採因病、因證分類，並有正方、附方，註明出處、綜合各家論述，是廣泛流行的方書
(C)《醫方考》為作者吳崐有感於時醫專業知識貧乏，為改變其對古今方藥茫然無知之現象而完成的作品
(D)施沛輯明代以前著名方劑寫成《祖劑》一書，追本溯源，將相類方劑歸於一系論述",B,109-中醫基礎醫學（一）（包括中醫醫學史、中醫基礎理論、內經、難經）.csv,
8,"下列何者不是以主張中西匯通而著名的醫學家？
(A)唐容川 (B)朱沛文 (C)張錫純 (D)俞樾",D,109-中醫基礎醫學（一）（包括中醫醫學史、中醫基礎理論、內經、難經）.csv,
9,"依《素問‧上古天真論》有關女性不同年齡階段之生理變化，下列敘述何者正確？
(A)二七腎氣盛，天癸至，精氣溢瀉，陰陽亢，故能有子
(B)三七腎氣實，筋骨勁強，故真牙生而長極
(C)四七筋骨堅，髮長極，身體盛壯
(D)五七三陽氣衰於上，面焦，髮鬢頒白
代號：1101
頁次：6－2",C,109-中醫基礎醫學（一）（包括中醫醫學史、中醫基礎理論、內經、難經）.csv,
10,"電視劇演著阿公被不肖敗家子氣到昏倒，依《素問‧生氣通天論》，其最有可能的病機為何？
(A)因於怒氣，起居如驚，神氣乃浮，使人薄厥
(B)因於怒氣，體若燔炭，四維相代，陽氣煎厥
(C)陽氣者，大怒則氣至巔，而目晦不明，使人煎厥
(D)陽氣者，大怒則形氣絕，而血菀於上，使人薄厥",D,109-中醫基礎醫學（一）（包括中醫醫學史、中醫基礎理論、內經、難經）.csv,
11,"依《素問‧生氣通天論》，有關病因病機之疾病反應，下列敘述何者正確？
(A)因而飽食，筋脈拘緊，腸澼為漏 (B)汗出見熱，乃生痤疿
(C)寒邪入陷於脈中為拘，衛氣散解 (D)寒邪入俞氣化薄，傳為善畏，及為驚駭",D,109-中醫基礎醫學（一）（包括中醫醫學史、中醫基礎理論、內經、難經）.csv,
12,"依《素問‧陰陽應象大論》之相關病理論述，下列何者正確？
(A)熱氣生濁，寒氣生清 (B)氣薄則發泄，厚則發熱
(C)壯火之氣壯，少火之氣衰 (D)氣傷腫，形傷痛",B,109-中醫基礎醫學（一）（包括中醫醫學史、中醫基礎理論、內經、難經）.csv,
13,"依《靈樞‧順氣一日分為四時》，有關晝夜變化與疾病嚴重程度的關係，其最有可能的病機敘述為何？
(A)朝則人氣始生，病氣衰，故旦慧 (B)日中人氣長，正邪交爭甚，故暫安
(C)日中則重陽，邪氣始生，陽中之陽也 (D)朝則人氣漸長，天之陽，陽中之陰也",A,109-中醫基礎醫學（一）（包括中醫醫學史、中醫基礎理論、內經、難經）.csv,
14,"依《素問‧金匱真言論》中以臟腑部位來區分陰陽，脾是：
(A)陰中之陰 (B)陰中之至陰 (C)陰中之陽 (D)陽中之陰",B,109-中醫基礎醫學（一）（包括中醫醫學史、中醫基礎理論、內經、難經）.csv,
15,"依《素問‧四氣調神大論》，秋天的日夜生活作息應當遵循下列何者？
(A)早臥晚起 (B)早臥早起 (C)夜臥晚起 (D)夜臥早起",B,109-中醫基礎醫學（一）（包括中醫醫學史、中醫基礎理論、內經、難經）.csv,
16,"依《素問‧陰陽應象大論》，氣薄食物之陰陽屬性，下列何者最適宜？
(A)純陰 (B)純陽 (C)陽中之陰 (D)陰中之陽",C,109-中醫基礎醫學（一）（包括中醫醫學史、中醫基礎理論、內經、難經）.csv,
17,"依據《靈樞‧癰疽》所述：「溫分肉、養骨節、通腠理」，為下列那一個部分的功能？
(A)上焦 (B)衛氣 (C)中焦 (D)營氣",A,109-中醫基礎醫學（一）（包括中醫醫學史、中醫基礎理論、內經、難經）.csv,
18,"64歲男性，常日夜笙歌，最近發現白髮明顯變多。依據中醫理論，頭髮的光澤與顏色與那個臟腑較相關？
(A)肝 (B)心 (C)脾 (D)腎",D,109-中醫基礎醫學（一）（包括中醫醫學史、中醫基礎理論、內經、難經）.csv,
19,"《血證論‧卷一‧陰陽水火氣血論》：「食氣入胃，全賴肝木之氣以疏泄之，而水穀乃化。設肝之清陽不
升，則不能疏泄水穀，滲泄中滿之症，在所不免。」所言，其論述與下列那一個臟腑功能異常最相關？
(A)肝不藏血 (B)肝脾不和 (C)脾失健運 (D)濕濁困脾",B,109-中醫基礎醫學（一）（包括中醫醫學史、中醫基礎理論、內經、難經）.csv,
20,"明朝《名醫雜著》的作者王綸主張學醫「宜專主內經，而博觀乎四子」，下列何者不是王綸主張的四
位醫家？
(A)劉河間 (B)張從正 (C)李東垣 (D)朱丹溪",B,109-中醫基礎醫學（一）（包括中醫醫學史、中醫基礎理論、內經、難經）.csv,
21,"依《靈樞‧九針論》，下列何者錯誤？
(A)心主噫，肺主咳，肝主語，脾主吞，腎主欠
(B)精氣并於肝則憂，并於心則喜，并於肺則悲，并於腎則恐，并於脾則畏
(C)酸走筋，辛走氣，苦走血，鹹走骨，甘走肉
(D)陰病發於骨，陽病發於皮，陰病發於筋，陽病發於脈，陽病發於肉",D,109-中醫基礎醫學（一）（包括中醫醫學史、中醫基礎理論、內經、難經）.csv,
22,"依據《內經》中有關血之敘述，下列何者錯誤？
(A)《靈樞‧決氣》：「中焦受氣取汁，變化而赤，是謂血」
(B)《素問‧八正神明論》：「血氣者，人之神，不可不謹養」
(C)《靈樞‧平人絕榖》：「血脈和利，精神乃居」
(D)《素問‧五臟生成論》：「諸血者，皆屬於脾」",D,109-中醫基礎醫學（一）（包括中醫醫學史、中醫基礎理論、內經、難經）.csv,
23,"依據《素問‧宣明五氣》，五臟化五液的敘述，下列何者錯誤？
(A)肺為泣 (B)脾為涎 (C)心為汗 (D)腎為唾",A,109-中醫基礎醫學（一）（包括中醫醫學史、中醫基礎理論、內經、難經）.csv,
24,"依《靈樞‧海論》的內容，「氣滿胸中，悗息面赤」是人體「四海」中何者有餘的表現？
(A)水穀之海 (B)血海 (C)髓海 (D)氣海
代號：1101
頁次：6－3",D,109-中醫基礎醫學（一）（包括中醫醫學史、中醫基礎理論、內經、難經）.csv,
25,"依據《靈樞‧營衛生會》的內容，下列何者不是營氣的主要生理特性？
(A)清者為營 (B)溫養臟腑 (C)營出於中焦 (D)營在脈中",B,109-中醫基礎醫學（一）（包括中醫醫學史、中醫基礎理論、內經、難經）.csv,
26,"依《靈樞‧海論》中「四海之順逆」的內容，「腦轉耳鳴，脛痠眩冒」是何者不足的表現？
(A)水穀之海 (B)血海 (C)髓海 (D)氣海",C,109-中醫基礎醫學（一）（包括中醫醫學史、中醫基礎理論、內經、難經）.csv,
27,"依《素問‧六節藏象論》對藏象之論述，下列何者錯誤？
(A)肺者，魄之處也，其充在皮
(B)肝者，罷極之本，其華在筋
(C)脾、胃、大腸、小腸、三焦、膀胱者，倉廩之本，營之居也
(D)腎者，精之處也，其華在髮",B,109-中醫基礎醫學（一）（包括中醫醫學史、中醫基礎理論、內經、難經）.csv,
28,"根據中醫氣血津液學說，下列敘述何者錯誤？
(A)陽是比火還要強盛的能量，肝陽上亢的症狀遠比肝火上炎嚴重
(B)氣過度強盛時會變成火，火會造成破壞而引起症狀與病變
(C)陽是相對於陰的概念，以物質與能量之觀念來看，氣與火之陰陽屬性都屬於陽
(D)氣是一種強度適中的能量，可以作功以執行人體生理功能",A,109-中醫基礎醫學（一）（包括中醫醫學史、中醫基礎理論、內經、難經）.csv,
29,"依《素問‧五藏生成》，五臟之精氣表現於外有其徵象，脾之榮華表現於下列何處？
(A)齒 (B)爪 (C)唇 (D)舌",C,109-中醫基礎醫學（一）（包括中醫醫學史、中醫基礎理論、內經、難經）.csv,
30,"依《靈樞‧決氣》論述，「液」的特性下列何者正確？
(A)薰膚充身澤毛，若霧露之溉 (B)骨屬屈伸，泄澤，補益腦髓，皮膚潤澤
(C)壅遏營氣，令無所避 (D)腠理發泄，汗出溱溱",B,109-中醫基礎醫學（一）（包括中醫醫學史、中醫基礎理論、內經、難經）.csv,
31,"依《靈樞‧營衛生會》關於酒的敘述，下列何者最正確？
(A)喝酒之後，幫助排大便 (B)酒者，為熟穀之液
(C)酒者，先穀而入，後穀而出 (D)酒者，其氣悍以濁",B,109-中醫基礎醫學（一）（包括中醫醫學史、中醫基礎理論、內經、難經）.csv,
32,"王女士常自汗出，是衛氣的那個生理作用失常所至？
(A)溫分肉 (B)充皮膚 (C)肥腠理 (D)司開闔",D,109-中醫基礎醫學（一）（包括中醫醫學史、中醫基礎理論、內經、難經）.csv,
33,"依《靈樞‧經脈》，有關小腸手太陽之脈的敘述，下列何者錯誤？
(A)小腸手太陽之脈起於小腸，上膈絡心
(B)小腸手太陽之脈的循行部位有入耳中
(C)三焦手少陽和小腸手太陽之脈的循行皆有至目銳眥
(D)小腸手太陽是主液所生病者",A,109-中醫基礎醫學（一）（包括中醫醫學史、中醫基礎理論、內經、難經）.csv,
34,"依《難經》，有關五臟六腑井滎俞經合之敘述，下列何者最不適宜？
(A)井主心下滿 (B)滎主身熱 (C)俞主喘咳寒熱 (D)合主逆氣而泄",C,109-中醫基礎醫學（一）（包括中醫醫學史、中醫基礎理論、內經、難經）.csv,
35,"依《靈樞‧本輸》，有關井滎俞經合穴之敘述，下列何者正確？
(A)肺手太陰之合穴為曲澤 (B)三焦手少陽之合穴為天井
(C)小腸手太陽之俞穴為陽谷 (D)膽足少陽之俞穴為丘墟",B,109-中醫基礎醫學（一）（包括中醫醫學史、中醫基礎理論、內經、難經）.csv,
36,"依《靈樞‧經脈》，有關經脈之起迄點，下列何者錯誤？
(A)足太陽起於目內眥，至小趾外側 (B)足陽明起於鼻之交頞中，入中趾內間
(C)手少陽起於小指之端，至目內眥 (D)手陽明起於大指次指之端，上挾鼻孔",C,109-中醫基礎醫學（一）（包括中醫醫學史、中醫基礎理論、內經、難經）.csv,
37,"依《素問‧血氣形志》十二經氣血不同，下列那些經脈都屬於「多血少氣」？
(A)厥陰經，少陽經 (B)陽明經，太陽經 (C)厥陰經，太陽經 (D)陽明經，少陰經",C,109-中醫基礎醫學（一）（包括中醫醫學史、中醫基礎理論、內經、難經）.csv,
38,"張先生感冒後咳嗽，肺部脹滿，缺盆處疼痛以及頻尿。依據《靈樞‧經脈》，他的症狀最有可能是下
列那一條經脈出現問題？
(A)手少陰心經 (B)手太陰肺經 (C)足少陰腎經 (D)足太陽膀胱經
代號：1101
頁次：6－4",B,109-中醫基礎醫學（一）（包括中醫醫學史、中醫基礎理論、內經、難經）.csv,
39,"關於近代中醫的教育與設校問題，引發許多爭論，相關情況下列何者錯誤？
(A)民國3年，教育總長公布之相關教育規程，未將中醫教育規劃入內
(B)民國21年，行政院曾飭令各省教育廳將所有中醫學校改稱為學社
(C)為儲備中醫學校相關師資，國醫館曾在南京舉辦中醫特別訓練班
(D)民國45年，立法院通過中醫學校與研究機構設置案，由陳立夫先生創辦私立中國醫藥學院",D,109-中醫基礎醫學（一）（包括中醫醫學史、中醫基礎理論、內經、難經）.csv,
40,"下列何者症狀配對屬於足太陰脾經「是動病」？
(A)舌本痛，體不能動搖 (B)舌本強，體不能動搖
(C)舌本痛，心下急痛 (D)舌本強，身體皆重",D,109-中醫基礎醫學（一）（包括中醫醫學史、中醫基礎理論、內經、難經）.csv,
41,"下列那一條經脈是動病、所生病沒有提到面色變化？
(A)手太陰肺經 (B)足少陰腎經 (C)足少陽膽經 (D)足厥陰肝經",A,109-中醫基礎醫學（一）（包括中醫醫學史、中醫基礎理論、內經、難經）.csv,
42,"依據《靈樞‧經別》，有關經別的六合，下列敘述何者錯誤？
(A)足太陽與少陰經別合於膕中 (B)足陽明與太陰經別合於外踝
(C)足少陽與厥陰經別合於毛際 (D)手太陽與少陰經別合於目內眥",B,109-中醫基礎醫學（一）（包括中醫醫學史、中醫基礎理論、內經、難經）.csv,
43,"依據《靈樞‧經別》的內容，下列那一條經別循行沒有到達咽喉？
(A)手少陽之正 (B)手陽明之正 (C)足少陽之正 (D)足陽明之正",A,109-中醫基礎醫學（一）（包括中醫醫學史、中醫基礎理論、內經、難經）.csv,
44,"依據《靈樞‧經筋》的內容，下列那一條經筋循行沒有到達脅肋部位？
(A)足少陽之筋 (B)手少陽之筋 (C)足太陰之筋 (D)手太陰之筋",B,109-中醫基礎醫學（一）（包括中醫醫學史、中醫基礎理論、內經、難經）.csv,
45,"依《素問‧刺腰痛》所述，陽維之脈與下列何經脈合腨下間？
(A)陽明 (B)少陽 (C)太陽 (D)三陽",C,109-中醫基礎醫學（一）（包括中醫醫學史、中醫基礎理論、內經、難經）.csv,
46,"《難經》中所言，尺寸終始一寸九分，故曰尺寸也，下列敘述何者正確？
(A)尺佔一寸 (B)關佔一寸 (C)寸佔一寸 (D)以掌後高骨為關",A,109-中醫基礎醫學（一）（包括中醫醫學史、中醫基礎理論、內經、難經）.csv,
47,"依《靈樞‧骨度》，有關人體體表的度量，下列何者正確？
(A)喉結以下至缺盆中央長四寸 (B)喉結以下至劍突長八寸
(C)天樞以下至橫骨長五寸 (D)劍突以下至天樞長六寸",A,109-中醫基礎醫學（一）（包括中醫醫學史、中醫基礎理論、內經、難經）.csv,
48,"經脈中的經氣來源大略可分為先天之精氣與後天之穀氣。從這種分類的角度來看，下列那一種經氣的
來源與其他不同？
(A)宗氣 (B)營氣 (C)肺氣 (D)腎間動氣",D,109-中醫基礎醫學（一）（包括中醫醫學史、中醫基礎理論、內經、難經）.csv,
49,"下列敘述何者不屬於「濕阻中焦」的症狀？
(A)腰膝痠軟 (B)脘腹痞滿 (C)食慾不振 (D)口膩口甜",A,109-中醫基礎醫學（一）（包括中醫醫學史、中醫基礎理論、內經、難經）.csv,
50,"關於中醫五臟中「心」的病因病機敘述，下列共幾項正確？①雖然心的陰陽氣血皆可能發生異常，
但陽氣勝則熱，氣有餘便是火，所以只要心陽氣偏亢，一定歸屬實火 ②心的陽氣虛衰，可分為
心陽虛及心氣虛，兩者症狀常有共同之處 ③心陰虛跟心血虛都可因情志內傷、勞心過度導致
④心開竅於舌，手少陰經的經別「散舌下」。所以當心火上炎時，可出現口舌糜爛、舌尖碎痛等症
⑤《血證論‧臟腑病機論》：「心者，君主之官，神明出焉，…，血虛則神不安而怔忡，有瘀血亦怔忡。」
(A)1 (B)2 (C)3 (D)4",C,109-中醫基礎醫學（一）（包括中醫醫學史、中醫基礎理論、內經、難經）.csv,
51,"依據《素問‧痿論》的敘述，下列何者可導致骨痿？①遠行勞倦 ②骨枯而髓虛 ③陽氣內伐 ④入
房太甚 ⑤思想無窮
(A)①②③ (B)②④ (C)①③⑤ (D)③④⑤",A,109-中醫基礎醫學（一）（包括中醫醫學史、中醫基礎理論、內經、難經）.csv,
52,"《素問‧診要經終論》說：「太陽之脈，其終也，戴眼，反折，瘛瘲，其色白，絕汗乃出，出則死矣」，
是指經絡病機中的何種病機？
(A)經絡氣血旺盛 (B)經絡氣血瘀滯 (C)經絡氣血逆亂 (D)經絡氣血衰竭
代號：1101
頁次：6－5",D,109-中醫基礎醫學（一）（包括中醫醫學史、中醫基礎理論、內經、難經）.csv,
53,"中醫典籍中有關黃疸的敘述，下列何者錯誤？
(A)《景岳全書》：「膽傷則膽氣敗而膽液泄，故為此證」
(B)《寓意草》：「膽之熱，汁滿而溢出於外，以漸滲於經絡，則身目皆黃」
(C)《臨證指南醫案》：「陽黃之作，濕從火化，瘀熱在裡，膽熱液泄，與胃之濁氣共並，上不得越，下
不得泄，熏蒸遏鬱，侵於肺則身目俱黃」
(D)《雜病廣要》：「黃疸者，由寒溫不適，喜怒無度，使邪氣與榮衛相干，在於腸內，遇熱加之，血氣
蘊積，熱積不散」",D,109-中醫基礎醫學（一）（包括中醫醫學史、中醫基礎理論、內經、難經）.csv,
54,"下列何者不是《素問‧玉機真藏論》中「五虛」證候的敘述？
(A)皮寒 (B)腹脹 (C)泄利前後 (D)飲食不入",B,109-中醫基礎醫學（一）（包括中醫醫學史、中醫基礎理論、內經、難經）.csv,
55,"依據《素問‧舉痛論》的內容，百病皆生於氣，下列何者錯誤？
(A)思則氣結 (B)怒則氣上 (C)炅則氣泄 (D)喜則氣消",D,109-中醫基礎醫學（一）（包括中醫醫學史、中醫基礎理論、內經、難經）.csv,
56,"有關《素問》陰陽失調的敘述，下列共幾項正確？①陽虛則內寒 ②陽盛則外熱 ③諸寒之而熱者取
之陽 ④陽勝則陽病
(A)1 (B)2 (C)3 (D)4",A,109-中醫基礎醫學（一）（包括中醫醫學史、中醫基礎理論、內經、難經）.csv,
57,"48歲男性患者因感染肺炎併發敗血性休克，四肢厥冷，脈象沉伏，下列何者病機最不適宜？
(A)陽厥 (B)熱厥 (C)戴陽 (D)格陰",C,109-中醫基礎醫學（一）（包括中醫醫學史、中醫基礎理論、內經、難經）.csv,
58,"依據中醫基本理論，火邪的性質和致病特點，下列何者最正確？
(A)其性輕揚，可致腠理開泄 (B)善行而數變
(C)多夾濕致病 (D)其性炎上",D,109-中醫基礎醫學（一）（包括中醫醫學史、中醫基礎理論、內經、難經）.csv,
59,"《金匱要略》：「千般疢難，不越三條」之敘述，下列選項何者正確？①經絡受邪入於臟腑 ②天之
常氣，冒之則自經絡流入 ③人之常性，動之則先自臟腑鬱發 ④四肢九竅，血脈相傳，壅塞不通
⑤房室、金刃、蟲獸所傷
(A)①③④ (B)②③④ (C)①②③ (D)①④⑤",D,109-中醫基礎醫學（一）（包括中醫醫學史、中醫基礎理論、內經、難經）.csv,
60,"燥邪的性質與致病特點，下列選項何者最正確？①燥性乾澀 ②燥性開泄 ③燥性炎上 ④燥易傷肺
⑤易傷津液
(A)①④⑤ (B)①③④ (C)③④⑤ (D)①②③",A,109-中醫基礎醫學（一）（包括中醫醫學史、中醫基礎理論、內經、難經）.csv,
61,"依據《靈樞‧百病始生》，有關「積」的始生至其已成的敘述，下列何者錯誤？
(A)起居不節，用力過度，則絡脈傷 (B)卒然多食飲，則腸滿
(C)積之始生，得熱乃生 (D)陽絡傷則血外溢，血外溢則衄血",C,109-中醫基礎醫學（一）（包括中醫醫學史、中醫基礎理論、內經、難經）.csv,
62,"依據《素問‧調經論》之內容，下列何者不是「陰虛生內熱」的誘發因素？
(A)形氣衰少 (B)寒氣在外 (C)有所勞倦 (D)下脘不通",B,109-中醫基礎醫學（一）（包括中醫醫學史、中醫基礎理論、內經、難經）.csv,
63,"小何和同學到海邊遊玩，當天海風大，返家後感到身體不適，有關其病因特性及可能症狀之描述，下
列何者錯誤？
(A)風邪易傷人體之上部使人頭痛 (B)風邪不使人發熱
(C)可出現惡風有汗，脈浮鼻塞聲重等症 (D)兼感濕邪，則頭目昏蒙，四肢困重",B,109-中醫基礎醫學（一）（包括中醫醫學史、中醫基礎理論、內經、難經）.csv,
64,"患者出現「心如懸若饑狀，心惕惕如人將捕之」的症狀。依據《靈樞‧經脈》此特有病證是傷及下列
何經脈？
(A)足少陰腎 (B)手少陰心 (C)足少陽膽 (D)手厥陰心包",A,109-中醫基礎醫學（一）（包括中醫醫學史、中醫基礎理論、內經、難經）.csv,
65,"依據《靈樞‧五禁》，有關五逆的敘述，下列何者錯誤？
(A)熱病脈靜，汗已出，脈盛躁 (B)病泄，脈沉細
(C)淫而奪形，身熱，色夭然白 (D)寒熱奪形，脈堅搏",B,109-中醫基礎醫學（一）（包括中醫醫學史、中醫基礎理論、內經、難經）.csv,
66,"依《素問‧熱論》，兩感於寒之敘述，下列何者正確？
(A)病一日，巨陽與少陰俱病，頭痛，口乾，惡風寒
(B)病二日，陽明與太陰俱病，腹滿身痛，不欲食，譫言
(C)病三日，少陽與厥陰俱病，耳聾，囊縮而厥
(D)病四日，太陽與太陰俱病，水漿不入，不知人",C,109-中醫基礎醫學（一）（包括中醫醫學史、中醫基礎理論、內經、難經）.csv,
67,"患者出現頭重如裹、大筋緛短、小筋弛長等症狀。此受外感六淫，下列何者最正確？
(A)寒 (B)濕 (C)燥 (D)風
代號：1101
頁次：6－6",B,109-中醫基礎醫學（一）（包括中醫醫學史、中醫基礎理論、內經、難經）.csv,
68,"若病人咳嗽日久，進而產生咳而腹滿，不欲食飲。依《素問‧咳論》，此為下列何臟腑之咳？
(A)脾咳 (B)肝咳 (C)胃咳 (D)三焦咳",D,109-中醫基礎醫學（一）（包括中醫醫學史、中醫基礎理論、內經、難經）.csv,
69,"津液代謝後能化為尿液排出，主要依賴下列何臟腑的蒸騰氣化功能？
(A)心包 (B)肺 (C)腎 (D)脾",C,109-中醫基礎醫學（一）（包括中醫醫學史、中醫基礎理論、內經、難經）.csv,
70,"患者少陰病，腹痛腹瀉，下利清稀，身不惡寒，面色紅赤，經醫師診斷為真寒假熱病證，並以通脈四
逆湯治之。依據《素問‧至真大要論》，此「以熱治熱」之法，為下列何者？
(A)正治 (B)逆治 (C)反治 (D)本治",C,109-中醫基礎醫學（一）（包括中醫醫學史、中醫基礎理論、內經、難經）.csv,
71,"患者素有胃脘脹痛，近日大便次數增多，軟便色黑如瀝青，此為消化道出血之症狀。從臟腑生理病理
功能而言，下列何者最正確？
(A)營不生血 (B)心不主血 (C)肝不藏血 (D)脾不統血",D,109-中醫基礎醫學（一）（包括中醫醫學史、中醫基礎理論、內經、難經）.csv,
72,"有關《素問‧痿論》之敘述，下列何者正確？
(A)治痿可取陽明、衝脈、任脈、督脈
(B)陽明虛則衝脈不引，足痿不用
(C)思想無窮，所願不得，入房太甚，宗筋弛縱，發為肉痿
(D)治痿可各補其滎而通其俞",D,109-中醫基礎醫學（一）（包括中醫醫學史、中醫基礎理論、內經、難經）.csv,
73,"依《素問‧痹論》，有關痹症之敘述，下列何者正確？
(A)痹在於皮則寒，痛也
(B)病久入深，榮衛之行澀，經絡時疏，故痛也
(C)痹熱為陽氣多，陰氣少，病氣勝，陽遭陰
(D)痹在骨則重，痛也",C,109-中醫基礎醫學（一）（包括中醫醫學史、中醫基礎理論、內經、難經）.csv,
74,"張先生出現多汗、怕風、唇舌乾焦、容易生氣罵人，說話比較不流利。依《素問‧風論》所述，此為
下列何種病證之症狀？
(A)肝風 (B)心風 (C)脾風 (D)腎風",B,109-中醫基礎醫學（一）（包括中醫醫學史、中醫基礎理論、內經、難經）.csv,
75,"依《素問‧舉痛論》，有關寒氣客於脈外之敘述，下列何者正確？
(A)氣少 (B)血凝 (C)縮蜷，脈絀急 (D)與炅氣相薄則脈沉",C,109-中醫基礎醫學（一）（包括中醫醫學史、中醫基礎理論、內經、難經）.csv,
76,"70歲陳先生罹患高血壓，去年左腦部梗塞性中風後，右半邊偏癱，近日右肩半脫位，活動則疼痛，不
能作復健，天冷則痛甚。依據《素問‧痹論》之內容，有關導致其右肩疼痛之病機敘述，下列何者較
正確？
(A)腦部梗塞為痹在於脈，其肩部疼痛亦屬於脈痹之範疇
(B)其陽氣少且陰氣少，故為寒痹
(C)右半邊偏癱為痹在於肉，其肩部疼痛亦屬於肉痹之範疇
(D)其陽氣少而陰氣多，故為寒痹",D,109-中醫基礎醫學（一）（包括中醫醫學史、中醫基礎理論、內經、難經）.csv,
77,"下列何者最符合「心氣虛證」之病機表現？
(A)口舌生瘡 (B)喜笑不休 (C)血行緩慢 (D)狂躁",C,109-中醫基礎醫學（一）（包括中醫醫學史、中醫基礎理論、內經、難經）.csv,
78,"有關首風之病機及症狀論述，下列何者正確？
(A)風入目系而上於頭者稱之 (B)風氣循風府而上於頭者稱之
(C)天氣變化之前一天就會發作頭痛 (D)頭面部無汗惡風寒而頭痛",C,109-中醫基礎醫學（一）（包括中醫醫學史、中醫基礎理論、內經、難經）.csv,
79,"若患者有病溫者，汗出輒復熱，而脈躁疾，不為汗衰，狂言不能食。依《素問‧評熱病論》所記載的
病機與預後，下列何者正確？
(A)汗出與脈躁疾者，病情尚輕 (B)狂言為神無所依，但不會出現死亡的結果
(C)因不能食，精氣得不到補充，致使多汗 (D)汗出而輒復熱者，是邪氣勝",D,109-中醫基礎醫學（一）（包括中醫醫學史、中醫基礎理論、內經、難經）.csv,
80,"依《素問‧瘧論》，瘧病發生在不同的季節，會產生不同的病理變化與症狀表現，下列相關敘述何者
正確？
(A)在秋天，易於受到外來的燥邪侵犯 (B)因冬天受於寒邪導致
(C)邪氣潛伏在皮膚之裏，腸胃之外，影響營氣 (D)易使腠理閉，不易汗出而化熱",C,109-中醫基礎醫學（一）（包括中醫醫學史、中醫基礎理論、內經、難經）.csv,
1,"46歲女性身形偏瘦，長期熬夜，平素常有夜間口乾之症狀。一日前出現頭痛，咳嗽，微惡風寒，身熱，
汗不多，口渴，咽乾，心煩，舌紅苔少，脈數。下列方劑何者最適宜？
(A)金銀花三錢，連翹三錢，淡豆豉兩錢，牛蒡子兩錢，薄荷兩錢，荊芥穗一錢半，桔梗兩錢，生甘草
一錢半，淡竹葉三錢，鮮蘆根兩錢
(B)桑葉兩錢，菊花一錢，杏仁兩錢，連翹一錢五分，薄荷八分，桔梗兩錢，生甘草一錢半，蘆根兩錢
(C)升麻兩錢，葛根三錢，白芍兩錢，炙甘草兩錢
(D)玉竹兩錢，葱白兩錢，桔梗兩錢，白薇五分，淡豆豉三錢，薄荷一錢半，炙甘草五分，紅棗兩枚",D,109-中醫基礎醫學（二）（包括中醫方劑學、中醫藥物學）.csv,
2,"關於《傷寒論》麻黃湯與桂枝湯之比較，下列敘述何者正確？
(A)麻黃湯為辛溫發汗竣劑；桂枝湯為辛涼透汗平劑
(B)兩方均可用於治療外感風寒
(C)麻黃湯適用於表虛者；桂枝湯適用於表實者
(D)兩方藥物組成皆有生薑及大棗",B,109-中醫基礎醫學（二）（包括中醫方劑學、中醫藥物學）.csv,
3,"若病患熱結裏實，需用下法治療。但又兼見氣陰兩虛之證候，下列何方最適宜？
(A)《備急千金要方》溫脾湯 (B)《景岳全書》濟川煎
(C)《溫病條辨》新加黃龍湯 (D)《溫病條辨》增液承氣湯",C,109-中醫基礎醫學（二）（包括中醫方劑學、中醫藥物學）.csv,
4,"下列何方的功效為「發汗解表，祛風止痛」？
(A)大秦艽湯 (B)消風散 (C)九味羌活湯 (D)荊防敗毒散",D,109-中醫基礎醫學（二）（包括中醫方劑學、中醫藥物學）.csv,
5,"有關銀翹散的敘述，下列何者正確？
(A)本方以鮮葦根湯煎、煮散 (B)本方宜久煮，以清上焦熱
(C)主治濕熱病初起者 (D)荊芥、豆豉、薄荷、牛蒡子為方中佐藥",A,109-中醫基礎醫學（二）（包括中醫方劑學、中醫藥物學）.csv,
6,"張先生來院門診主訴大便鞕，脘腹痞滿，潮熱譫語，經醫師診察舌苔黃，脈滑而數。治以下列何方最
適宜？
(A)大承氣湯 (B)小承氣湯 (C)調胃承氣湯 (D)大黃牡丹皮湯",B,109-中醫基礎醫學（二）（包括中醫方劑學、中醫藥物學）.csv,
7,"有關方劑之敘述，下列選項何者正確？①大承氣湯與大陷胸湯之組成藥物均含大黃、芒硝二藥 ②大承
氣湯與大陷胸湯二方之方劑辨證均為實熱燥屎結聚腸胃 ③大承氣湯為峻下熱結，大陷胸湯為瀉熱逐水
(A)僅② (B)僅③ (C)①② (D)①③",D,109-中醫基礎醫學（二）（包括中醫方劑學、中醫藥物學）.csv,
8,"下列何者為九味羌活湯和羌活勝濕湯的相同組成藥物？
(A)獨活、藁本 (B)細辛、白芷 (C)川芎、防風 (D)蒼朮、黃芩",C,109-中醫基礎醫學（二）（包括中醫方劑學、中醫藥物學）.csv,
9,"75歲男性久咳多年，痰量少，夾血絲，虛煩難眠，時發虛熱，日夜汗出，咽乾舌燥，大便難解，來院
求診，理學檢查發現患者形瘦氣短，舌體瘦小，舌光少苔，脈虛數，下列何方治療最適宜？
(A)《小兒藥證直訣》瀉白散 (B)《傷寒論》炙甘草湯
(C)《慎齋遺書》百合固金湯 (D)《重樓玉鑰》養陰清肺湯",B,109-中醫基礎醫學（二）（包括中醫方劑學、中醫藥物學）.csv,
10,"有關《和劑局方》參苓白朮散的功效，下列共幾項正確？①健脾益氣 ②滲濕止瀉 ③培土生金
④升陽舉陷
(A)1 (B)2 (C)3 (D)4
代號：2101
頁次：6－2",C,109-中醫基礎醫學（二）（包括中醫方劑學、中醫藥物學）.csv,
11,"有關《金匱要略》腎氣丸，下列敘述共幾項正確？①方中肉桂、附子用量最少，是取「少火生氣」之義
②臨床上可治腰痛、腳氣、痰飲、消渴等病症 ③方中組成藥物以地黃劑量最大 ④本方加牛膝、車前
子即為濟生腎氣丸
(A)1 (B)2 (C)3 (D)4",D,109-中醫基礎醫學（二）（包括中醫方劑學、中醫藥物學）.csv,
12,"有關《景岳全書》右歸丸、左歸丸及《本草綱目》七寶美髯丹三方組成藥物之比較，下列敘述共幾項
正確？①三方皆有熟地、枸杞子、菟絲子 ②右歸丸及七寶美髯丹皆有當歸 ③左歸丸與七寶美髯丹
皆有牛膝 ④右歸丸與左歸丸皆有鹿角膠及炙甘草
(A)1 (B)2 (C)3 (D)4",B,109-中醫基礎醫學（二）（包括中醫方劑學、中醫藥物學）.csv,
13,"下列何者是《宣明論方》地黃飲子之組成？①石斛 ②遠志 ③附子
(A)僅①② (B)僅①③ (C)僅②③ (D)①②③",D,109-中醫基礎醫學（二）（包括中醫方劑學、中醫藥物學）.csv,
14,"有關《正體類要》八珍湯之敘述，下列敘述共幾項正確？①本方即四物湯與四君子湯之合方 ②本方
加入黃耆、肉桂、遠志、陳皮、生薑、大棗，去川芎即為《三因極一病證方論》人參養榮湯 ③本方
加入黃耆、續斷、黃芩、砂仁、糯米，去除茯苓即為泰山磐石散，治療婦人氣血兩虛，屢有墮胎之患
④本方加入黃耆、肉桂即為《和劑局方》十全大補湯
(A)1 (B)2 (C)3 (D)4",C,109-中醫基礎醫學（二）（包括中醫方劑學、中醫藥物學）.csv,
15,"下列不含四君子湯之組成藥物者，共幾項正確？①升陽益胃湯 ②完帶湯 ③枳實消痞丸 ④補中益氣湯
(A)1 (B)2 (C)3 (D)4",B,109-中醫基礎醫學（二）（包括中醫方劑學、中醫藥物學）.csv,
16,"固沖湯臨床常用以治療婦女崩漏症，有關其組方說明，下列敘述何者錯誤？
(A)用黃耆、白朮健脾益氣，以加強攝血功能
(B)用熟地、山茱萸以補益肝腎，養血歛陰
(C)用煅龍骨、煅牡蠣、棕櫚炭、五倍子以收斂止血
(D)用海螵蛸、茜草以化瘀止血，使血止而不留瘀",B,109-中醫基礎醫學（二）（包括中醫方劑學、中醫藥物學）.csv,
17,"《婦人良方》真人活命飲為瘡瘍重要方劑，有關其組方與臨床應用原則，下列何者錯誤？
(A)一切癰瘍腫毒初起，熱毒壅聚者，均可使用之。脾胃素虛，氣血不足者慎用之
(B)方中用當歸、赤芍、乳香、沒藥以活血化瘀止痛
(C)方中用防風、白芷以行氣化痰；用皂角刺、穿山甲以疏通經絡，消腫潰堅
(D)若膿已成者：可去乳香、沒藥、皂刺、穿山甲，再加薏苡仁、敗醬草以清熱解毒排膿",C,109-中醫基礎醫學（二）（包括中醫方劑學、中醫藥物學）.csv,
18,"8歲翁姓學生，5日前出現感冒，咽痛，咳嗽，發燒症狀，先至診所就醫服藥控制。但未料2日後卻開
始出現意識不清，亂說話的狀況。家人將之送至醫院急診，證見發燒39.3℃，面紅，出汗，意識不清，
顏面與胸腹皮膚出現紅色斑疹，手足偶亂揮舞，已2日未解大便，Babinskisign（+），脈來細數有力。
經西醫診為急性腦膜炎，若依中醫辨治論治原則，本案以下列方劑何者最適當？
(A)普濟消毒飲 (B)銀翹散 (C)清營湯 (D)白虎湯",C,109-中醫基礎醫學（二）（包括中醫方劑學、中醫藥物學）.csv,
19,"下列敘述何者錯誤？
(A)《傅青主女科》完帶湯組成含有《和劑局方》四君子湯
(B)《證治準繩》四神丸組成含《本事方》二神丸
(C)《本草衍義》桑螵蛸散主治心腎兩虛之遺尿
(D)《丹溪心法》固經丸可治療陰虛血熱之崩漏",A,109-中醫基礎醫學（二）（包括中醫方劑學、中醫藥物學）.csv,
20,"下列方劑何者藥物組成不含當歸？
(A)《保命集》芍藥湯 (B)《醫方集解》龍膽瀉肝湯
(C)《溫病條辨》青蒿鱉甲湯 (D)《蘭室秘藏》清胃散",C,109-中醫基礎醫學（二）（包括中醫方劑學、中醫藥物學）.csv,
21,"關於《傷寒論》吳茱萸湯的適應證，下列選項何者正確？①陽明寒嘔腹痛 ②厥陰頭痛乾嘔 ③太陰
自利不渴 ④少陰吐利肢冷
(A)①②③ (B)①②④ (C)①③④ (D)②③④
代號：2101
頁次：6－3",B,109-中醫基礎醫學（二）（包括中醫方劑學、中醫藥物學）.csv,
22,"下列何者是《證治準繩》清骨散的藥物組成？
(A)《衛生寶鑑》秦艽鱉甲散去烏梅、當歸加銀柴胡、胡黃連、知母、甘草
(B)《溫病條辨》清營湯去犀角、竹葉心、麥冬加柴胡、胡黃連、秦艽、地骨皮、甘草
(C)《衛生寶鑑》黃耆鱉甲散去黃耆、天冬、桑白皮加銀柴胡、胡黃連、秦艽、地骨皮、甘草
(D)《溫病條辨》青蒿鱉甲湯去生地、丹皮加地骨皮、銀柴胡、胡黃連、秦艽、甘草",D,109-中醫基礎醫學（二）（包括中醫方劑學、中醫藥物學）.csv,
23,"《景岳全書》柴胡疏肝散為《傷寒論》四逆散加減變化而來，有關柴胡疏肝散下列敘述何者正確？
(A)枳實、陳皮以理氣行滯 (B)木香配伍柴胡以行氣導滯
(C)炙甘草可調和諸藥 (D)當歸配伍川芎，主治產後腹痛",C,109-中醫基礎醫學（二）（包括中醫方劑學、中醫藥物學）.csv,
24,"《醫學發明》天台烏藥散的製服法中，下列何藥與巴豆同炒，可增加其行氣散結之作用？
(A)木香 (B)川楝子 (C)烏藥 (D)檳榔",B,109-中醫基礎醫學（二）（包括中醫方劑學、中醫藥物學）.csv,
25,"下列那個方劑組成，沒有使用生薑？
(A)《金匱要略》小半夏湯 (B)《金匱要略》大半夏湯
(C)《金匱要略》半夏厚朴湯 (D)《內外傷辨惑論》厚朴溫中湯",B,109-中醫基礎醫學（二）（包括中醫方劑學、中醫藥物學）.csv,
26,"48歲婦女因睡眠障礙求診，主訴煩躁不得眠，容易健忘、心悸，且近來舌頭易生瘡，其舌脈診發現舌
紅少苔，脈細而數。下列何方治療最適宜？
(A)《醫宗金鑑》知柏地黃丸 (B)《金匱要略》酸棗仁湯
(C)《濟生方》歸脾湯 (D)《攝生總要》天王補心丹",D,109-中醫基礎醫學（二）（包括中醫方劑學、中醫藥物學）.csv,
27,"有關蘇子降氣湯之敘述，下列選項何者正確？①治療上實證，主要用蘇子、白果降逆化痰定喘 ②治
療下虛證，主要用肉桂、當歸溫補下虛 ③與定喘湯皆治痰壅於肺之咳喘證
(A)僅①② (B)僅①③ (C)僅②③ (D)①②③",C,109-中醫基礎醫學（二）（包括中醫方劑學、中醫藥物學）.csv,
28,"有關安神方劑治療失眠的證型，下列敘述共幾項正確？①甘麥大棗湯主治肝鬱心虛的不眠 ②天王補
心丹主治心腎兩虛的不眠 ③酸棗仁湯主治肝血不足的虛煩不眠 ④歸脾湯主治心脾兩虛的不眠
(A)1 (B)2 (C)3 (D)4",D,109-中醫基礎醫學（二）（包括中醫方劑學、中醫藥物學）.csv,
29,"有關《溫病條辨》大定風珠的敘述，下列何者錯誤？
(A)主治溫病時久或因誤治導致真陰大虧，虛風內動
(B)與《通俗傷寒論》阿膠雞子黃相比，皆以阿膠、雞子黃為君藥
(C)與《通俗傷寒論》羚角鉤藤湯相比，皆以鉤藤涼肝息風
(D)較《溫病條辨》加減復脈湯多了龜板、鱉甲、生牡蠣滋陰潛陽",C,109-中醫基礎醫學（二）（包括中醫方劑學、中醫藥物學）.csv,
30,"有關《備急千金要方》獨活寄生湯的敘述，下列何者錯誤？
(A)在祛風濕補肝腎的框架上，加上四物湯合四君子湯去人參的組合，適合用於久痹
(B)本方去桑寄生，加黃耆、續斷，即為《婦人良方》三痹湯藥物組成
(C)體現治風先治血，血行風自滅之理
(D)君藥獨活，除祛風濕作用外，還具止痛作用",A,109-中醫基礎醫學（二）（包括中醫方劑學、中醫藥物學）.csv,
31,"有關《傷寒論》真武湯的敘述，下列何者錯誤？
(A)本方配伍生薑溫散水濕
(B)《傷寒論》附子湯的藥味較本方少了芍藥，多了人參
(C)主治脾腎陽虛，水氣內停
(D)本方後記載，若咳者：加五味子、細辛、乾薑",B,109-中醫基礎醫學（二）（包括中醫方劑學、中醫藥物學）.csv,
32,"當歸拈痛湯的主治辨證為何？①內傷濕冷 ②濕熱相搏 ③外受風邪
(A)僅①② (B)僅②③ (C)僅①③ (D)①②③",B,109-中醫基礎醫學（二）（包括中醫方劑學、中醫藥物學）.csv,
33,"有關《丹溪心法》保和丸之敘述，下列何者正確？
(A)本方係以神麴為君藥
(B)以脾虛食停、生濕化熱為主證
(C)與《證治準繩》健脾丸共同的藥物組成，是神麴、山楂、陳皮、茯苓
(D)本方中另加蒼朮，名：大安丸，主治食積兼有脾虛者
代號：2101
頁次：6－4",C,109-中醫基礎醫學（二）（包括中醫方劑學、中醫藥物學）.csv,
34,"下列那些藥物為天麻鉤藤飲之組成？
(A)山梔、黃芩、黃連 (B)川牛膝、杜仲、益母草
(C)石決明、山梔、黃柏 (D)桑寄生、夜交藤、酸棗仁",B,109-中醫基礎醫學（二）（包括中醫方劑學、中醫藥物學）.csv,
35,"《蘭室秘藏》枳實消痞丸所治療之痞證，是下列何種原因所成？
(A)痰熱互結、氣鬱不通 (B)酒積傷脾、暴飲暴食
(C)胃氣虛弱、痰濁內阻 (D)脾虛失運、寒熱互結",D,109-中醫基礎醫學（二）（包括中醫方劑學、中醫藥物學）.csv,
36,"有關《太平惠民和劑局方》香薷散之敘述，下列何者正確？
(A)其組成為香薷、厚朴、陳皮
(B)可和中祛暑
(C)本方加半夏、茯苓、木瓜即為六物香薷飲，主治兩腿轉筋
(D)若治暑病，氣虛少氣多汗，可加上茯苓、甘草、木瓜、黃連、葱白、淡豆豉、滑石即為十味香薷飲",B,109-中醫基礎醫學（二）（包括中醫方劑學、中醫藥物學）.csv,
37,"有關祛痰劑，下列組成何者不含半夏？
(A)《太平惠民和劑局方》二陳湯 (B)《備急千金要方》溫膽湯
(C)《醫方考》清氣化痰丸 (D)《丹溪心法》礞石滾痰丸",D,109-中醫基礎醫學（二）（包括中醫方劑學、中醫藥物學）.csv,
38,"有關《傷寒直格》碧玉散功用為清解暑熱，治暑濕兼肝膽鬱熱者，其組成為何？
(A)六一散加玉竹 (B)六一散加薄荷
(C)六一散加燈心草 (D)六一散加青黛",D,109-中醫基礎醫學（二）（包括中醫方劑學、中醫藥物學）.csv,
39,"25歲男性，夏天在戶外打工，出現身熱汗出，心煩，口渴，尿黃，身倦，說話無力，納可，大便正常，
經醫師檢查發現舌紅少苔，脈虛數。最宜下列何方治療？
(A)鮮荷葉邊、鮮銀花、絲瓜皮、西瓜翠衣、鮮扁豆花、鮮竹葉心
(B)杏仁、滑石、通草、白豆蔻、竹葉、厚朴、薏苡仁、半夏
(C)西洋參、石斛、麥冬、黃連、竹葉、荷梗、知母、梗米、西瓜翠衣、甘草
(D)黃耆、蒼朮、升麻、人參、神麴、橘皮、白朮、麥冬、當歸、青皮、黃柏、葛根、澤瀉、五味子、
炙甘草",C,109-中醫基礎醫學（二）（包括中醫方劑學、中醫藥物學）.csv,
40,"下列何者為滌痰湯之運用主證？
(A)痰涎壅盛，飲食少思，舌苔厚膩，脈滑
(B)膽胃不和，痰熱內擾，虛煩不眠，驚悸不寧，舌苔白膩微黃，脈弦滑
(C)中風、舌強不能言、舌苔膩，脈濡數
(D)咳嗽、痰多色白易咯，舌苔白膩或白潤，脈滑",C,109-中醫基礎醫學（二）（包括中醫方劑學、中醫藥物學）.csv,
41,"肝腎不足所引起的腰膝酸痛，下列何藥不適宜？
(A)桑枝 (B)桑寄生 (C)續斷 (D)五加皮",A,109-中醫基礎醫學（二）（包括中醫方劑學、中醫藥物學）.csv,
42,"有關香薷主治，下列敘述何者最不宜？
(A)脾虛水腫，寒濕腳氣，小便不利 (B)中暑頭痛，表虛有汗，心煩口渴
(C)暑濕感冒，惡寒發熱，腹痛吐瀉 (D)胸悶嘔吐，腹痛吐瀉，霍亂轉筋",B,109-中醫基礎醫學（二）（包括中醫方劑學、中醫藥物學）.csv,
43,"有關漢防己主治，下列敘述何者最不宜？
(A)風濕痹痛，下肢濕熱 (B)膈間支飲，兼有鬱熱
(C)脾腎陰虛，腳氣浮腫 (D)肺氣喘嗽，濕瘧腳氣",C,109-中醫基礎醫學（二）（包括中醫方劑學、中醫藥物學）.csv,
44,"有關附子主治，下列敘述何者最不宜？
(A)陰寒水腫，陽虛體衰，小便不利 (B)督脈為病，脊強而厥，真熱假寒
(C)亡陽虛脫，呼吸氣微，四肢厥逆 (D)心陽衰弱，心悸氣短、胸痹心痛",B,109-中醫基礎醫學（二）（包括中醫方劑學、中醫藥物學）.csv,
45,"有關高良薑主治，下列敘述何者最不宜？
(A)胃脘冷痛，嘔吐清水，胸悶不舒 (B)霍亂瀉痢，吐惡噎膈，胃燥津枯
(C)腸鳴腹痛，完穀不化，下利清水 (D)肝經寒積，脾虛寒瘧，寒多熱少
代號：2101
頁次：6－5",B,109-中醫基礎醫學（二）（包括中醫方劑學、中醫藥物學）.csv,
46,"下列何者非白芷的功效？
(A)溫肺止咳 (B)解表祛風 (C)通竅止痛 (D)除濕止帶",A,109-中醫基礎醫學（二）（包括中醫方劑學、中醫藥物學）.csv,
47,"有關石韋功效，下列何者最適當？
(A)清利濕熱，起陰氣 (B)利尿通淋，殺蟲，止癢
(C)散結化石，利濕通淋 (D)利尿通淋，清熱止血",D,109-中醫基礎醫學（二）（包括中醫方劑學、中醫藥物學）.csv,
48,"有關木香的敘述，下列何者最適當？
(A)行氣止痛，溫中和胃 (B)散寒止痛，理氣和胃
(C)行氣煨用 (D)止瀉生用",A,109-中醫基礎醫學（二）（包括中醫方劑學、中醫藥物學）.csv,
49,"有關豬苓與澤瀉的共同點，下列何者最適當？
(A)清腎火 (B)開腠發汗 (C)利水滲濕 (D)聰耳明目",C,109-中醫基礎醫學（二）（包括中醫方劑學、中醫藥物學）.csv,
50,"下列藥物何者最宜用於消除脹滿、咳嗽氣喘痰多？
(A)枳實 (B)款冬花 (C)厚朴 (D)白芥子",C,109-中醫基礎醫學（二）（包括中醫方劑學、中醫藥物學）.csv,
51,"下列何藥最宜用於治療寒濕中阻，脘腹冷痛，腸鳴泄瀉？
(A)烏梅 (B)茯苓 (C)豬苓 (D)草果",D,109-中醫基礎醫學（二）（包括中醫方劑學、中醫藥物學）.csv,
52,"下列何藥具有益脾止瀉之功效？
(A)車前草 (B)薏苡仁 (C)訶子 (D)牡蠣",B,109-中醫基礎醫學（二）（包括中醫方劑學、中醫藥物學）.csv,
53,"下列何藥治療肝膽氣鬱所致的瘰癧？
(A)蒲公英 (B)夏枯草 (C)紫花地丁 (D)昆布",B,109-中醫基礎醫學（二）（包括中醫方劑學、中醫藥物學）.csv,
54,"下列何藥有瘡家聖藥之稱，治瘰癧痰核，且有利水通經的功效？
(A)連翹 (B)金銀花 (C)夏枯草 (D)紫花地丁",A,109-中醫基礎醫學（二）（包括中醫方劑學、中醫藥物學）.csv,
55,"下列何種藥物具生津止渴，排膿，用於胃熱諸證？
(A)地骨皮 (B)黃連 (C)天花粉 (D)竹葉",C,109-中醫基礎醫學（二）（包括中醫方劑學、中醫藥物學）.csv,
56,"下列何者是石膏與知母最大的不同點？
(A)性味甘寒 (B)歸肺經 (C)除煩熱 (D)潤腎燥",D,109-中醫基礎醫學（二）（包括中醫方劑學、中醫藥物學）.csv,
57,"下列何種藥物具除煩止嘔的功效？
(A)天花粉 (B)枳實 (C)生薑 (D)蘆根",D,109-中醫基礎醫學（二）（包括中醫方劑學、中醫藥物學）.csv,
58,"下列何者外敷可治乳癰消腫塊，亦能清熱治療咽痛？
(A)芒硝 (B)冬葵子 (C)木通 (D)蘆薈",A,109-中醫基礎醫學（二）（包括中醫方劑學、中醫藥物學）.csv,
59,"有關三七的功用，下列何者正確？
(A)涼血活血 (B)去血中伏火 (C)破血下氣 (D)散血定痛",D,109-中醫基礎醫學（二）（包括中醫方劑學、中醫藥物學）.csv,
60,"下列何藥用於女科及血虛血瘀之候，又能治目赤，疝痛，瘡疥腫毒，排膿生肌？
(A)當歸 (B)丹參 (C)白芍 (D)連翹",B,109-中醫基礎醫學（二）（包括中醫方劑學、中醫藥物學）.csv,
61,"有關五靈脂的敘述，下列何者錯誤？
(A)功效為活血止痛、化瘀止血
(B)用於瘀血阻滯所致的痛經、經閉、產後瘀阻腹痛
(C)治婦科疾患及胸痛之證，常與薑黃配伍，即失笑散
(D)本品尚可解蛇、蟲毒",C,109-中醫基礎醫學（二）（包括中醫方劑學、中醫藥物學）.csv,
62,"下列何藥能行血補血，舒筋活絡，用於月經不調、關節痠痛、風濕痹痛等證？
(A)桃仁 (B)乳香 (C)雞血藤 (D)紅花",C,109-中醫基礎醫學（二）（包括中醫方劑學、中醫藥物學）.csv,
63,"下列有關白及臨床用途的敘述，何者錯誤？
(A)用於水火燙傷、手足皸裂 (B)用於肺癰，咳吐大量腥痰膿血
(C)用於瘡癰，未潰或已潰均可應用 (D)用於吐血及外傷出血
代號：2101
頁次：6－6",B,109-中醫基礎醫學（二）（包括中醫方劑學、中醫藥物學）.csv,
64,"用於月經不調，經閉，產後腹痛，跌打傷痛，小便不利，水腫，瘡癰腫毒，癢疹等證，為下列何藥最
適宜？
(A)荊三稜 (B)川芎 (C)益母草 (D)丹參",C,109-中醫基礎醫學（二）（包括中醫方劑學、中醫藥物學）.csv,
65,"有關麥門冬的功效敘述，下列何者錯誤？
(A)滋陰潤肺 (B)益胃生津 (C)清心除煩 (D)補益肝腎",D,109-中醫基礎醫學（二）（包括中醫方劑學、中醫藥物學）.csv,
66,"有關人參的禁忌症，下列何者錯誤？
(A)肝陽上亢的高血壓患者 (B)脈微、氣虛欲脫之證
(C)濕熱壅滯所致的浮腫 (D)失眠煩躁而屬實證者",B,109-中醫基礎醫學（二）（包括中醫方劑學、中醫藥物學）.csv,
67,"有關淫羊藿的禁忌症，下列何者錯誤？
(A)陰虛火旺 (B)五心煩熱 (C)陽痿 (D)血虛風燥",C,109-中醫基礎醫學（二）（包括中醫方劑學、中醫藥物學）.csv,
68,"下列何種補氣藥具有補氣升陽、益衛固表、托毒生肌、利水退腫之功效？
(A)山藥 (B)黃耆 (C)白朮 (D)人參",B,109-中醫基礎醫學（二）（包括中醫方劑學、中醫藥物學）.csv,
69,"下列何種補血藥具有養血歛陰、柔肝止痛，平抑肝陽之功效？
(A)白芍 (B)當歸 (C)何首烏 (D)熟地黃",A,109-中醫基礎醫學（二）（包括中醫方劑學、中醫藥物學）.csv,
70,"主治傷寒、時疾、腹痛裏急，二便不通，吐血、衂血，一切實熱，下列何者最宜？
(A)巴豆 (B)大黃 (C)牽牛子 (D)蘆薈",B,109-中醫基礎醫學（二）（包括中醫方劑學、中醫藥物學）.csv,
71,"有關酸棗仁的敘述，下列何者錯誤？
(A)可用於心肝血虛引起的失眠 (B)治膽虛不得眠
(C)治下消虛渴 (D)治體虛自汗、盜汗，可與五味子同用",C,109-中醫基礎醫學（二）（包括中醫方劑學、中醫藥物學）.csv,
72,"有關瓜蔞的敘述，下列何者錯誤？
(A)腸癰、乳癰等證忌用 (B)瓜蔞皮寬胸理氣，強於瓜蔞仁
(C)瓜蔞仁潤腸通便 (D)熱痰、燥痰所致咳喘均可使用",A,109-中醫基礎醫學（二）（包括中醫方劑學、中醫藥物學）.csv,
73,"下列何藥能祛痰，消癰疽腫毒？
(A)琥珀 (B)龍骨 (C)遠志 (D)合歡皮",C,109-中醫基礎醫學（二）（包括中醫方劑學、中醫藥物學）.csv,
74,"蘇合香可用治胸腹冷痛滿悶之證，是基於下列何種功效？①活血化瘀 ②開鬱祛濁 ③開竅辟穢
(A)僅①② (B)僅①③ (C)僅②③ (D)①②③",C,109-中醫基礎醫學（二）（包括中醫方劑學、中醫藥物學）.csv,
75,"下列何藥最宜用於熱痰壅盛的中風患者？
(A)百部 (B)遠志 (C)桔梗 (D)天竹黃",D,109-中醫基礎醫學（二）（包括中醫方劑學、中醫藥物學）.csv,
76,"有關珍珠的主治功效，下列何者錯誤？
(A)驚悸失眠 (B)清肝除翳 (C)疏肝解鬱 (D)生肌收口",C,109-中醫基礎醫學（二）（包括中醫方劑學、中醫藥物學）.csv,
77,"下列何藥較少用於治療小兒疳積？
(A)石菖蒲 (B)胡黃連 (C)雞內金 (D)使君子",A,109-中醫基礎醫學（二）（包括中醫方劑學、中醫藥物學）.csv,
78,"下列藥物配伍何者最適用於腎氣虛所致之遺精、遺尿、尿頻的治療？
(A)雞內金、赤石脂、石榴皮 (B)桑螵蛸、覆盆子、金櫻子
(C)茯苓皮、地骨皮、大腹皮 (D)黃精、五味子、女貞子",B,109-中醫基礎醫學（二）（包括中醫方劑學、中醫藥物學）.csv,
79,"有關蛇床子之主治功效，下列何者錯誤？
(A)溫腎壯陽 (B)散寒祛風 (C)散結消癭 (D)燥濕殺蟲",C,109-中醫基礎醫學（二）（包括中醫方劑學、中醫藥物學）.csv,
80,"有關白附子的敘述，下列共幾項正確？①白附子為毛莨科植物黃花烏頭Aconitum coreanum（Levl.）
Raipaics.的塊根 ②白附子又稱為關白附，用於中風痰壅、口眼喎斜、驚風癲癇、破傷風等 ③外用
治瘰癧痰核、汗斑、陰囊濕疹，毒蛇咬傷等證 ④本品既祛風痰，又能止痛，尤擅治頭面部諸疾
(A)1 (B)2 (C)3 (D)4",B,109-中醫基礎醫學（二）（包括中醫方劑學、中醫藥物學）.csv,
1,"關於馬王堆漢墓出土之兩部脈灸經的敘述，下列何者錯誤？
(A)兩部脈灸經只記載了十一條脈，和《靈樞．經脈》篇相比少了一條手厥陰經
(B)兩部脈灸經十一條脈的循行走向跟《黃帝內經》如環無端的規律基本上一致
(C)兩部脈灸經中看不出脈與臟腑間聯繫的必然性
(D)兩部脈灸經分別被命名為《足臂十一脈灸經》與《陰陽十一脈灸經》",B,110-中醫基礎醫學（一）（包括中醫醫學史、中醫基礎理論、內經、難經）.csv,
2,"關於古代醫者與其著作之搭配，下列何者錯誤？
(A)全元起著《內經訓解》 (B)陶弘景著《神農本草經》
(C)葛洪著《肘後備急方》 (D)王燾著《外臺秘要》",B,110-中醫基礎醫學（一）（包括中醫醫學史、中醫基礎理論、內經、難經）.csv,
3,"有關孫思邈的敘述，下列何者錯誤？
(A)用牛肝羊肝治夜盲症
(B)用粳米治腳氣
(C)用昆布、鹿的甲狀腺、羊的甲狀腺治療大脖子病
(D)用青蒿治瘧疾",D,110-中醫基礎醫學（一）（包括中醫醫學史、中醫基礎理論、內經、難經）.csv,
5,"下列何書是唐代重要醫經，自南宋亡國後散佚，直到五百餘年後，方由東瀛復出？
(A)《醫方類聚》 (B)《內經明堂》 (C)《太素》 (D)《黃帝三部鍼經》",C,110-中醫基礎醫學（一）（包括中醫醫學史、中醫基礎理論、內經、難經）.csv,
6,"張從正「攻邪論」的主要核心思想，下列何者正確？
(A)霧露雨雹冰為在天之邪 (B)洗法、熨法為「下」法
(C)按摩、導引屬於「吐」法 (D)酸苦甘辛鹹淡亦稱「人邪」",D,110-中醫基礎醫學（一）（包括中醫醫學史、中醫基礎理論、內經、難經）.csv,
7,"明、清時期醫家對於《傷寒論》有分錯簡重訂、維護舊論等派別，並有豐富的著作。下列《傷寒論》
相關著作，何者最早成書問世？
(A)錢璜《傷寒溯源集》 (B)陳修園《傷寒論淺注》
(C)尤怡《傷寒貫珠集》 (D)張志聰《傷寒論宗印》",D,110-中醫基礎醫學（一）（包括中醫醫學史、中醫基礎理論、內經、難經）.csv,
8,"下列何醫家率先歸納出溫病發展的衛氣營血等四階段？
(A)薛己 (B)吳鞠通 (C)吳又可 (D)葉天士",D,110-中醫基礎醫學（一）（包括中醫醫學史、中醫基礎理論、內經、難經）.csv,
9,"下列何者著有《外科傳薪集》提出「刀針有當用，有當不用，有不能不用之別，不能一概禁之」之近
代著名中醫醫家？
(A)張山雷 (B)馬培之 (C)朱沛文 (D)吳尚先",B,110-中醫基礎醫學（一）（包括中醫醫學史、中醫基礎理論、內經、難經）.csv,
10,"下列何醫家為臺灣漢醫第一號人物，著有《霍亂吊腳痧醫書》、《疙瘩瘟治法新編》等書。在西元1895
年臺北霍亂大流行時，診治活千餘人，而後臺灣鼠疫流行，亦加入鼠疫診療？
(A)陳恭炎 (B)許丕典 (C)姜佐景 (D)黃玉階",D,110-中醫基礎醫學（一）（包括中醫醫學史、中醫基礎理論、內經、難經）.csv,
11,"依《素問．四氣調神大論》原文，若違背四時陰陽，會產生相對的病症，下列何者錯誤？
(A)逆春氣則肝氣內變 (B)逆夏氣則心氣逆盛 (C)逆秋氣則肺氣焦滿 (D)逆冬氣則腎氣獨沉
代號：1101
頁次：6－2",B,110-中醫基礎醫學（一）（包括中醫醫學史、中醫基礎理論、內經、難經）.csv,
12,"《素問．陰陽應象大論》裡提出的陰陽清濁升降出入理論對後世的治療學提供了多種治療方法的依據，
下列治療方劑與《陰陽應象大論》內容的配合何者錯誤？
(A)益氣聰明湯與「清陽出上竅」 (B)大承氣湯與「濁陰歸六府」
(C)四逆散與「清陽實四肢」 (D)八正散與「濁陰出下竅」",C,110-中醫基礎醫學（一）（包括中醫醫學史、中醫基礎理論、內經、難經）.csv,
13,"依《素問．陰陽應象大論》，有關陰陽的敘述，下列何者錯誤？
(A)積陽為天 (B)陰靜陽躁 (C)陽生陰藏 (D)陽化氣",C,110-中醫基礎醫學（一）（包括中醫醫學史、中醫基礎理論、內經、難經）.csv,
14,"人體之陰陽氣消長運動，與自然界晝夜消長相應。依《素問．金匱真言論》，五臟六腑相應天地陰陽
之關係，下列敘述何者正確？
(A)合夜至雞鳴，陰中之陽也 (B)春病在陽，秋病在陰
(C)腹為陰，陰中之陽肝也 (D)腹為陰，陰中之至陰腎也",C,110-中醫基礎醫學（一）（包括中醫醫學史、中醫基礎理論、內經、難經）.csv,
15,"十二經各有五腧穴，陽經與陰經之井穴，其起始屬性，下列何者正確？
(A)陽井木，陰井木 (B)陰井金，陽井火 (C)陽井金，陰井水 (D)陰井木，陽井金",D,110-中醫基礎醫學（一）（包括中醫醫學史、中醫基礎理論、內經、難經）.csv,
16,"依《難經．第五十難》之內容，假令心病，傷寒得之為「微邪」，「微邪」之五行生克概念，下列何者
正確？
(A)從前來者 (B)從後來者 (C)從所勝來者 (D)從所不勝來者",C,110-中醫基礎醫學（一）（包括中醫醫學史、中醫基礎理論、內經、難經）.csv,
17,"《素問．陰陽離合論》三陰三陽開闔樞之內經原旨，下列何者正確？
(A)太陽為開、少陰為開 (B)太陽為開，太陰為闔
(C)少陽為樞，厥陰為闔 (D)陽明為闔，太陰為闔",C,110-中醫基礎醫學（一）（包括中醫醫學史、中醫基礎理論、內經、難經）.csv,
18,"《素問．陰陽別論》云：「二陽之病發心脾」。關於「二陽」之敘述，下列何者正確？
(A)足太陽膀胱，手太陽小腸 (B)足陽明胃，手陽明大腸
(C)足少陽膽，手少陽三焦 (D)手少陰心，足太陰脾",B,110-中醫基礎醫學（一）（包括中醫醫學史、中醫基礎理論、內經、難經）.csv,
19,"下列何者屬於《素問．上古天真論》「真人」的養生境界？
(A)逆從陰陽，分別四時 (B)積精全神，遊行天地之間
(C)形體不敝，精神不散 (D)呼吸精氣，獨立守神",D,110-中醫基礎醫學（一）（包括中醫醫學史、中醫基礎理論、內經、難經）.csv,
20,"高中學生櫻木打籃球扭傷足踝，一開始只有腫起來，直到第二天才明顯疼痛。依《素問．陰陽應象大
論》，先腫而後痛者，最有可能之病機敘述為何？
(A)氣傷形 (B)形傷痛 (C)氣傷腫 (D)形傷氣",D,110-中醫基礎醫學（一）（包括中醫醫學史、中醫基礎理論、內經、難經）.csv,
21,"關於津與液的生理與病證特點，依《靈樞．決氣》論述，下列何者錯誤？
(A)腠理發泄，汗出溱溱，是謂津
(B)穀入氣滿，淖澤注於骨，補益腦髓，皮膚潤澤，是謂液
(C)津脫者，耳聾，目不明
(D)液脫者，色夭，腦髓消，脛痠，耳數鳴",C,110-中醫基礎醫學（一）（包括中醫醫學史、中醫基礎理論、內經、難經）.csv,
22,"黃小姐49歲停經後被診為更年期症候群，隨之出現睡眠障礙，腦中不斷有思緒冒出，白天精神變差，
記憶力減退，並且容易煩悶，最後漸漸出現茶不思，飯不想等症狀。依據臟象學說分析其症狀發生之
機轉，下列敘述何者錯誤？
(A)依據《靈樞．天年》：「四十歲，肝氣始衰……」，黃小姐應伴隨有眼睛方面的困擾
(B)依據《靈樞．大惑論》可建議黃小姐按摩陰陽蹻脈以幫助睡眠
(C)因心腎不交而出現心煩、失眠、記憶力減退等情況
(D)因脾氣鬱結而影響運化功能，因而食慾降低",A,110-中醫基礎醫學（一）（包括中醫醫學史、中醫基礎理論、內經、難經）.csv,
23,"依《內經》敘述，有關宗營衛氣之生成、交會及作用，下列何者正確？
(A)營衛運行五十度而復大會的部位是手太陰肺經
(B)「貫心脈，行呼吸」與衛氣有關
(C)「溫分肉，而養關節，通腠理」與宗氣有關
(D)宗營衛皆由水穀精微所化生，於午時會合於手少陰經
代號：1101
頁次：6－3",A,110-中醫基礎醫學（一）（包括中醫醫學史、中醫基礎理論、內經、難經）.csv,
24,"《靈樞．本藏篇》提到人體的健康，必須保持各部生理的正常活動，尤其突出了血氣精神在人體的重
要性，下列敘述何者正確？
(A)寒溫和則五臟化穀，風痺不作，經脈通利，肢節得安矣
(B)衛氣和則精神專直，魂魄不散，悔怒不起，五藏不受邪矣
(C)血和則經脈流行，營覆陰陽，筋骨勁強，關節清利矣
(D)營氣和則分肉解利，皮膚調柔，腠理緻密矣",C,110-中醫基礎醫學（一）（包括中醫醫學史、中醫基礎理論、內經、難經）.csv,
25,"依據《素問．血氣形志》內容，六經的氣血有一定的規律性，下列敘述何者錯誤？
(A)太陽多血少氣 (B)少陰少血多氣 (C)太陰多氣少血 (D)厥陰少血少氣",D,110-中醫基礎醫學（一）（包括中醫醫學史、中醫基礎理論、內經、難經）.csv,
26,"依《內經》對於「關格」之描述，下列何者最不適宜？
(A)聚於胃，關於肺，使人多涕唾而面浮腫氣逆
(B)人迎與寸口俱盛四倍已上
(C)陰陽俱盛，不得相榮
(D)不能極於天地之精氣，則死矣",A,110-中醫基礎醫學（一）（包括中醫醫學史、中醫基礎理論、內經、難經）.csv,
27,"陳爺爺已82歲，近兩年常苦於說話多誤。依《靈樞．天年》此生理特點為下列何者？
(A)心氣衰 (B)脾氣衰 (C)腎氣衰 (D)肺氣衰",D,110-中醫基礎醫學（一）（包括中醫醫學史、中醫基礎理論、內經、難經）.csv,
28,"五臟虛實與神智症狀之關係，依《靈樞．本神》敘述，下列敘述何者錯誤？
(A)心氣實則笑不休 (B)心氣虛則驚 (C)肝氣虛則恐 (D)肝氣實則怒",B,110-中醫基礎醫學（一）（包括中醫醫學史、中醫基礎理論、內經、難經）.csv,
29,"依《靈樞．本輸》，下列何者有孤府之稱？
(A)心包 (B)三焦 (C)膽 (D)女子胞",B,110-中醫基礎醫學（一）（包括中醫醫學史、中醫基礎理論、內經、難經）.csv,
30,"依《類經．經絡類．二十三》注，「五榖入味，……，分為三隧」，此三隧之內容，下列何者錯誤？
(A)糟粕 (B)津液 (C)清濁 (D)宗氣",C,110-中醫基礎醫學（一）（包括中醫醫學史、中醫基礎理論、內經、難經）.csv,
31,"脾胃之藏象功能，下列何者錯誤？
(A)脾胃乃氣血生化之源 (B)脾胃後天之本
(C)脾胃倉廩之官，五味出焉 (D)胃主降濁，濁氣在下則生飱瀉",D,110-中醫基礎醫學（一）（包括中醫醫學史、中醫基礎理論、內經、難經）.csv,
32,"中焦如漚，漚之解釋，下列何者正確？
(A)如大海中之半島 (B)如雲海，海行雲氣者，天下也
(C)腐熟水穀之貌 (D)分三個不同隧道之行徑",C,110-中醫基礎醫學（一）（包括中醫醫學史、中醫基礎理論、內經、難經）.csv,
33,"依據中醫基本理論的內容，關於津液的敘述，下列何者錯誤？
(A)津液來自於水穀精微和水液 (B)液滲注於血脈，具有滋潤作用
(C)津布散於體表皮膚、肌肉、孔竅 (D)液性質較稠厚，津性質較清稀",B,110-中醫基礎醫學（一）（包括中醫醫學史、中醫基礎理論、內經、難經）.csv,
34,"中醫的診斷主要從四診「望聞問切」中推論體內臟腑的狀況，再予以處方治療。在門診時，可透過望
診觀察病人的顏面肢體判斷。如果你想了解脾的相關狀況，可以觀察顏面肢體的那一個部位？
(A)爪 (B)唇 (C)皮 (D)髮",B,110-中醫基礎醫學（一）（包括中醫醫學史、中醫基礎理論、內經、難經）.csv,
35,"依《靈樞．海論》中「四海之順逆」的內容，「飢不受穀食」是何者不足的表現？
(A)血海 (B)水穀之海 (C)髓海 (D)氣海",B,110-中醫基礎醫學（一）（包括中醫醫學史、中醫基礎理論、內經、難經）.csv,
36,"依《靈樞．經脈》中所述，各經脈所主的疾病各有不同，其中主「津液」，「血」，「液」等陰質有關的
經脈分別依次為何經脈？
(A)手陽明大腸經、足陽明胃經、手太陽小腸經
(B)足陽明胃經、足太陰脾經、足太陽膀胱經
(C)手陽明大腸經、足厥陰肝經、足太陽膀胱經
(D)足陽明胃經、足厥陰肝經、手太陽小腸經",A,110-中醫基礎醫學（一）（包括中醫醫學史、中醫基礎理論、內經、難經）.csv,
37,"依《靈樞．經脈》所述，大腸經的所生病，眼白的顏色，分泌物的狀態，痛的部位，及有沒有特殊不
順暢的地方，下列何者正確？
(A)大腸手陽明脈的所生病，眼白的顏色是黃的，口是乾的，流鼻水，出鼻血，咽喉腫痛，吞咽不利
(B)大腸手陽明脈的所生病，眼白的顏色是紅的，口是乾的，流口水，出目血，吭嗓腫痛，發音不利
(C)大腸手陽明脈的所生病，眼白的顏色是正常的，口是乾的，流眼淚，出牙血，鼻孔腫痛，呼吸不利
(D)大腸手陽明脈的所生病，眼白的顏色是白的，口是乾的，流汗水，胃出血，肛門腫痛，排便不利
代號：1101
頁次：6－4",A,110-中醫基礎醫學（一）（包括中醫醫學史、中醫基礎理論、內經、難經）.csv,
38,"迎隨補瀉法是針灸中最常用的補瀉法，依據《難經．七十九難》所示，若胃足陽明之經有疾，下列何
者正確？
(A)實瀉子穴為迎，用厲兌穴。虛補母穴為隨，用內庭穴
(B)實瀉母穴為迎，用內庭穴。虛補母穴為隨，用厲兌穴
(C)實瀉子穴為迎，用厲兌穴。虛補母穴為隨，用解谿穴
(D)實瀉母穴為迎，用解谿穴。虛補子穴為隨，用厲兌穴",C,110-中醫基礎醫學（一）（包括中醫醫學史、中醫基礎理論、內經、難經）.csv,
39,"依《靈樞．根結》所述，「奇邪離經，不可勝數，不知根結，五藏六府，折關敗樞，開闔而走，陰陽大
失，不可復取」，關於太陰經的根結及穴名，下列何者正確？
(A)太陰根於隱白，結於太倉 (B)太陰根於隱白，結於少商
(C)太陰根於湧泉，結於廉泉 (D)太陰根於湧泉，結於魚際",A,110-中醫基礎醫學（一）（包括中醫醫學史、中醫基礎理論、內經、難經）.csv,
40,"依《靈樞．經脈》，十二經脈循行內容中之描述有經過「缺盆」者，下列何者正確？①手太陰 ②手
陽明 ③足陽明 ④足太陰 ⑤手少陰 ⑥手太陽 ⑦足少陰 ⑧手少陽 ⑨足少陽
(A)①②③④⑤ (B)②③⑥⑧⑨ (C)②③④⑥⑦ (D)①②⑦⑧⑨",B,110-中醫基礎醫學（一）（包括中醫醫學史、中醫基礎理論、內經、難經）.csv,
41,"依《靈樞．經脈》，下列那一條經脈的所生病有「煩心、心痛，掌中熱」的症狀？
(A)手少陰心經 (B)足厥陰肝經 (C)足少陰腎經 (D)手厥陰心包經",D,110-中醫基礎醫學（一）（包括中醫醫學史、中醫基礎理論、內經、難經）.csv,
42,"依《靈樞．經脈》對於經脈的論述，下列經絡有幾條經絡經過目內眥？①手太陽小腸經 ②足少陽膽
經 ③手少陽三焦經 ④足太陽膀胱經
(A)1 (B)2 (C)3 (D)4",B,110-中醫基礎醫學（一）（包括中醫醫學史、中醫基礎理論、內經、難經）.csv,
43,"依《靈樞．衛氣》中十二經之標本部位，下列何者錯誤？
(A)足太陽之本，在兩絡命門 (B)足少陽之本，在竅陰之間
(C)足陽明之本，在厲兌 (D)手心主之本，在掌後兩筋之間二寸中",A,110-中醫基礎醫學（一）（包括中醫醫學史、中醫基礎理論、內經、難經）.csv,
44,"十二經脈之循行有到達「膻中」的經脈，為下列何者？
(A)足太陰脾經 (B)手少陽三焦 (C)手少陰心經 (D)足少陽膽經",B,110-中醫基礎醫學（一）（包括中醫醫學史、中醫基礎理論、內經、難經）.csv,
45,"依《靈樞．根結》足少陽根于竅陰，溜于丘墟，注于陽輔，下列敘述何者正確？
(A)入于天柱、外丘 (B)入于天容、外丘 (C)入于天柱、光明 (D)入于天容、光明",D,110-中醫基礎醫學（一）（包括中醫醫學史、中醫基礎理論、內經、難經）.csv,
46,"依《靈樞．根結》之內容，「太陽為開，陽明為闔，少陽為樞，故開折，則肉節瀆而暴病起矣。樞折，
即骨繇而不安于地。骨繇者，節緩而不收也」。下列敘述何者正確？
(A)骨繇者，取之少陽，視有餘不足 (B)骨繇者，取之太陽，視有餘不足
(C)骨繇者，取之陽明，視有餘不足 (D)骨繇者，取之少陰，視有餘不足",A,110-中醫基礎醫學（一）（包括中醫醫學史、中醫基礎理論、內經、難經）.csv,
47,"下列那兩條經脈循行其支脈都有經過心臟？
(A)手陽明大腸經，足厥陰肝經 (B)足太陽膀胱經，手太陽小腸經
(C)足太陰脾經，足少陰腎經 (D)足少陽膽經，手少陽三焦經",C,110-中醫基礎醫學（一）（包括中醫醫學史、中醫基礎理論、內經、難經）.csv,
48,"「面微有塵」及「面塵脫色」分別指下列那兩條經脈的是動病敘述？
(A)足陽明胃經及足太陰脾經 (B)足少陽膽經及足少陰腎經
(C)足少陽膽經及足厥陰肝經 (D)足厥陰肝經及足少陰腎經",C,110-中醫基礎醫學（一）（包括中醫醫學史、中醫基礎理論、內經、難經）.csv,
49,"患者喉嚨痛，除考慮十二正經之疾病外，依《難經》對奇經八脈之循行，應先考慮那條奇經八脈？
(A)陽蹻脈 (B)陰蹻脈 (C)陰維脈 (D)陽維脈",B,110-中醫基礎醫學（一）（包括中醫醫學史、中醫基礎理論、內經、難經）.csv,
50,"依《靈樞．經脈》，有關小腸手太陽之脈的敘述，下列何者錯誤？
(A)手的三條陽經循行皆有入缺盆
(B)小腸手太陽的循行部位有至目銳眥和目內眥
(C)是動則病嗌痛頷腫，不可以顧，肩似拔，臑似折
(D)盛者寸口大三倍於人迎，虛者寸口反小於人迎",D,110-中醫基礎醫學（一）（包括中醫醫學史、中醫基礎理論、內經、難經）.csv,
51,"依據《素問．生氣通天論》中關於「陽氣失常，受邪為病」的描述，下列何者正確？
(A)因於風，欲如運樞，起居如驚，神氣乃浮
(B)因於暑，汗、煩則喘喝（暍），靜則多言
(C)因如濕，首如裹，濕熱不攘，大筋弛長，小筋緛短
(D)因於火，為腫，體若燔炭，四維相代，陽氣乃竭
代號：1101
頁次：6－5",B,110-中醫基礎醫學（一）（包括中醫醫學史、中醫基礎理論、內經、難經）.csv,
52,"依據《素問．生氣通天論》，人受四時外邪之氣所造成的疾病，下列敘述何者錯誤？
(A)春傷於風，邪氣留連，乃為洞泄 (B)夏傷於暑，秋為痎瘧
(C)秋傷於燥，上逆而咳，發為痿厥 (D)冬傷於寒，春必溫病",C,110-中醫基礎醫學（一）（包括中醫醫學史、中醫基礎理論、內經、難經）.csv,
53,"據《靈樞．順氣一日分為四時》，關於刺有五變以主五輸，下列論述何者錯誤？
(A)色主春 (B)時主夏 (C)音主秋 (D)藏主冬",C,110-中醫基礎醫學（一）（包括中醫醫學史、中醫基礎理論、內經、難經）.csv,
54,"依《難經．五十五難》所言，將疾病以積聚分類，其特性敘述下列何者錯誤？
(A)積者，陽氣也 (B)聚者，六府所成
(C)積者，始發有常處，其痛不離其部 (D)聚者，始發無根本，其痛無常處",A,110-中醫基礎醫學（一）（包括中醫醫學史、中醫基礎理論、內經、難經）.csv,
55,"依《素問．六節藏象論》與《素問．四氣調神大論》論述「格陽」，「關陰」，「關格」，「內格」。其意義
正確為何？
(A)格陽：氣血盛於三陰，與三陽隔絕，陰陽不相交通
(B)關陰：氣血衰弱，三陰俱弱
(C)關格：陰陽俱弱，關為溲不得通，格為便不得通
(D)內格：人體內在機能活動與外在環境的陰陽變化相格拒",D,110-中醫基礎醫學（一）（包括中醫醫學史、中醫基礎理論、內經、難經）.csv,
56,"依《靈樞．五變》論述，「善病腸中積聚」，會有何種的徵候？
(A)五藏皆柔弱 (B)小骨弱肉者
(C)粗理而肉不堅者 (D)皮膚薄而不澤",D,110-中醫基礎醫學（一）（包括中醫醫學史、中醫基礎理論、內經、難經）.csv,
57,"新手父母因為長時間的疲勞，又加上白天需要工作，夜間又常常被新生兒吵醒，影響食慾，脾胃運化
無力，口乾舌燥。依《素問．調經論》，此病機應為何者？
(A)陽虛外寒 (B)陰虛內熱 (C)陽盛外熱 (D)陰盛內寒",B,110-中醫基礎醫學（一）（包括中醫醫學史、中醫基礎理論、內經、難經）.csv,
58,"《靈樞．賊風》談到有關情志致病的原因，是由於「兩氣相搏」，此處所指「兩氣」，下列何者最適宜？
(A)故邪與新志 (B)冬傷於寒，春傷風溫
(C)白天發怒，夜夢又喜 (D)惡血與濕氣",A,110-中醫基礎醫學（一）（包括中醫醫學史、中醫基礎理論、內經、難經）.csv,
59,"有關中醫人體生理學的理論，下列何者錯誤？
(A)髮為血之餘 (B)齒為骨之餘 (C)血為脈之餘 (D)爪為筋之餘",C,110-中醫基礎醫學（一）（包括中醫醫學史、中醫基礎理論、內經、難經）.csv,
60,"《素問．調經論》中關於「陰之生虛」所產生的症候，是下列何者？
(A)喜怒不節，則陰氣上逆 (B)上逆則下虛，下虛則陽氣走之
(C)外堅充滿，不可按之，按之則痛 (D)喜則氣下，悲則氣消，消則脈虛空",D,110-中醫基礎醫學（一）（包括中醫醫學史、中醫基礎理論、內經、難經）.csv,
61,"王奶奶因病長期臥床，依《靈樞．九針論》五勞敘述，易傷下列何者？
(A)血 (B)氣 (C)肉 (D)骨",B,110-中醫基礎醫學（一）（包括中醫醫學史、中醫基礎理論、內經、難經）.csv,
62,"張小姐突然表現下列症狀：身熱、時惡寒、頭痛、背寒、面垢、自汗、煩躁、大渴、口乾、倦怠、身
不痛，診得弱脈，最可能的病因為何？
(A)風 (B)寒 (C)暑 (D)濕",C,110-中醫基礎醫學（一）（包括中醫醫學史、中醫基礎理論、內經、難經）.csv,
63,"有關氣的異常病機敘述，下列何者與氣閉最不相關？
(A)強烈疼痛刺激 (B)巨大精神創傷 (C)濁邪外阻四肢 (D)素體虛弱久病",D,110-中醫基礎醫學（一）（包括中醫醫學史、中醫基礎理論、內經、難經）.csv,
64,"依《素問．至真要大論》所論，「諸寒收引」與下列何者相關？
(A)腎陽虛衰，溫煦氣化失職 (B)脾陽虛衰，運化功能失施
(C)寒凝肝經，筋脈失濡拘急 (D)肝經虛寒，疏瀉功能失調",A,110-中醫基礎醫學（一）（包括中醫醫學史、中醫基礎理論、內經、難經）.csv,
65,"有關《靈樞．經脈》中論足陽明胃經的虛實，下列何者正確？
(A)氣盛則身以前皆寒憟 (B)其有餘於胃，則氣上逆
(C)氣不足則身以前皆熱 (D)胃中寒則脹滿",D,110-中醫基礎醫學（一）（包括中醫醫學史、中醫基礎理論、內經、難經）.csv,
66,"小明少腹疼痛，溲短而膿血下痢。依《難經．五十七難》，論述五泄的特點，小明的泄瀉應為下列何
種類型？
(A)胃泄 (B)小腸泄 (C)大腸泄 (D)大瘕泄
代號：1101
頁次：6－6",B,110-中醫基礎醫學（一）（包括中醫醫學史、中醫基礎理論、內經、難經）.csv,
67,"小明很怕痛，很怕打針。依《靈樞．論痛》論述，下列何特質導致小明對針刺疼痛耐受力差？
(A)骨強 (B)筋弱 (C)肉堅 (D)皮厚",C,110-中醫基礎醫學（一）（包括中醫醫學史、中醫基礎理論、內經、難經）.csv,
68,"依《素問．風論》有關「風」引起病症的論述，下列敘述何者最適宜？
(A)腠理閉則熱 (B)熱則衰食飲 (C)寒則消肌肉 (D)風則不能食",A,110-中醫基礎醫學（一）（包括中醫醫學史、中醫基礎理論、內經、難經）.csv,
69,"根據《難經．十六難》中「面黑，善恐欠；臍下有動氣，按之牢若痛。逆氣，小腹急痛，泄如下重，
足脛寒而逆」，是下列何者？
(A)肝之內外證 (B)心之內外證 (C)脾之內外證 (D)腎之內外證",D,110-中醫基礎醫學（一）（包括中醫醫學史、中醫基礎理論、內經、難經）.csv,
70,"28歲王小姐至海邊吹風後出現身熱、目痛、鼻乾、不易入睡、胸脅痛、聽力下降。對於其病機之敘述
下列何者正確？
(A)邪入太陽少陰經 (B)邪入太陽陽明經 (C)邪入陽明少陽經 (D)邪入少陽厥陰經",C,110-中醫基礎醫學（一）（包括中醫醫學史、中醫基礎理論、內經、難經）.csv,
71,"某病患婚後二年未生育，平素精神憂鬱，易怒，胸悶喜嘆息，每次行經延後二週，量可，色紫黑有血
塊，經行腹痛拒按，經前小腹脹滿，乳房脹痛，伴隨月經來潮而發作，經後逐漸消失，舌質紫暗苔薄
白，脈沉弦澀。醫師診斷為氣滯血瘀。下列何者不是血瘀症狀？
(A)經血色紫黑有血塊 (B)經期腹痛拒按
(C)經前小腹脹滿 (D)舌質紫暗，脈澀",C,110-中醫基礎醫學（一）（包括中醫醫學史、中醫基礎理論、內經、難經）.csv,
72,"老王近半年體重突然下降10公斤，平時容易口渴，每天要喝3,000毫升的水，排尿約30次。詢問病史得
知經常交際應酬，每餐必喝冷飲，食慾好但是排便不暢（2～3天排便一次），大便乾結，舌紅舌苔黃，
醫師診斷為消渴病。依據《內經》，下列敘述何者最適宜？
(A)消渴病病機為「二陽結，謂之消」，指的是陽明跟少陽互結
(B)消渴病包括「風消」、「鬲消」、「肺消」、「心消」、「胃消」、「脾癉」、「消癉」等病證
(C)「消癉」屬於「下消」，主因腎之陰陽受損；「肺消」、「心消」皆屬於「上消」，病情相對輕微
(D)老王所患疾病屬於「脾癉」，治之以「蘭」",D,110-中醫基礎醫學（一）（包括中醫醫學史、中醫基礎理論、內經、難經）.csv,
73,"依《素問．舉痛論》，有關寒氣在不同病位產生疼痛的病症與治療，下列何者錯誤？
(A)寒氣客於脈外，則脈寒，脈寒則縮踡，縮踡則脈絀急，則外引小絡，故卒然而痛，得炅則痛立止
(B)寒氣客於經脈之中，與炅氣相薄，則脈滿，滿則痛而不可按也
(C)寒氣客於俠脊之脈，按之則熱氣至，熱氣至則痛止矣
(D)寒氣客於腸胃之閒，膜原之下，血不得散，小絡急引故痛，按之則血氣散，故按之痛止",C,110-中醫基礎醫學（一）（包括中醫醫學史、中醫基礎理論、內經、難經）.csv,
74,"依《素問．厥論》，有關「寒厥」的敘述，下列何者錯誤？
(A)陽氣衰於下 (B)寒從外來 (C)必從五指上於膝 (D)陰氣勝",B,110-中醫基礎醫學（一）（包括中醫醫學史、中醫基礎理論、內經、難經）.csv,
75,"依《素問．病能論》，有關胃脘癰的症狀與病機，下列敘述何者正確？
(A)若出現汗出如浴，惡風少氣，則為不治之病 (B)人迎脈沉細
(C)跗陽脈洪數 (D)熱聚於胃口而不行",D,110-中醫基礎醫學（一）（包括中醫醫學史、中醫基礎理論、內經、難經）.csv,
76,"依《素問．風論》，下列何種疾病並沒有表現出多汗之症狀？
(A)目風 (B)漏風 (C)首風 (D)泄風",A,110-中醫基礎醫學（一）（包括中醫醫學史、中醫基礎理論、內經、難經）.csv,
77,"患者夏日傷暑，大熱大汗大渴，其後乘涼，浴冷水，寒伏於內，繼續發展成寒瘧。依據《素問．瘧論》，
下列何者為此寒瘧之誘發條件？
(A)冬不藏精 (B)秋傷於風 (C)長夏傷燥 (D)先夏至病溫",B,110-中醫基礎醫學（一）（包括中醫醫學史、中醫基礎理論、內經、難經）.csv,
78,"患者主訴頭昏眩轉，耳鳴，下肢痠痛，看東西糢糊不清，倦怠無力，貪臥。依據《靈樞．海論》，此病
證下列何者最正確？
(A)氣海不足 (B)髓海不足 (C)血海不足 (D)水穀之海不足",B,110-中醫基礎醫學（一）（包括中醫醫學史、中醫基礎理論、內經、難經）.csv,
79,"依《靈樞．癰疽》，有關患者癰疽產生之機轉與預後之分析，下列何者正確？
(A)寒邪客於經絡之中則血泣，血泣則不通，不通則衛氣歸之，不得復反，故癰腫
(B)濕氣勝則腐肉，肉腐則為膿
(C)膿不瀉則爛筋，但筋爛嚴重，不至於傷骨與髓
(D)不會產生血枯空虛與筋骨肌肉不相榮，不會嚴重到藏傷而死矣",A,110-中醫基礎醫學（一）（包括中醫醫學史、中醫基礎理論、內經、難經）.csv,
80,"依《素問．奇病論》，引起口苦的病機為何？
(A)皆與大腸有關 (B)謀慮不決，則肝氣鬱而膽氣虛，膽之虛氣上溢
(C)多食肥甘之物，中滿內熱，故胃氣上逆 (D)病名為「脾癉」",B,110-中醫基礎醫學（一）（包括中醫醫學史、中醫基礎理論、內經、難經）.csv,
1,"下列那個藥物在所屬方劑中為反佐藥？
(A)《太平惠民和劑局方》參蘇飲中的人參 (B)《醫方集解》龍膽瀉肝湯中的生地黃
(C)《丹溪心法》虎潛丸中的黃柏 (D)《丹溪心法》左金丸中的吳茱萸",D,110-中醫基礎醫學（二）（包括中醫方劑學、中醫藥物學）.csv,
2,"關於清代程鍾齡提出之治病八法，下列敘述何者錯誤？
(A)所謂八法即：汗法、吐法、下法、利法、溫法、清法、消法、補法
(B)麻疹初起，疹點隱而不透可以汗法治療
(C)下法是通過蕩滌腸胃，瀉出腸中積滯，使宿食、冷積、瘀血、結痰、停水等從下竅而出
(D)清法治療溫病後期應避免純用苦寒直折之法治療",A,110-中醫基礎醫學（二）（包括中醫方劑學、中醫藥物學）.csv,
3,"45歲男性患者，平素痰多。昨日受寒後今晨起出現發燒，體溫為攝氏37.8度，並伴有鼻塞聲重、咳嗽
痰多、微惡寒、無汗諸症，未見煩躁及口渴，二便調，納可。兩寸浮微緊略數，舌淡紅苔薄白，下列
那個湯劑處方最適宜？
(A)桂枝三錢，芍藥三錢，炙甘草兩錢，生薑三錢，大棗六枚
(B)麻黃三錢，杏仁三錢，炙甘草兩錢，桂枝三錢，白朮四錢
(C)麻黃二錢，杏仁二錢，桑白皮二錢，紫蘇子二錢，赤茯苓二錢，陳皮二錢，炙甘草一錢
(D)蘇葉二錢，半夏二錢，茯苓二錢，前胡二錢，桔梗二錢，枳殼二錢，炙甘草一錢，生薑一錢，杏仁
二錢，大棗二枚",C,110-中醫基礎醫學（二）（包括中醫方劑學、中醫藥物學）.csv,
4,"一位72歲男性，三週前因肺部感染住院治療，經兩週治療後，現已無發燒。但出現大便乾結難解，腹
脹滿，口乾咽燥，舌紅苔黃，脈細數有力，下列處方何者最適宜？
(A)麻子仁五錢，白芍二錢半，枳實二錢半，大黃五錢，厚朴二錢半，杏仁二錢半
(B)生地黃五錢，生甘草二錢，人參一錢五分，生大黃三錢，芒硝一錢，玄參五錢，麥門冬五錢，當歸
一錢五分，海參二條，薑汁六匙
(C)玄參一兩，麥門冬八錢，生地黃八錢，大黃三錢，芒硝一錢五分
(D)大黃三錢，芒硝三錢，枳實三錢，厚朴三錢，甘草一錢，人參二錢，當歸三錢，生薑二錢，大棗二
枚，桔梗一錢",C,110-中醫基礎醫學（二）（包括中醫方劑學、中醫藥物學）.csv,
5,"有關《景岳全書》濟川煎之功用，下列何者最適宜？
(A)清營透熱，養陰活血 (B)清心養陰，利水通淋
(C)益氣健脾，養血安胎 (D)溫腎益精，潤腸通便",D,110-中醫基礎醫學（二）（包括中醫方劑學、中醫藥物學）.csv,
6,"38歲男性患者，咳嗽伴有胸脇痛，呼吸困難，頭痛，大便每日一解偏乾，苔滑，脈沉弦，X光檢查發
現左側胸腔積水。宜治以下列何者所組成的方藥？
(A)大黃、芒硝、甘遂
(B)甘遂、大戟、芫花、紅棗
(C)大黃、芒硝、甘草
(D)黑丑、甘遂、芫花、大戟、大黃、青皮、陳皮、檳榔",B,110-中醫基礎醫學（二）（包括中醫方劑學、中醫藥物學）.csv,
7,"關於《太平惠民和劑局方》四物湯之敘述，下列何者最適宜？
(A)加人參、黃耆主治妊娠胎漏
(B)可治月經不調、臍腹疼痛之症
(C)加阿膠、艾葉為完整《金匱要略》芎歸膠艾湯
(D)《金匱要略》溫經湯之組成包含完整四物湯
代號：2101
頁次：6－2",B,110-中醫基礎醫學（二）（包括中醫方劑學、中醫藥物學）.csv,
8,"關於《內外傷辨惑論》當歸補血湯之敘述，下列何者正確？①當歸與黃耆用量之比率為當歸5：黃耆1
②由勞倦內傷，氣血不足，浮陽外越所致 ③證見肌熱面赤，口乾不欲飲水 ④可治產後血虛發熱頭
痛 ⑤脈洪大而虛
(A)①②③ (B)①④⑤ (C)②③④ (D)②④⑤",D,110-中醫基礎醫學（二）（包括中醫方劑學、中醫藥物學）.csv,
9,"下列各方劑之敘述，正確的有幾項？①《小兒藥證直訣》六味地黃丸主治肝腎陰虧，虛火上炎之證 ②
《醫級》八仙長壽丸主治肺腎陰虛，咳嗽喘逆之證 ③《傷寒論》炙甘草湯可主治肺痿咳嗽，痰少帶
血之證 ④《慎齋遺書》百合固金湯方中之沙參助二地滋陰潤肺止咳
(A)1 (B)2 (C)3 (D)4",C,110-中醫基礎醫學（二）（包括中醫方劑學、中醫藥物學）.csv,
10,"關於《金匱要略》腎氣丸之敘述，下列何者最不適宜？
(A)桂枝、附子用量重，其意在於溫腎補火 (B)加鹿茸、五味子為《濟生》十補丸
(C)主治腎陽不足，腰痛腳軟外，尚可治痰飲 (D)若晚上頻尿者，可加五味子",A,110-中醫基礎醫學（二）（包括中醫方劑學、中醫藥物學）.csv,
11,"《景岳全書》之方劑組成，下列何者最適宜？
(A)右歸丸：熟地、山藥、山茱萸、枸杞、菟絲子、鹿角膠、龜板膠、杜仲、肉桂、附子
(B)左歸丸：熟地、山藥、山茱萸、枸杞、菟絲子、鹿角膠、當歸、牛膝
(C)右歸飲：熟地、山藥、山茱萸、枸杞、杜仲、炙甘草、肉桂、附子
(D)左歸飲：熟地、山藥、山茱萸、枸杞、牛膝、茯苓、炙甘草",C,110-中醫基礎醫學（二）（包括中醫方劑學、中醫藥物學）.csv,
12,"《溫病條辨》清營湯之組成中，下列那一組藥皆入心，為方中使藥？
(A)竹葉、梔子、羚羊角 (B)天麻、丹參、鉤藤
(C)犀角、連翹、黃連 (D)丹參、黃連、竹葉",D,110-中醫基礎醫學（二）（包括中醫方劑學、中醫藥物學）.csv,
13,"下列何種情況最不宜使用解表法治療？
(A)腰以上水腫 (B)麻疹初起且有惡寒發熱
(C)頭身疼痛 (D)完穀不化",D,110-中醫基礎醫學（二）（包括中醫方劑學、中醫藥物學）.csv,
14,"關於《傷寒論》理中丸的臨床應用時機，下列何者錯誤？
(A)主治中焦虛寒，自利，或嘔吐腹痛
(B)亦治小兒急驚，真寒假熱者
(C)飲食不節，或暴受風寒所致之吐利，亦可以本方治療
(D)亦治胸痹證，由中焦虛寒所致者",B,110-中醫基礎醫學（二）（包括中醫方劑學、中醫藥物學）.csv,
15,"在下列那一個清熱方劑的組成藥物中沒有生地？
(A)《蘭室秘藏》當歸六黃湯 (B)《景岳全書》玉女煎
(C)《小兒藥證直訣》導赤散 (D)《溫病條辨》青蒿鱉甲湯",B,110-中醫基礎醫學（二）（包括中醫方劑學、中醫藥物學）.csv,
16,"關於肺虛久咳，病人的治療用藥選擇，下列那一組藥物最少被考慮？
(A)人參、蛤蚧 (B)阿膠、五味子 (C)赤石脂、乾薑 (D)款冬、貝母",C,110-中醫基礎醫學（二）（包括中醫方劑學、中醫藥物學）.csv,
17,"《外臺秘要引崔氏方》黃連解毒湯主治熱毒充斥三焦之證，有關其組方加減與臨床應用原則，下列何
者最不適宜？
(A)瀉火必先瀉心，故本方以黃連直解心經火毒為主藥
(B)熱毒壅盛，若上擾神明，則證見煩躁，錯語，失眠
(C)熱毒壅於肌肉，則可見癰疽、疔毒
(D)本方去黃柏、梔子，再加半夏、炙甘草、大棗、生薑，即是《傷寒論》半夏瀉心湯",D,110-中醫基礎醫學（二）（包括中醫方劑學、中醫藥物學）.csv,
18,"63歲吳先生，多年咳嗽不癒，經西醫檢查疑似感染肺結核。經以西藥控制，症狀穩定；但患者自訴容
易疲倦，體力明顯減退，肌肉消瘦，來診時面頰兩顴泛紅，食慾不振，午後身體容易發熱，夜眠盜汗，
舌苔少舌質光紅，脈來細數無力。經使用《衛生寶鑑》秦艽鱉甲散治療，諸證改善。下列敘述何者錯誤？
(A)本方用治風勞證
(B)本方功效為滋陰養血，清熱除蒸
(C)方中以鱉甲：滋陰潛陽，退熱除蒸；配當歸和血；知母滋陰降火；烏梅：生津清熱，斂陰止汗
(D)方中以秦艽：祛風透邪，清退虛熱；配青蒿：清熱除蒸，透邪外出；桑白皮：清肺涼血，退蒸熱；
柴胡以透邪解熱
代號：2101
頁次：6－3",D,110-中醫基礎醫學（二）（包括中醫方劑學、中醫藥物學）.csv,
19,"50歲丁女士，主訴兩側胸脇悶痛已二個月，望之面黃少華，體格中等，問之近半年來月經來的頻率漸
漸稀少，現約三個月一行，三餐尚規則，但食慾稍減退，尤其是工作壓力大時易感頭痛，伴隨右乳房
脹不舒，排便順暢日一行。睡眠偶多夢，舌苔薄白潤舌質稍紅，脈沉細，兩關帶弦，若以中醫辨證論
治原則，下列處方何者最適宜？
(A)柴胡，枳實，赤芍，炙甘草
(B)炒白朮，廣陳皮，炒白芍，防風
(C)柴胡，炒白芍，當歸，炒白朮，炙甘草，薄荷，煨薑，茯苓
(D)人參，炒白朮，茯苓，炙甘草，柴胡，炒白芍",C,110-中醫基礎醫學（二）（包括中醫方劑學、中醫藥物學）.csv,
20,"64歲女性病患，1月10日來院門診，前至合歡山賞雪，回來後覺胸悶不舒，至西醫檢查無異狀，處方
以肌肉鬆弛劑及鎮痛消炎藥，效不佳，故尋求中醫治療來院求診。證見胸悶痛，嚴重時會連至背痛，
苔白膩，舌淡紅，脈沉弦。下列何方劑治療最適宜？
(A)《景岳全書》柴胡疏肝散
(B)《素問病機氣宜保命集》金鈴子散
(C)《金匱要略》瓜蔞薤白白酒湯
(D)《醫學發明》天臺烏藥散",C,110-中醫基礎醫學（二）（包括中醫方劑學、中醫藥物學）.csv,
21,"關於《太平惠民和劑局方》蘇子降氣湯之敘述，下列何者最不適宜？
(A)組成含有當歸、炙甘草
(B)其病機為腎陽不足致不能納氣，氣機上逆，寒痰上泛
(C)以半夏、蘇子為主藥（君藥），降逆祛痰止咳
(D)以肉桂溫補下元",C,110-中醫基礎醫學（二）（包括中醫方劑學、中醫藥物學）.csv,
22,"下列何者為《丹溪心法》咳血方中的組成？
(A)瓜蔞仁、訶子 (B)瓜蔞根、訶子 (C)瓜蔞仁、黃連 (D)瓜蔞根、黃連",A,110-中醫基礎醫學（二）（包括中醫方劑學、中醫藥物學）.csv,
23,"《傷寒論》桃核承氣湯，下列敘述何者最不適宜？
(A)可治少腹急結，小便自利，脈沉實之證
(B)可治下焦蓄血，譫語煩躁
(C)方中桃仁、紅花破血祛瘀
(D)若治少腹急結，至夜發熱，小便自利，脈沉澀，乃因血行不暢、瘀熱互結",C,110-中醫基礎醫學（二）（包括中醫方劑學、中醫藥物學）.csv,
24,"《金匱要略》半夏厚朴湯、《症因脈治》丁香柿蒂散、《傷寒論》旋覆代赭石湯之比較，下列何者最不
適宜？
(A)三方皆有胃氣虛之證
(B)丁香柿蒂散以人參益氣補虛；旋覆代赭石湯則以人參、大棗、甘草益氣扶正，和中補虛
(C)三方中皆有生薑
(D)半夏厚朴湯與旋覆代赭石湯二方皆有半夏",A,110-中醫基礎醫學（二）（包括中醫方劑學、中醫藥物學）.csv,
25,"下列何藥不包含在《十藥神書》十灰散的組成中？
(A)蒲黃 (B)梔子 (C)大黃 (D)荷葉",A,110-中醫基礎醫學（二）（包括中醫方劑學、中醫藥物學）.csv,
26,"《醫學發明》天台烏藥散與《景岳全書》暖肝煎的藥物組成，相同的藥物有幾個？
(A)1 (B)2 (C)3 (D)4",B,110-中醫基礎醫學（二）（包括中醫方劑學、中醫藥物學）.csv,
27,"關於《醫門法律》清燥救肺湯與《金匱要略》麥門冬湯比較，下列敘述何者錯誤？
(A)兩方組成中均有麥門冬、人參、甘草
(B)清燥救肺湯之功用為清燥潤肺；麥門冬湯則為滋養肺胃，降逆和中
(C)清燥救肺湯中的桑葉有清宣肺燥之用；麥門冬湯中的半夏有降逆化痰的作用
(D)清燥救肺湯主要用於治療虛熱肺萎；麥門冬湯則主要用於治療虛勞乾咳",D,110-中醫基礎醫學（二）（包括中醫方劑學、中醫藥物學）.csv,
28,"小陳是25歲的男性。盛暑之際，喜飲貪涼，而出現了如下症狀：頭痛，輕微發熱惡寒，脘腹脹滿，嘔
吐泄瀉。候其脈見浮細而軟，望舌則見舌淡紅苔白微膩。下列處方何者最適宜？
(A)《溫熱經緯》清暑益氣湯 (B)《太平惠民和劑局方》藿香正氣散
(C)《溫病條辨》三仁湯 (D)《內外傷辨惑論》羌活勝濕湯",B,110-中醫基礎醫學（二）（包括中醫方劑學、中醫藥物學）.csv,
29,"《和劑局方》八正散與《溫熱經緯》甘露消毒丹的組成中皆有下列何藥？
(A)甘草 (B)梔子 (C)滑石 (D)車前子
代號：2101
頁次：6－4",C,110-中醫基礎醫學（二）（包括中醫方劑學、中醫藥物學）.csv,
30,"有關《溫病條辨》杏蘇散的敘述，下列共幾項正確？①主治外感溫燥證 ②本方乃《和劑局方》參蘇
飲去人參、葛根、木香加杏仁而成 ③方中桔梗、枳殼，一升一降，助杏仁宣利肺氣 ④方中含《和
劑局方》二陳湯以燥濕化痰止咳 ⑤忌生冷、油膩、辛辣、烤炸食物
(A)5 (B)4 (C)3 (D)2",B,110-中醫基礎醫學（二）（包括中醫方劑學、中醫藥物學）.csv,
31,"下列滋陰潤燥方劑之組成皆含有「玄參、麥門冬、生地黃」，何者除外？
(A)《重樓玉鑰》養陰清肺湯 (B)《慎齋遺書》百合固金湯
(C)《金匱要略》麥門冬湯 (D)《溫病條辨》增液湯",C,110-中醫基礎醫學（二）（包括中醫方劑學、中醫藥物學）.csv,
32,"臨診時以眩暈、頭痛、失眠、舌紅苔黃、脈弦數為方證，下列何者為其主藥？
(A)天麻、鉤藤 (B)夜交藤、茯神 (C)黃芩、梔子 (D)石決明、牛膝",A,110-中醫基礎醫學（二）（包括中醫方劑學、中醫藥物學）.csv,
33,"方劑的藥物組成中含有川芎、防風和羌活者，下列共幾項正確？①《傷寒六書》再造散 ②《和劑局
方》川芎茶調散 ③《備急千金要方》獨活寄生湯 ④《此事難知引張元素方》九味羌活湯
(A)1 (B)2 (C)3 (D)4",C,110-中醫基礎醫學（二）（包括中醫方劑學、中醫藥物學）.csv,
34,"66歲患者，求診主訴為咳嗽氣逆，胸悶，食欲不佳，痰多，胃納不佳，舌苔厚白膩，脈滑有力，治以
下列何組成最適宜？
(A)瓜蔞、貝母、桔梗、黃芩、梔子、陳皮、桑白皮、麥冬、知母、茯苓、甘草
(B)桔梗、甘草、梔子、黃芩、連翹、薄荷
(C)白芥子、蘇子、萊菔子
(D)貝母、玄參、牡蠣",C,110-中醫基礎醫學（二）（包括中醫方劑學、中醫藥物學）.csv,
35,"關於《醫學心悟》止嗽散，下列敘述何者錯誤？
(A)辨證為風邪犯肺，導因於外感風邪犯肺，肺失清肅，雖經發汗解表，但仍見咽癢咳嗽
(B)組成為：紫菀、百部、桔梗、陳皮、荊芥、白前、甘草、生薑
(C)陰虛勞嗽和肺熱咳嗽仍可使用
(D)無表邪，僅存內傷咳嗽者，可去荊芥",C,110-中醫基礎醫學（二）（包括中醫方劑學、中醫藥物學）.csv,
36,"關於《溫病條辨》新加香薷飲，下列敘述何者錯誤？
(A)組成為香薷、銀花、鮮扁豆花、厚朴、連翹
(B)功用為祛暑解表，清熱化濕，滋陰益氣
(C)身熱盛，可考慮加石膏以清熱
(D)以惡寒無汗，口渴，面赤，舌苔白膩為運用主證",B,110-中醫基礎醫學（二）（包括中醫方劑學、中醫藥物學）.csv,
37,"《醫宗金鑒．外科心法要訣》五味消毒飲之組成，下列何者最不適宜？
(A)金銀花 (B)野菊花 (C)紫草 (D)紫背天葵",C,110-中醫基礎醫學（二）（包括中醫方劑學、中醫藥物學）.csv,
38,"臨診時以咳嗽痰多，色白易咯，脘悶納差，噁心嘔吐，舌苔白滑或膩為主證，其組方時以下列何者為
主（君）藥？
(A)茯苓 (B)製半夏 (C)苡仁 (D)竹茹",B,110-中醫基礎醫學（二）（包括中醫方劑學、中醫藥物學）.csv,
39,"《醫方考》清氣化痰丸是以下列何種原料泛成丸劑的？
(A)水 (B)醋 (C)蜂蜜 (D)薑汁",D,110-中醫基礎醫學（二）（包括中醫方劑學、中醫藥物學）.csv,
40,"有關《醫方考》指迷茯苓丸之敘述，下列何者最適宜？
(A)其組成有茯苓、半夏、枳殼、風化硝
(B)主治風邪上攻、氣血兩虛、阻滯兩臂經絡
(C)此方乃以茯苓為主藥；枳殼寬胸行氣為輔藥
(D)棗肉糊為丸，鹽湯下",A,110-中醫基礎醫學（二）（包括中醫方劑學、中醫藥物學）.csv,
41,"關於細辛主治應用，下列敘述何者最不適宜？
(A)《本經》列為上品，研末服，毒性較小，用量無顧慮
(B)肺寒咳喘，痰多清稀
(C)口舌生瘡，胃火牙痛，與他藥同用
(D)頭痛，風濕痹痛，鼻淵常流清涕",A,110-中醫基礎醫學（二）（包括中醫方劑學、中醫藥物學）.csv,
42,"下列何者非《臺灣中藥典》收載之毒劇中藥？
(A)生附子 (B)生巴豆 (C)生白附子 (D)薑半夏
代號：2101
頁次：6－5",D,110-中醫基礎醫學（二）（包括中醫方劑學、中醫藥物學）.csv,
43,"能祛風勝濕兼有止痛解痙的作用，下列何藥物最適宜？
(A)紫蘇、荊芥 (B)香薷、生薑 (C)白芷、藁本 (D)蒼耳子、辛夷",C,110-中醫基礎醫學（二）（包括中醫方劑學、中醫藥物學）.csv,
44,"能發散風寒濕邪而解表，適用於腰腿疼痛，兩足痿痹，下列何藥物最適宜？
(A)秦艽 (B)獨活 (C)威靈仙 (D)防風",B,110-中醫基礎醫學（二）（包括中醫方劑學、中醫藥物學）.csv,
45,"有關秦艽主治，下列敘述何者最適宜？
(A)口噤牙痛，濕勝風淫 (B)久痛虛羸，下部虛寒
(C)濕熱黃疸，溲多便滑 (D)脾虛便溏，小便不禁",A,110-中醫基礎醫學（二）（包括中醫方劑學、中醫藥物學）.csv,
46,"用於止嘔，下列何者最不適宜？
(A)草豆蔻 (B)砂仁 (C)吳茱萸 (D)茯苓",D,110-中醫基礎醫學（二）（包括中醫方劑學、中醫藥物學）.csv,
47,"肺熱咳嗽痰多，小便短數、熱赤澀痛，下列何者最適宜？
(A)海金沙 (B)通草 (C)石韋 (D)葫蘆",C,110-中醫基礎醫學（二）（包括中醫方劑學、中醫藥物學）.csv,
48,"下列祛風濕強筋骨藥物中，何者最適宜用於胎漏下血等證？
(A)桑寄生 (B)五加皮 (C)豨薟草 (D)千年健",A,110-中醫基礎醫學（二）（包括中醫方劑學、中醫藥物學）.csv,
49,"用於「行氣止痛，引心包相火下行，亦能入肝舒筋，且能殺蟲」，下列何藥最適宜？
(A)細辛 (B)川楝子 (C)附子 (D)烏藥",B,110-中醫基礎醫學（二）（包括中醫方劑學、中醫藥物學）.csv,
50,"枳實的功效，下列何者最適宜？
(A)溫中散寒，順氣止痛 (B)破氣消積，化痰除痞
(C)升提益氣，補脾益氣，消食化積 (D)舒肝理氣，溫補脾腎，和中化痰",B,110-中醫基礎醫學（二）（包括中醫方劑學、中醫藥物學）.csv,
51,"主治心煩，懊憹不眠，紫癜白癩，皰疹瘡瘍，下列何藥物最適宜？
(A)梔子 (B)黃芩 (C)丹皮 (D)黃柏",A,110-中醫基礎醫學（二）（包括中醫方劑學、中醫藥物學）.csv,
52,"玄參之禁忌，下列何者最適宜？
(A)溫、熱病，熱入營分者 (B)脾虛泄瀉者
(C)外感風熱引起之咽喉腫痛者 (D)陰虛火旺者",B,110-中醫基礎醫學（二）（包括中醫方劑學、中醫藥物學）.csv,
53,"主治傷寒，煩熱，蓐勞骨蒸，燥渴虛煩，下列何者最適宜？
(A)牡丹皮 (B)白芍 (C)荊芥 (D)知母",D,110-中醫基礎醫學（二）（包括中醫方劑學、中醫藥物學）.csv,
54,"具散熱解毒、補虛、療風、養血、止渴之功能、治癰疽疥癬、楊梅惡瘡、腸澼血痢、五種尸疰，下列
何藥物最適宜？
(A)蒲公英 (B)紫花地丁 (C)白頭翁 (D)金銀花",D,110-中醫基礎醫學（二）（包括中醫方劑學、中醫藥物學）.csv,
55,"有關瀉下藥之敘述，下列何者最不適宜？
(A)引起腹瀉或滑利大腸 (B)適用於裏虛證，使虛熱下泄
(C)作用峻者，於月經期應慎用或忌用 (D)此類藥易傷胃氣，奏效即止",B,110-中醫基礎醫學（二）（包括中醫方劑學、中醫藥物學）.csv,
56,"具有涼血止血，清熱利尿，清肺胃熱的功效，下列何藥物最適宜？
(A)白茅根 (B)蘆根 (C)冬瓜皮 (D)側柏葉",A,110-中醫基礎醫學（二）（包括中醫方劑學、中醫藥物學）.csv,
57,"用於治療脾不統血，衝脈不固之崩漏不止，常配伍益氣固澀之品以益氣健脾，固衝攝血，下列何藥物
最適宜？
(A)棕櫚炭 (B)荊芥炭 (C)五靈脂 (D)三七",A,110-中醫基礎醫學（二）（包括中醫方劑學、中醫藥物學）.csv,
58,"關於鬱金的描述，下列何者最適宜？
(A)活血止痛、行氣解鬱 (B)養血斂陰，柔肝止痛
(C)補血活血，調經止痛 (D)通陽散結、行氣導滯",A,110-中醫基礎醫學（二）（包括中醫方劑學、中醫藥物學）.csv,
59,"具有破血行氣，消積止痛的功效，下列何藥物最適宜？
(A)青皮 (B)鬱金 (C)烏藥 (D)三稜",D,110-中醫基礎醫學（二）（包括中醫方劑學、中醫藥物學）.csv,
60,"關於川芎的描述，下列何者最適宜？
(A)辛香行散，溫通血脈，乃氣中之血藥
(B)尤善「下行血海」，而「下調經水」，故為婦科活血調經之要藥
(C)具有通經，利尿的功效
(D)為良好的補血藥，能養血以安神，故適用於血虛引起的各種證候
代號：2101
頁次：6－6",B,110-中醫基礎醫學（二）（包括中醫方劑學、中醫藥物學）.csv,
61,"有關五加皮應用，下列何者最不適宜？
(A)久病體虛，水腫腳氣 (B)肌膚瘀血，筋骨拘攣
(C)陰痿囊濕，女子陰癢 (D)肝腎不足，陰虛火旺",D,110-中醫基礎醫學（二）（包括中醫方劑學、中醫藥物學）.csv,
62,"白朮的敘述，下列何者最適宜？
(A)陰虛內熱 (B)津液虧耗 (C)脾氣虛的胎動不安 (D)氣滯脹悶",C,110-中醫基礎醫學（二）（包括中醫方劑學、中醫藥物學）.csv,
63,"具有滋陰潤肺、鎮咳祛痰、益胃生津、清心除煩之功效，下列何者最適宜？
(A)五味子 (B)黃精 (C)玉竹 (D)麥門冬",D,110-中醫基礎醫學（二）（包括中醫方劑學、中醫藥物學）.csv,
64,"淫羊藿的敘述，下列何者最不適宜？
(A)溫肺定喘 (B)補腎壯陽 (C)強筋健骨 (D)祛風除濕",A,110-中醫基礎醫學（二）（包括中醫方劑學、中醫藥物學）.csv,
65,"補骨脂的敘述，下列何者最適宜？
(A)口乾舌燥 (B)陰虛火旺 (C)腰膝冷痛 (D)大便秘結",C,110-中醫基礎醫學（二）（包括中醫方劑學、中醫藥物學）.csv,
66,"菟絲子的敘述，下列何者最適宜？
(A)胎動不安 (B)陰虛火旺 (C)大便燥結 (D)小便短赤",A,110-中醫基礎醫學（二）（包括中醫方劑學、中醫藥物學）.csv,
67,"具有潤肺止咳、清心安神之功效，下列何者最適宜？
(A)沙參 (B)天冬 (C)石斛 (D)百合",D,110-中醫基礎醫學（二）（包括中醫方劑學、中醫藥物學）.csv,
68,"患者外傷骨折，抑鬱不眠，下列何藥最為適用？
(A)龍骨 (B)合歡皮 (C)遠志 (D)酸棗仁",B,110-中醫基礎醫學（二）（包括中醫方劑學、中醫藥物學）.csv,
69,"桔梗的敘述，下列何者最不適宜？
(A)不適用於陰虛，久咳氣逆、咳血 (B)對於胃病患者，慎服
(C)陰虛火旺，咳血，可配薄荷 (D)內服過量，會引起噁心嘔吐",C,110-中醫基礎醫學（二）（包括中醫方劑學、中醫藥物學）.csv,
70,"半夏為治濕痰的要藥，下列敘述何者最不適宜？
(A)生半夏多外用，消腫散結 (B)清半夏長於陰虛燥咳
(C)薑半夏偏於降逆止嘔 (D)法半夏善和胃燥濕",B,110-中醫基礎醫學（二）（包括中醫方劑學、中醫藥物學）.csv,
71,"凡以平肝潛陽或息風止痙，治療肝陽上亢或肝風內動病症為主要作用的藥物，稱為平肝息風藥，下列
敘述何者最適宜？
(A)平抑肝陽藥多為蟲類藥物
(B)息風止痙藥多為質重之介類或礦石類藥物
(C)此類藥中的動物甲殼、礦物藥質地堅硬，在煎藥時應打碎後下
(D)蟲類藥物有毒者，用量不宜過大，以免中毒",D,110-中醫基礎醫學（二）（包括中醫方劑學、中醫藥物學）.csv,
72,"草荳蔻的功效，下列何者最不適宜？
(A)止嘔 (B)止痛 (C)止瀉 (D)止痙",D,110-中醫基礎醫學（二）（包括中醫方劑學、中醫藥物學）.csv,
73,"古籍中鉤藤常與羚羊角相須為用，用於治療下列何者？
(A)痘疹後，餘毒未清 (B)肺經血熱，咯血、吐血
(C)肝膽濕熱所致的頭痛、目赤 (D)肝風內動、驚癇抽搐",D,110-中醫基礎醫學（二）（包括中醫方劑學、中醫藥物學）.csv,
74,"下列驅蟲藥物中，何種藥材受熱容易破壞有效成分？
(A)苦楝皮 (B)雷丸 (C)檳榔 (D)鶴蝨",B,110-中醫基礎醫學（二）（包括中醫方劑學、中醫藥物學）.csv,
75,"成熟果實的藥物，具止咳、開音、止渴藥效，下列何藥物最適宜？
(A)五倍子 (B)五味子 (C)烏梅 (D)訶子",D,110-中醫基礎醫學（二）（包括中醫方劑學、中醫藥物學）.csv,
76,"檳榔主治痰癖癥瘕，瘴癘瘧痢，且包含下列何者？
(A)蟲疥惡瘡 (B)腰膝冷痛 (C)水腫腳氣 (D)脾虛便溏",C,110-中醫基礎醫學（二）（包括中醫方劑學、中醫藥物學）.csv,
77,"有關藜蘆的敘述，下列何者最不適宜？
(A)研細末外用，可治疥癬禿瘡 (B)可以滅蝨、殺蚊蠅幼蟲
(C)善治寒痰 (D)治中風不語，可製丸以溫酒下",C,110-中醫基礎醫學（二）（包括中醫方劑學、中醫藥物學）.csv,
78,"下列何種藥物的植物，其嫩枝葉可做成蜀漆？
(A)鹽膚木 (B)常山 (C)乾漆 (D)五倍子",B,110-中醫基礎醫學（二）（包括中醫方劑學、中醫藥物學）.csv,
79,"下列何藥的來源是經由植物的枝幹或枝葉煎汁濃縮而成乾燥浸膏？
(A)血竭 (B)松香 (C)孩兒茶 (D)樟腦",C,110-中醫基礎醫學（二）（包括中醫方劑學、中醫藥物學）.csv,
80,"下列藥物製霜的目的，何者與其他三者不同？
(A)巴豆 (B)瓜蔞仁 (C)鹿角 (D)大風子",C,110-中醫基礎醫學（二）（包括中醫方劑學、中醫藥物學）.csv,
1,"關於馬王堆漢墓出土之兩部脈灸經的敘述，下列何者錯誤？
(A)兩部脈灸經只記載了十一條脈，和《靈樞．經脈》篇相比少了一條手厥陰經
(B)兩部脈灸經十一條脈的循行走向跟《黃帝內經》如環無端的規律基本上一致
(C)兩部脈灸經中看不出脈與臟腑間聯繫的必然性
(D)兩部脈灸經分別被命名為《足臂十一脈灸經》與《陰陽十一脈灸經》",B,111-中醫基礎醫學（一）（包括中醫醫學史、中醫基礎理論、內經、難經）.csv,
2,"關於古代醫者與其著作之搭配，下列何者錯誤？
(A)全元起著《內經訓解》 (B)陶弘景著《神農本草經》
(C)葛洪著《肘後備急方》 (D)王燾著《外臺秘要》",B,111-中醫基礎醫學（一）（包括中醫醫學史、中醫基礎理論、內經、難經）.csv,
3,"有關孫思邈的敘述，下列何者錯誤？
(A)用牛肝羊肝治夜盲症
(B)用粳米治腳氣
(C)用昆布、鹿的甲狀腺、羊的甲狀腺治療大脖子病
(D)用青蒿治瘧疾",D,111-中醫基礎醫學（一）（包括中醫醫學史、中醫基礎理論、內經、難經）.csv,
5,"下列何書是唐代重要醫經，自南宋亡國後散佚，直到五百餘年後，方由東瀛復出？
(A)《醫方類聚》 (B)《內經明堂》 (C)《太素》 (D)《黃帝三部鍼經》",C,111-中醫基礎醫學（一）（包括中醫醫學史、中醫基礎理論、內經、難經）.csv,
6,"張從正「攻邪論」的主要核心思想，下列何者正確？
(A)霧露雨雹冰為在天之邪 (B)洗法、熨法為「下」法
(C)按摩、導引屬於「吐」法 (D)酸苦甘辛鹹淡亦稱「人邪」",D,111-中醫基礎醫學（一）（包括中醫醫學史、中醫基礎理論、內經、難經）.csv,
7,"明、清時期醫家對於《傷寒論》有分錯簡重訂、維護舊論等派別，並有豐富的著作。下列《傷寒論》
相關著作，何者最早成書問世？
(A)錢璜《傷寒溯源集》 (B)陳修園《傷寒論淺注》
(C)尤怡《傷寒貫珠集》 (D)張志聰《傷寒論宗印》",D,111-中醫基礎醫學（一）（包括中醫醫學史、中醫基礎理論、內經、難經）.csv,
8,"下列何醫家率先歸納出溫病發展的衛氣營血等四階段？
(A)薛己 (B)吳鞠通 (C)吳又可 (D)葉天士",D,111-中醫基礎醫學（一）（包括中醫醫學史、中醫基礎理論、內經、難經）.csv,
9,"下列何者著有《外科傳薪集》提出「刀針有當用，有當不用，有不能不用之別，不能一概禁之」之近
代著名中醫醫家？
(A)張山雷 (B)馬培之 (C)朱沛文 (D)吳尚先",B,111-中醫基礎醫學（一）（包括中醫醫學史、中醫基礎理論、內經、難經）.csv,
10,"下列何醫家為臺灣漢醫第一號人物，著有《霍亂吊腳痧醫書》、《疙瘩瘟治法新編》等書。在西元1895
年臺北霍亂大流行時，診治活千餘人，而後臺灣鼠疫流行，亦加入鼠疫診療？
(A)陳恭炎 (B)許丕典 (C)姜佐景 (D)黃玉階",D,111-中醫基礎醫學（一）（包括中醫醫學史、中醫基礎理論、內經、難經）.csv,
11,"依《素問．四氣調神大論》原文，若違背四時陰陽，會產生相對的病症，下列何者錯誤？
(A)逆春氣則肝氣內變 (B)逆夏氣則心氣逆盛 (C)逆秋氣則肺氣焦滿 (D)逆冬氣則腎氣獨沉
代號：1101
頁次：6－2",B,111-中醫基礎醫學（一）（包括中醫醫學史、中醫基礎理論、內經、難經）.csv,
12,"《素問．陰陽應象大論》裡提出的陰陽清濁升降出入理論對後世的治療學提供了多種治療方法的依據，
下列治療方劑與《陰陽應象大論》內容的配合何者錯誤？
(A)益氣聰明湯與「清陽出上竅」 (B)大承氣湯與「濁陰歸六府」
(C)四逆散與「清陽實四肢」 (D)八正散與「濁陰出下竅」",C,111-中醫基礎醫學（一）（包括中醫醫學史、中醫基礎理論、內經、難經）.csv,
13,"依《素問．陰陽應象大論》，有關陰陽的敘述，下列何者錯誤？
(A)積陽為天 (B)陰靜陽躁 (C)陽生陰藏 (D)陽化氣",C,111-中醫基礎醫學（一）（包括中醫醫學史、中醫基礎理論、內經、難經）.csv,
14,"人體之陰陽氣消長運動，與自然界晝夜消長相應。依《素問．金匱真言論》，五臟六腑相應天地陰陽
之關係，下列敘述何者正確？
(A)合夜至雞鳴，陰中之陽也 (B)春病在陽，秋病在陰
(C)腹為陰，陰中之陽肝也 (D)腹為陰，陰中之至陰腎也",C,111-中醫基礎醫學（一）（包括中醫醫學史、中醫基礎理論、內經、難經）.csv,
15,"十二經各有五腧穴，陽經與陰經之井穴，其起始屬性，下列何者正確？
(A)陽井木，陰井木 (B)陰井金，陽井火 (C)陽井金，陰井水 (D)陰井木，陽井金",D,111-中醫基礎醫學（一）（包括中醫醫學史、中醫基礎理論、內經、難經）.csv,
16,"依《難經．第五十難》之內容，假令心病，傷寒得之為「微邪」，「微邪」之五行生克概念，下列何者
正確？
(A)從前來者 (B)從後來者 (C)從所勝來者 (D)從所不勝來者",C,111-中醫基礎醫學（一）（包括中醫醫學史、中醫基礎理論、內經、難經）.csv,
17,"《素問．陰陽離合論》三陰三陽開闔樞之內經原旨，下列何者正確？
(A)太陽為開、少陰為開 (B)太陽為開，太陰為闔
(C)少陽為樞，厥陰為闔 (D)陽明為闔，太陰為闔",C,111-中醫基礎醫學（一）（包括中醫醫學史、中醫基礎理論、內經、難經）.csv,
18,"《素問．陰陽別論》云：「二陽之病發心脾」。關於「二陽」之敘述，下列何者正確？
(A)足太陽膀胱，手太陽小腸 (B)足陽明胃，手陽明大腸
(C)足少陽膽，手少陽三焦 (D)手少陰心，足太陰脾",B,111-中醫基礎醫學（一）（包括中醫醫學史、中醫基礎理論、內經、難經）.csv,
19,"下列何者屬於《素問．上古天真論》「真人」的養生境界？
(A)逆從陰陽，分別四時 (B)積精全神，遊行天地之間
(C)形體不敝，精神不散 (D)呼吸精氣，獨立守神",D,111-中醫基礎醫學（一）（包括中醫醫學史、中醫基礎理論、內經、難經）.csv,
20,"高中學生櫻木打籃球扭傷足踝，一開始只有腫起來，直到第二天才明顯疼痛。依《素問．陰陽應象大
論》，先腫而後痛者，最有可能之病機敘述為何？
(A)氣傷形 (B)形傷痛 (C)氣傷腫 (D)形傷氣",D,111-中醫基礎醫學（一）（包括中醫醫學史、中醫基礎理論、內經、難經）.csv,
21,"關於津與液的生理與病證特點，依《靈樞．決氣》論述，下列何者錯誤？
(A)腠理發泄，汗出溱溱，是謂津
(B)穀入氣滿，淖澤注於骨，補益腦髓，皮膚潤澤，是謂液
(C)津脫者，耳聾，目不明
(D)液脫者，色夭，腦髓消，脛痠，耳數鳴",C,111-中醫基礎醫學（一）（包括中醫醫學史、中醫基礎理論、內經、難經）.csv,
22,"黃小姐49歲停經後被診為更年期症候群，隨之出現睡眠障礙，腦中不斷有思緒冒出，白天精神變差，
記憶力減退，並且容易煩悶，最後漸漸出現茶不思，飯不想等症狀。依據臟象學說分析其症狀發生之
機轉，下列敘述何者錯誤？
(A)依據《靈樞．天年》：「四十歲，肝氣始衰……」，黃小姐應伴隨有眼睛方面的困擾
(B)依據《靈樞．大惑論》可建議黃小姐按摩陰陽蹻脈以幫助睡眠
(C)因心腎不交而出現心煩、失眠、記憶力減退等情況
(D)因脾氣鬱結而影響運化功能，因而食慾降低",A,111-中醫基礎醫學（一）（包括中醫醫學史、中醫基礎理論、內經、難經）.csv,
23,"依《內經》敘述，有關宗營衛氣之生成、交會及作用，下列何者正確？
(A)營衛運行五十度而復大會的部位是手太陰肺經
(B)「貫心脈，行呼吸」與衛氣有關
(C)「溫分肉，而養關節，通腠理」與宗氣有關
(D)宗營衛皆由水穀精微所化生，於午時會合於手少陰經
代號：1101
頁次：6－3",A,111-中醫基礎醫學（一）（包括中醫醫學史、中醫基礎理論、內經、難經）.csv,
24,"《靈樞．本藏篇》提到人體的健康，必須保持各部生理的正常活動，尤其突出了血氣精神在人體的重
要性，下列敘述何者正確？
(A)寒溫和則五臟化穀，風痺不作，經脈通利，肢節得安矣
(B)衛氣和則精神專直，魂魄不散，悔怒不起，五藏不受邪矣
(C)血和則經脈流行，營覆陰陽，筋骨勁強，關節清利矣
(D)營氣和則分肉解利，皮膚調柔，腠理緻密矣",C,111-中醫基礎醫學（一）（包括中醫醫學史、中醫基礎理論、內經、難經）.csv,
25,"依據《素問．血氣形志》內容，六經的氣血有一定的規律性，下列敘述何者錯誤？
(A)太陽多血少氣 (B)少陰少血多氣 (C)太陰多氣少血 (D)厥陰少血少氣",D,111-中醫基礎醫學（一）（包括中醫醫學史、中醫基礎理論、內經、難經）.csv,
26,"依《內經》對於「關格」之描述，下列何者最不適宜？
(A)聚於胃，關於肺，使人多涕唾而面浮腫氣逆
(B)人迎與寸口俱盛四倍已上
(C)陰陽俱盛，不得相榮
(D)不能極於天地之精氣，則死矣",A,111-中醫基礎醫學（一）（包括中醫醫學史、中醫基礎理論、內經、難經）.csv,
27,"陳爺爺已82歲，近兩年常苦於說話多誤。依《靈樞．天年》此生理特點為下列何者？
(A)心氣衰 (B)脾氣衰 (C)腎氣衰 (D)肺氣衰",D,111-中醫基礎醫學（一）（包括中醫醫學史、中醫基礎理論、內經、難經）.csv,
28,"五臟虛實與神智症狀之關係，依《靈樞．本神》敘述，下列敘述何者錯誤？
(A)心氣實則笑不休 (B)心氣虛則驚 (C)肝氣虛則恐 (D)肝氣實則怒",B,111-中醫基礎醫學（一）（包括中醫醫學史、中醫基礎理論、內經、難經）.csv,
29,"依《靈樞．本輸》，下列何者有孤府之稱？
(A)心包 (B)三焦 (C)膽 (D)女子胞",B,111-中醫基礎醫學（一）（包括中醫醫學史、中醫基礎理論、內經、難經）.csv,
30,"依《類經．經絡類．二十三》注，「五榖入味，……，分為三隧」，此三隧之內容，下列何者錯誤？
(A)糟粕 (B)津液 (C)清濁 (D)宗氣",C,111-中醫基礎醫學（一）（包括中醫醫學史、中醫基礎理論、內經、難經）.csv,
31,"脾胃之藏象功能，下列何者錯誤？
(A)脾胃乃氣血生化之源 (B)脾胃後天之本
(C)脾胃倉廩之官，五味出焉 (D)胃主降濁，濁氣在下則生飱瀉",D,111-中醫基礎醫學（一）（包括中醫醫學史、中醫基礎理論、內經、難經）.csv,
32,"中焦如漚，漚之解釋，下列何者正確？
(A)如大海中之半島 (B)如雲海，海行雲氣者，天下也
(C)腐熟水穀之貌 (D)分三個不同隧道之行徑",C,111-中醫基礎醫學（一）（包括中醫醫學史、中醫基礎理論、內經、難經）.csv,
33,"依據中醫基本理論的內容，關於津液的敘述，下列何者錯誤？
(A)津液來自於水穀精微和水液 (B)液滲注於血脈，具有滋潤作用
(C)津布散於體表皮膚、肌肉、孔竅 (D)液性質較稠厚，津性質較清稀",B,111-中醫基礎醫學（一）（包括中醫醫學史、中醫基礎理論、內經、難經）.csv,
34,"中醫的診斷主要從四診「望聞問切」中推論體內臟腑的狀況，再予以處方治療。在門診時，可透過望
診觀察病人的顏面肢體判斷。如果你想了解脾的相關狀況，可以觀察顏面肢體的那一個部位？
(A)爪 (B)唇 (C)皮 (D)髮",B,111-中醫基礎醫學（一）（包括中醫醫學史、中醫基礎理論、內經、難經）.csv,
35,"依《靈樞．海論》中「四海之順逆」的內容，「飢不受穀食」是何者不足的表現？
(A)血海 (B)水穀之海 (C)髓海 (D)氣海",B,111-中醫基礎醫學（一）（包括中醫醫學史、中醫基礎理論、內經、難經）.csv,
36,"依《靈樞．經脈》中所述，各經脈所主的疾病各有不同，其中主「津液」，「血」，「液」等陰質有關的
經脈分別依次為何經脈？
(A)手陽明大腸經、足陽明胃經、手太陽小腸經
(B)足陽明胃經、足太陰脾經、足太陽膀胱經
(C)手陽明大腸經、足厥陰肝經、足太陽膀胱經
(D)足陽明胃經、足厥陰肝經、手太陽小腸經",A,111-中醫基礎醫學（一）（包括中醫醫學史、中醫基礎理論、內經、難經）.csv,
37,"依《靈樞．經脈》所述，大腸經的所生病，眼白的顏色，分泌物的狀態，痛的部位，及有沒有特殊不
順暢的地方，下列何者正確？
(A)大腸手陽明脈的所生病，眼白的顏色是黃的，口是乾的，流鼻水，出鼻血，咽喉腫痛，吞咽不利
(B)大腸手陽明脈的所生病，眼白的顏色是紅的，口是乾的，流口水，出目血，吭嗓腫痛，發音不利
(C)大腸手陽明脈的所生病，眼白的顏色是正常的，口是乾的，流眼淚，出牙血，鼻孔腫痛，呼吸不利
(D)大腸手陽明脈的所生病，眼白的顏色是白的，口是乾的，流汗水，胃出血，肛門腫痛，排便不利
代號：1101
頁次：6－4",A,111-中醫基礎醫學（一）（包括中醫醫學史、中醫基礎理論、內經、難經）.csv,
38,"迎隨補瀉法是針灸中最常用的補瀉法，依據《難經．七十九難》所示，若胃足陽明之經有疾，下列何
者正確？
(A)實瀉子穴為迎，用厲兌穴。虛補母穴為隨，用內庭穴
(B)實瀉母穴為迎，用內庭穴。虛補母穴為隨，用厲兌穴
(C)實瀉子穴為迎，用厲兌穴。虛補母穴為隨，用解谿穴
(D)實瀉母穴為迎，用解谿穴。虛補子穴為隨，用厲兌穴",C,111-中醫基礎醫學（一）（包括中醫醫學史、中醫基礎理論、內經、難經）.csv,
39,"依《靈樞．根結》所述，「奇邪離經，不可勝數，不知根結，五藏六府，折關敗樞，開闔而走，陰陽大
失，不可復取」，關於太陰經的根結及穴名，下列何者正確？
(A)太陰根於隱白，結於太倉 (B)太陰根於隱白，結於少商
(C)太陰根於湧泉，結於廉泉 (D)太陰根於湧泉，結於魚際",A,111-中醫基礎醫學（一）（包括中醫醫學史、中醫基礎理論、內經、難經）.csv,
40,"依《靈樞．經脈》，十二經脈循行內容中之描述有經過「缺盆」者，下列何者正確？①手太陰 ②手
陽明 ③足陽明 ④足太陰 ⑤手少陰 ⑥手太陽 ⑦足少陰 ⑧手少陽 ⑨足少陽
(A)①②③④⑤ (B)②③⑥⑧⑨ (C)②③④⑥⑦ (D)①②⑦⑧⑨",B,111-中醫基礎醫學（一）（包括中醫醫學史、中醫基礎理論、內經、難經）.csv,
41,"依《靈樞．經脈》，下列那一條經脈的所生病有「煩心、心痛，掌中熱」的症狀？
(A)手少陰心經 (B)足厥陰肝經 (C)足少陰腎經 (D)手厥陰心包經",D,111-中醫基礎醫學（一）（包括中醫醫學史、中醫基礎理論、內經、難經）.csv,
42,"依《靈樞．經脈》對於經脈的論述，下列經絡有幾條經絡經過目內眥？①手太陽小腸經 ②足少陽膽
經 ③手少陽三焦經 ④足太陽膀胱經
(A)1 (B)2 (C)3 (D)4",B,111-中醫基礎醫學（一）（包括中醫醫學史、中醫基礎理論、內經、難經）.csv,
43,"依《靈樞．衛氣》中十二經之標本部位，下列何者錯誤？
(A)足太陽之本，在兩絡命門 (B)足少陽之本，在竅陰之間
(C)足陽明之本，在厲兌 (D)手心主之本，在掌後兩筋之間二寸中",A,111-中醫基礎醫學（一）（包括中醫醫學史、中醫基礎理論、內經、難經）.csv,
44,"十二經脈之循行有到達「膻中」的經脈，為下列何者？
(A)足太陰脾經 (B)手少陽三焦 (C)手少陰心經 (D)足少陽膽經",B,111-中醫基礎醫學（一）（包括中醫醫學史、中醫基礎理論、內經、難經）.csv,
45,"依《靈樞．根結》足少陽根于竅陰，溜于丘墟，注于陽輔，下列敘述何者正確？
(A)入于天柱、外丘 (B)入于天容、外丘 (C)入于天柱、光明 (D)入于天容、光明",D,111-中醫基礎醫學（一）（包括中醫醫學史、中醫基礎理論、內經、難經）.csv,
46,"依《靈樞．根結》之內容，「太陽為開，陽明為闔，少陽為樞，故開折，則肉節瀆而暴病起矣。樞折，
即骨繇而不安于地。骨繇者，節緩而不收也」。下列敘述何者正確？
(A)骨繇者，取之少陽，視有餘不足 (B)骨繇者，取之太陽，視有餘不足
(C)骨繇者，取之陽明，視有餘不足 (D)骨繇者，取之少陰，視有餘不足",A,111-中醫基礎醫學（一）（包括中醫醫學史、中醫基礎理論、內經、難經）.csv,
47,"下列那兩條經脈循行其支脈都有經過心臟？
(A)手陽明大腸經，足厥陰肝經 (B)足太陽膀胱經，手太陽小腸經
(C)足太陰脾經，足少陰腎經 (D)足少陽膽經，手少陽三焦經",C,111-中醫基礎醫學（一）（包括中醫醫學史、中醫基礎理論、內經、難經）.csv,
48,"「面微有塵」及「面塵脫色」分別指下列那兩條經脈的是動病敘述？
(A)足陽明胃經及足太陰脾經 (B)足少陽膽經及足少陰腎經
(C)足少陽膽經及足厥陰肝經 (D)足厥陰肝經及足少陰腎經",C,111-中醫基礎醫學（一）（包括中醫醫學史、中醫基礎理論、內經、難經）.csv,
49,"患者喉嚨痛，除考慮十二正經之疾病外，依《難經》對奇經八脈之循行，應先考慮那條奇經八脈？
(A)陽蹻脈 (B)陰蹻脈 (C)陰維脈 (D)陽維脈",B,111-中醫基礎醫學（一）（包括中醫醫學史、中醫基礎理論、內經、難經）.csv,
50,"依《靈樞．經脈》，有關小腸手太陽之脈的敘述，下列何者錯誤？
(A)手的三條陽經循行皆有入缺盆
(B)小腸手太陽的循行部位有至目銳眥和目內眥
(C)是動則病嗌痛頷腫，不可以顧，肩似拔，臑似折
(D)盛者寸口大三倍於人迎，虛者寸口反小於人迎",D,111-中醫基礎醫學（一）（包括中醫醫學史、中醫基礎理論、內經、難經）.csv,
51,"依據《素問．生氣通天論》中關於「陽氣失常，受邪為病」的描述，下列何者正確？
(A)因於風，欲如運樞，起居如驚，神氣乃浮
(B)因於暑，汗、煩則喘喝（暍），靜則多言
(C)因如濕，首如裹，濕熱不攘，大筋弛長，小筋緛短
(D)因於火，為腫，體若燔炭，四維相代，陽氣乃竭
代號：1101
頁次：6－5",B,111-中醫基礎醫學（一）（包括中醫醫學史、中醫基礎理論、內經、難經）.csv,
52,"依據《素問．生氣通天論》，人受四時外邪之氣所造成的疾病，下列敘述何者錯誤？
(A)春傷於風，邪氣留連，乃為洞泄 (B)夏傷於暑，秋為痎瘧
(C)秋傷於燥，上逆而咳，發為痿厥 (D)冬傷於寒，春必溫病",C,111-中醫基礎醫學（一）（包括中醫醫學史、中醫基礎理論、內經、難經）.csv,
53,"據《靈樞．順氣一日分為四時》，關於刺有五變以主五輸，下列論述何者錯誤？
(A)色主春 (B)時主夏 (C)音主秋 (D)藏主冬",C,111-中醫基礎醫學（一）（包括中醫醫學史、中醫基礎理論、內經、難經）.csv,
54,"依《難經．五十五難》所言，將疾病以積聚分類，其特性敘述下列何者錯誤？
(A)積者，陽氣也 (B)聚者，六府所成
(C)積者，始發有常處，其痛不離其部 (D)聚者，始發無根本，其痛無常處",A,111-中醫基礎醫學（一）（包括中醫醫學史、中醫基礎理論、內經、難經）.csv,
55,"依《素問．六節藏象論》與《素問．四氣調神大論》論述「格陽」，「關陰」，「關格」，「內格」。其意義
正確為何？
(A)格陽：氣血盛於三陰，與三陽隔絕，陰陽不相交通
(B)關陰：氣血衰弱，三陰俱弱
(C)關格：陰陽俱弱，關為溲不得通，格為便不得通
(D)內格：人體內在機能活動與外在環境的陰陽變化相格拒",D,111-中醫基礎醫學（一）（包括中醫醫學史、中醫基礎理論、內經、難經）.csv,
56,"依《靈樞．五變》論述，「善病腸中積聚」，會有何種的徵候？
(A)五藏皆柔弱 (B)小骨弱肉者
(C)粗理而肉不堅者 (D)皮膚薄而不澤",D,111-中醫基礎醫學（一）（包括中醫醫學史、中醫基礎理論、內經、難經）.csv,
57,"新手父母因為長時間的疲勞，又加上白天需要工作，夜間又常常被新生兒吵醒，影響食慾，脾胃運化
無力，口乾舌燥。依《素問．調經論》，此病機應為何者？
(A)陽虛外寒 (B)陰虛內熱 (C)陽盛外熱 (D)陰盛內寒",B,111-中醫基礎醫學（一）（包括中醫醫學史、中醫基礎理論、內經、難經）.csv,
58,"《靈樞．賊風》談到有關情志致病的原因，是由於「兩氣相搏」，此處所指「兩氣」，下列何者最適宜？
(A)故邪與新志 (B)冬傷於寒，春傷風溫
(C)白天發怒，夜夢又喜 (D)惡血與濕氣",A,111-中醫基礎醫學（一）（包括中醫醫學史、中醫基礎理論、內經、難經）.csv,
59,"有關中醫人體生理學的理論，下列何者錯誤？
(A)髮為血之餘 (B)齒為骨之餘 (C)血為脈之餘 (D)爪為筋之餘",C,111-中醫基礎醫學（一）（包括中醫醫學史、中醫基礎理論、內經、難經）.csv,
60,"《素問．調經論》中關於「陰之生虛」所產生的症候，是下列何者？
(A)喜怒不節，則陰氣上逆 (B)上逆則下虛，下虛則陽氣走之
(C)外堅充滿，不可按之，按之則痛 (D)喜則氣下，悲則氣消，消則脈虛空",D,111-中醫基礎醫學（一）（包括中醫醫學史、中醫基礎理論、內經、難經）.csv,
61,"王奶奶因病長期臥床，依《靈樞．九針論》五勞敘述，易傷下列何者？
(A)血 (B)氣 (C)肉 (D)骨",B,111-中醫基礎醫學（一）（包括中醫醫學史、中醫基礎理論、內經、難經）.csv,
62,"張小姐突然表現下列症狀：身熱、時惡寒、頭痛、背寒、面垢、自汗、煩躁、大渴、口乾、倦怠、身
不痛，診得弱脈，最可能的病因為何？
(A)風 (B)寒 (C)暑 (D)濕",C,111-中醫基礎醫學（一）（包括中醫醫學史、中醫基礎理論、內經、難經）.csv,
63,"有關氣的異常病機敘述，下列何者與氣閉最不相關？
(A)強烈疼痛刺激 (B)巨大精神創傷 (C)濁邪外阻四肢 (D)素體虛弱久病",D,111-中醫基礎醫學（一）（包括中醫醫學史、中醫基礎理論、內經、難經）.csv,
64,"依《素問．至真要大論》所論，「諸寒收引」與下列何者相關？
(A)腎陽虛衰，溫煦氣化失職 (B)脾陽虛衰，運化功能失施
(C)寒凝肝經，筋脈失濡拘急 (D)肝經虛寒，疏瀉功能失調",A,111-中醫基礎醫學（一）（包括中醫醫學史、中醫基礎理論、內經、難經）.csv,
65,"有關《靈樞．經脈》中論足陽明胃經的虛實，下列何者正確？
(A)氣盛則身以前皆寒憟 (B)其有餘於胃，則氣上逆
(C)氣不足則身以前皆熱 (D)胃中寒則脹滿",D,111-中醫基礎醫學（一）（包括中醫醫學史、中醫基礎理論、內經、難經）.csv,
66,"小明少腹疼痛，溲短而膿血下痢。依《難經．五十七難》，論述五泄的特點，小明的泄瀉應為下列何
種類型？
(A)胃泄 (B)小腸泄 (C)大腸泄 (D)大瘕泄
代號：1101
頁次：6－6",B,111-中醫基礎醫學（一）（包括中醫醫學史、中醫基礎理論、內經、難經）.csv,
67,"小明很怕痛，很怕打針。依《靈樞．論痛》論述，下列何特質導致小明對針刺疼痛耐受力差？
(A)骨強 (B)筋弱 (C)肉堅 (D)皮厚",C,111-中醫基礎醫學（一）（包括中醫醫學史、中醫基礎理論、內經、難經）.csv,
68,"依《素問．風論》有關「風」引起病症的論述，下列敘述何者最適宜？
(A)腠理閉則熱 (B)熱則衰食飲 (C)寒則消肌肉 (D)風則不能食",A,111-中醫基礎醫學（一）（包括中醫醫學史、中醫基礎理論、內經、難經）.csv,
69,"根據《難經．十六難》中「面黑，善恐欠；臍下有動氣，按之牢若痛。逆氣，小腹急痛，泄如下重，
足脛寒而逆」，是下列何者？
(A)肝之內外證 (B)心之內外證 (C)脾之內外證 (D)腎之內外證",D,111-中醫基礎醫學（一）（包括中醫醫學史、中醫基礎理論、內經、難經）.csv,
70,"28歲王小姐至海邊吹風後出現身熱、目痛、鼻乾、不易入睡、胸脅痛、聽力下降。對於其病機之敘述
下列何者正確？
(A)邪入太陽少陰經 (B)邪入太陽陽明經 (C)邪入陽明少陽經 (D)邪入少陽厥陰經",C,111-中醫基礎醫學（一）（包括中醫醫學史、中醫基礎理論、內經、難經）.csv,
71,"某病患婚後二年未生育，平素精神憂鬱，易怒，胸悶喜嘆息，每次行經延後二週，量可，色紫黑有血
塊，經行腹痛拒按，經前小腹脹滿，乳房脹痛，伴隨月經來潮而發作，經後逐漸消失，舌質紫暗苔薄
白，脈沉弦澀。醫師診斷為氣滯血瘀。下列何者不是血瘀症狀？
(A)經血色紫黑有血塊 (B)經期腹痛拒按
(C)經前小腹脹滿 (D)舌質紫暗，脈澀",C,111-中醫基礎醫學（一）（包括中醫醫學史、中醫基礎理論、內經、難經）.csv,
72,"老王近半年體重突然下降10公斤，平時容易口渴，每天要喝3,000毫升的水，排尿約30次。詢問病史得
知經常交際應酬，每餐必喝冷飲，食慾好但是排便不暢（2～3天排便一次），大便乾結，舌紅舌苔黃，
醫師診斷為消渴病。依據《內經》，下列敘述何者最適宜？
(A)消渴病病機為「二陽結，謂之消」，指的是陽明跟少陽互結
(B)消渴病包括「風消」、「鬲消」、「肺消」、「心消」、「胃消」、「脾癉」、「消癉」等病證
(C)「消癉」屬於「下消」，主因腎之陰陽受損；「肺消」、「心消」皆屬於「上消」，病情相對輕微
(D)老王所患疾病屬於「脾癉」，治之以「蘭」",D,111-中醫基礎醫學（一）（包括中醫醫學史、中醫基礎理論、內經、難經）.csv,
73,"依《素問．舉痛論》，有關寒氣在不同病位產生疼痛的病症與治療，下列何者錯誤？
(A)寒氣客於脈外，則脈寒，脈寒則縮踡，縮踡則脈絀急，則外引小絡，故卒然而痛，得炅則痛立止
(B)寒氣客於經脈之中，與炅氣相薄，則脈滿，滿則痛而不可按也
(C)寒氣客於俠脊之脈，按之則熱氣至，熱氣至則痛止矣
(D)寒氣客於腸胃之閒，膜原之下，血不得散，小絡急引故痛，按之則血氣散，故按之痛止",C,111-中醫基礎醫學（一）（包括中醫醫學史、中醫基礎理論、內經、難經）.csv,
74,"依《素問．厥論》，有關「寒厥」的敘述，下列何者錯誤？
(A)陽氣衰於下 (B)寒從外來 (C)必從五指上於膝 (D)陰氣勝",B,111-中醫基礎醫學（一）（包括中醫醫學史、中醫基礎理論、內經、難經）.csv,
75,"依《素問．病能論》，有關胃脘癰的症狀與病機，下列敘述何者正確？
(A)若出現汗出如浴，惡風少氣，則為不治之病 (B)人迎脈沉細
(C)跗陽脈洪數 (D)熱聚於胃口而不行",D,111-中醫基礎醫學（一）（包括中醫醫學史、中醫基礎理論、內經、難經）.csv,
76,"依《素問．風論》，下列何種疾病並沒有表現出多汗之症狀？
(A)目風 (B)漏風 (C)首風 (D)泄風",A,111-中醫基礎醫學（一）（包括中醫醫學史、中醫基礎理論、內經、難經）.csv,
77,"患者夏日傷暑，大熱大汗大渴，其後乘涼，浴冷水，寒伏於內，繼續發展成寒瘧。依據《素問．瘧論》，
下列何者為此寒瘧之誘發條件？
(A)冬不藏精 (B)秋傷於風 (C)長夏傷燥 (D)先夏至病溫",B,111-中醫基礎醫學（一）（包括中醫醫學史、中醫基礎理論、內經、難經）.csv,
78,"患者主訴頭昏眩轉，耳鳴，下肢痠痛，看東西糢糊不清，倦怠無力，貪臥。依據《靈樞．海論》，此病
證下列何者最正確？
(A)氣海不足 (B)髓海不足 (C)血海不足 (D)水穀之海不足",B,111-中醫基礎醫學（一）（包括中醫醫學史、中醫基礎理論、內經、難經）.csv,
79,"依《靈樞．癰疽》，有關患者癰疽產生之機轉與預後之分析，下列何者正確？
(A)寒邪客於經絡之中則血泣，血泣則不通，不通則衛氣歸之，不得復反，故癰腫
(B)濕氣勝則腐肉，肉腐則為膿
(C)膿不瀉則爛筋，但筋爛嚴重，不至於傷骨與髓
(D)不會產生血枯空虛與筋骨肌肉不相榮，不會嚴重到藏傷而死矣",A,111-中醫基礎醫學（一）（包括中醫醫學史、中醫基礎理論、內經、難經）.csv,
80,"依《素問．奇病論》，引起口苦的病機為何？
(A)皆與大腸有關 (B)謀慮不決，則肝氣鬱而膽氣虛，膽之虛氣上溢
(C)多食肥甘之物，中滿內熱，故胃氣上逆 (D)病名為「脾癉」",B,111-中醫基礎醫學（一）（包括中醫醫學史、中醫基礎理論、內經、難經）.csv,
1,"下列那個藥物在所屬方劑中為反佐藥？
(A)《太平惠民和劑局方》參蘇飲中的人參 (B)《醫方集解》龍膽瀉肝湯中的生地黃
(C)《丹溪心法》虎潛丸中的黃柏 (D)《丹溪心法》左金丸中的吳茱萸",D,111-中醫基礎醫學（二）（包括中醫方劑學、中醫藥物學）.csv,
2,"關於清代程鍾齡提出之治病八法，下列敘述何者錯誤？
(A)所謂八法即：汗法、吐法、下法、利法、溫法、清法、消法、補法
(B)麻疹初起，疹點隱而不透可以汗法治療
(C)下法是通過蕩滌腸胃，瀉出腸中積滯，使宿食、冷積、瘀血、結痰、停水等從下竅而出
(D)清法治療溫病後期應避免純用苦寒直折之法治療",A,111-中醫基礎醫學（二）（包括中醫方劑學、中醫藥物學）.csv,
3,"45歲男性患者，平素痰多。昨日受寒後今晨起出現發燒，體溫為攝氏37.8度，並伴有鼻塞聲重、咳嗽
痰多、微惡寒、無汗諸症，未見煩躁及口渴，二便調，納可。兩寸浮微緊略數，舌淡紅苔薄白，下列
那個湯劑處方最適宜？
(A)桂枝三錢，芍藥三錢，炙甘草兩錢，生薑三錢，大棗六枚
(B)麻黃三錢，杏仁三錢，炙甘草兩錢，桂枝三錢，白朮四錢
(C)麻黃二錢，杏仁二錢，桑白皮二錢，紫蘇子二錢，赤茯苓二錢，陳皮二錢，炙甘草一錢
(D)蘇葉二錢，半夏二錢，茯苓二錢，前胡二錢，桔梗二錢，枳殼二錢，炙甘草一錢，生薑一錢，杏仁
二錢，大棗二枚",C,111-中醫基礎醫學（二）（包括中醫方劑學、中醫藥物學）.csv,
4,"一位72歲男性，三週前因肺部感染住院治療，經兩週治療後，現已無發燒。但出現大便乾結難解，腹
脹滿，口乾咽燥，舌紅苔黃，脈細數有力，下列處方何者最適宜？
(A)麻子仁五錢，白芍二錢半，枳實二錢半，大黃五錢，厚朴二錢半，杏仁二錢半
(B)生地黃五錢，生甘草二錢，人參一錢五分，生大黃三錢，芒硝一錢，玄參五錢，麥門冬五錢，當歸
一錢五分，海參二條，薑汁六匙
(C)玄參一兩，麥門冬八錢，生地黃八錢，大黃三錢，芒硝一錢五分
(D)大黃三錢，芒硝三錢，枳實三錢，厚朴三錢，甘草一錢，人參二錢，當歸三錢，生薑二錢，大棗二
枚，桔梗一錢",C,111-中醫基礎醫學（二）（包括中醫方劑學、中醫藥物學）.csv,
5,"有關《景岳全書》濟川煎之功用，下列何者最適宜？
(A)清營透熱，養陰活血 (B)清心養陰，利水通淋
(C)益氣健脾，養血安胎 (D)溫腎益精，潤腸通便",D,111-中醫基礎醫學（二）（包括中醫方劑學、中醫藥物學）.csv,
6,"38歲男性患者，咳嗽伴有胸脇痛，呼吸困難，頭痛，大便每日一解偏乾，苔滑，脈沉弦，X光檢查發
現左側胸腔積水。宜治以下列何者所組成的方藥？
(A)大黃、芒硝、甘遂
(B)甘遂、大戟、芫花、紅棗
(C)大黃、芒硝、甘草
(D)黑丑、甘遂、芫花、大戟、大黃、青皮、陳皮、檳榔",B,111-中醫基礎醫學（二）（包括中醫方劑學、中醫藥物學）.csv,
7,"關於《太平惠民和劑局方》四物湯之敘述，下列何者最適宜？
(A)加人參、黃耆主治妊娠胎漏
(B)可治月經不調、臍腹疼痛之症
(C)加阿膠、艾葉為完整《金匱要略》芎歸膠艾湯
(D)《金匱要略》溫經湯之組成包含完整四物湯
代號：2101
頁次：6－2",B,111-中醫基礎醫學（二）（包括中醫方劑學、中醫藥物學）.csv,
8,"關於《內外傷辨惑論》當歸補血湯之敘述，下列何者正確？①當歸與黃耆用量之比率為當歸5：黃耆1
②由勞倦內傷，氣血不足，浮陽外越所致 ③證見肌熱面赤，口乾不欲飲水 ④可治產後血虛發熱頭
痛 ⑤脈洪大而虛
(A)①②③ (B)①④⑤ (C)②③④ (D)②④⑤",D,111-中醫基礎醫學（二）（包括中醫方劑學、中醫藥物學）.csv,
9,"下列各方劑之敘述，正確的有幾項？①《小兒藥證直訣》六味地黃丸主治肝腎陰虧，虛火上炎之證 ②
《醫級》八仙長壽丸主治肺腎陰虛，咳嗽喘逆之證 ③《傷寒論》炙甘草湯可主治肺痿咳嗽，痰少帶
血之證 ④《慎齋遺書》百合固金湯方中之沙參助二地滋陰潤肺止咳
(A)1 (B)2 (C)3 (D)4",C,111-中醫基礎醫學（二）（包括中醫方劑學、中醫藥物學）.csv,
10,"關於《金匱要略》腎氣丸之敘述，下列何者最不適宜？
(A)桂枝、附子用量重，其意在於溫腎補火 (B)加鹿茸、五味子為《濟生》十補丸
(C)主治腎陽不足，腰痛腳軟外，尚可治痰飲 (D)若晚上頻尿者，可加五味子",A,111-中醫基礎醫學（二）（包括中醫方劑學、中醫藥物學）.csv,
11,"《景岳全書》之方劑組成，下列何者最適宜？
(A)右歸丸：熟地、山藥、山茱萸、枸杞、菟絲子、鹿角膠、龜板膠、杜仲、肉桂、附子
(B)左歸丸：熟地、山藥、山茱萸、枸杞、菟絲子、鹿角膠、當歸、牛膝
(C)右歸飲：熟地、山藥、山茱萸、枸杞、杜仲、炙甘草、肉桂、附子
(D)左歸飲：熟地、山藥、山茱萸、枸杞、牛膝、茯苓、炙甘草",C,111-中醫基礎醫學（二）（包括中醫方劑學、中醫藥物學）.csv,
12,"《溫病條辨》清營湯之組成中，下列那一組藥皆入心，為方中使藥？
(A)竹葉、梔子、羚羊角 (B)天麻、丹參、鉤藤
(C)犀角、連翹、黃連 (D)丹參、黃連、竹葉",D,111-中醫基礎醫學（二）（包括中醫方劑學、中醫藥物學）.csv,
13,"下列何種情況最不宜使用解表法治療？
(A)腰以上水腫 (B)麻疹初起且有惡寒發熱
(C)頭身疼痛 (D)完穀不化",D,111-中醫基礎醫學（二）（包括中醫方劑學、中醫藥物學）.csv,
14,"關於《傷寒論》理中丸的臨床應用時機，下列何者錯誤？
(A)主治中焦虛寒，自利，或嘔吐腹痛
(B)亦治小兒急驚，真寒假熱者
(C)飲食不節，或暴受風寒所致之吐利，亦可以本方治療
(D)亦治胸痹證，由中焦虛寒所致者",B,111-中醫基礎醫學（二）（包括中醫方劑學、中醫藥物學）.csv,
15,"在下列那一個清熱方劑的組成藥物中沒有生地？
(A)《蘭室秘藏》當歸六黃湯 (B)《景岳全書》玉女煎
(C)《小兒藥證直訣》導赤散 (D)《溫病條辨》青蒿鱉甲湯",B,111-中醫基礎醫學（二）（包括中醫方劑學、中醫藥物學）.csv,
16,"關於肺虛久咳，病人的治療用藥選擇，下列那一組藥物最少被考慮？
(A)人參、蛤蚧 (B)阿膠、五味子 (C)赤石脂、乾薑 (D)款冬、貝母",C,111-中醫基礎醫學（二）（包括中醫方劑學、中醫藥物學）.csv,
17,"《外臺秘要引崔氏方》黃連解毒湯主治熱毒充斥三焦之證，有關其組方加減與臨床應用原則，下列何
者最不適宜？
(A)瀉火必先瀉心，故本方以黃連直解心經火毒為主藥
(B)熱毒壅盛，若上擾神明，則證見煩躁，錯語，失眠
(C)熱毒壅於肌肉，則可見癰疽、疔毒
(D)本方去黃柏、梔子，再加半夏、炙甘草、大棗、生薑，即是《傷寒論》半夏瀉心湯",D,111-中醫基礎醫學（二）（包括中醫方劑學、中醫藥物學）.csv,
18,"63歲吳先生，多年咳嗽不癒，經西醫檢查疑似感染肺結核。經以西藥控制，症狀穩定；但患者自訴容
易疲倦，體力明顯減退，肌肉消瘦，來診時面頰兩顴泛紅，食慾不振，午後身體容易發熱，夜眠盜汗，
舌苔少舌質光紅，脈來細數無力。經使用《衛生寶鑑》秦艽鱉甲散治療，諸證改善。下列敘述何者錯誤？
(A)本方用治風勞證
(B)本方功效為滋陰養血，清熱除蒸
(C)方中以鱉甲：滋陰潛陽，退熱除蒸；配當歸和血；知母滋陰降火；烏梅：生津清熱，斂陰止汗
(D)方中以秦艽：祛風透邪，清退虛熱；配青蒿：清熱除蒸，透邪外出；桑白皮：清肺涼血，退蒸熱；
柴胡以透邪解熱
代號：2101
頁次：6－3",D,111-中醫基礎醫學（二）（包括中醫方劑學、中醫藥物學）.csv,
19,"50歲丁女士，主訴兩側胸脇悶痛已二個月，望之面黃少華，體格中等，問之近半年來月經來的頻率漸
漸稀少，現約三個月一行，三餐尚規則，但食慾稍減退，尤其是工作壓力大時易感頭痛，伴隨右乳房
脹不舒，排便順暢日一行。睡眠偶多夢，舌苔薄白潤舌質稍紅，脈沉細，兩關帶弦，若以中醫辨證論
治原則，下列處方何者最適宜？
(A)柴胡，枳實，赤芍，炙甘草
(B)炒白朮，廣陳皮，炒白芍，防風
(C)柴胡，炒白芍，當歸，炒白朮，炙甘草，薄荷，煨薑，茯苓
(D)人參，炒白朮，茯苓，炙甘草，柴胡，炒白芍",C,111-中醫基礎醫學（二）（包括中醫方劑學、中醫藥物學）.csv,
20,"64歲女性病患，1月10日來院門診，前至合歡山賞雪，回來後覺胸悶不舒，至西醫檢查無異狀，處方
以肌肉鬆弛劑及鎮痛消炎藥，效不佳，故尋求中醫治療來院求診。證見胸悶痛，嚴重時會連至背痛，
苔白膩，舌淡紅，脈沉弦。下列何方劑治療最適宜？
(A)《景岳全書》柴胡疏肝散
(B)《素問病機氣宜保命集》金鈴子散
(C)《金匱要略》瓜蔞薤白白酒湯
(D)《醫學發明》天臺烏藥散",C,111-中醫基礎醫學（二）（包括中醫方劑學、中醫藥物學）.csv,
21,"關於《太平惠民和劑局方》蘇子降氣湯之敘述，下列何者最不適宜？
(A)組成含有當歸、炙甘草
(B)其病機為腎陽不足致不能納氣，氣機上逆，寒痰上泛
(C)以半夏、蘇子為主藥（君藥），降逆祛痰止咳
(D)以肉桂溫補下元",C,111-中醫基礎醫學（二）（包括中醫方劑學、中醫藥物學）.csv,
22,"下列何者為《丹溪心法》咳血方中的組成？
(A)瓜蔞仁、訶子 (B)瓜蔞根、訶子 (C)瓜蔞仁、黃連 (D)瓜蔞根、黃連",A,111-中醫基礎醫學（二）（包括中醫方劑學、中醫藥物學）.csv,
23,"《傷寒論》桃核承氣湯，下列敘述何者最不適宜？
(A)可治少腹急結，小便自利，脈沉實之證
(B)可治下焦蓄血，譫語煩躁
(C)方中桃仁、紅花破血祛瘀
(D)若治少腹急結，至夜發熱，小便自利，脈沉澀，乃因血行不暢、瘀熱互結",C,111-中醫基礎醫學（二）（包括中醫方劑學、中醫藥物學）.csv,
24,"《金匱要略》半夏厚朴湯、《症因脈治》丁香柿蒂散、《傷寒論》旋覆代赭石湯之比較，下列何者最不
適宜？
(A)三方皆有胃氣虛之證
(B)丁香柿蒂散以人參益氣補虛；旋覆代赭石湯則以人參、大棗、甘草益氣扶正，和中補虛
(C)三方中皆有生薑
(D)半夏厚朴湯與旋覆代赭石湯二方皆有半夏",A,111-中醫基礎醫學（二）（包括中醫方劑學、中醫藥物學）.csv,
25,"下列何藥不包含在《十藥神書》十灰散的組成中？
(A)蒲黃 (B)梔子 (C)大黃 (D)荷葉",A,111-中醫基礎醫學（二）（包括中醫方劑學、中醫藥物學）.csv,
26,"《醫學發明》天台烏藥散與《景岳全書》暖肝煎的藥物組成，相同的藥物有幾個？
(A)1 (B)2 (C)3 (D)4",B,111-中醫基礎醫學（二）（包括中醫方劑學、中醫藥物學）.csv,
27,"關於《醫門法律》清燥救肺湯與《金匱要略》麥門冬湯比較，下列敘述何者錯誤？
(A)兩方組成中均有麥門冬、人參、甘草
(B)清燥救肺湯之功用為清燥潤肺；麥門冬湯則為滋養肺胃，降逆和中
(C)清燥救肺湯中的桑葉有清宣肺燥之用；麥門冬湯中的半夏有降逆化痰的作用
(D)清燥救肺湯主要用於治療虛熱肺萎；麥門冬湯則主要用於治療虛勞乾咳",D,111-中醫基礎醫學（二）（包括中醫方劑學、中醫藥物學）.csv,
28,"小陳是25歲的男性。盛暑之際，喜飲貪涼，而出現了如下症狀：頭痛，輕微發熱惡寒，脘腹脹滿，嘔
吐泄瀉。候其脈見浮細而軟，望舌則見舌淡紅苔白微膩。下列處方何者最適宜？
(A)《溫熱經緯》清暑益氣湯 (B)《太平惠民和劑局方》藿香正氣散
(C)《溫病條辨》三仁湯 (D)《內外傷辨惑論》羌活勝濕湯",B,111-中醫基礎醫學（二）（包括中醫方劑學、中醫藥物學）.csv,
29,"《和劑局方》八正散與《溫熱經緯》甘露消毒丹的組成中皆有下列何藥？
(A)甘草 (B)梔子 (C)滑石 (D)車前子
代號：2101
頁次：6－4",C,111-中醫基礎醫學（二）（包括中醫方劑學、中醫藥物學）.csv,
30,"有關《溫病條辨》杏蘇散的敘述，下列共幾項正確？①主治外感溫燥證 ②本方乃《和劑局方》參蘇
飲去人參、葛根、木香加杏仁而成 ③方中桔梗、枳殼，一升一降，助杏仁宣利肺氣 ④方中含《和
劑局方》二陳湯以燥濕化痰止咳 ⑤忌生冷、油膩、辛辣、烤炸食物
(A)5 (B)4 (C)3 (D)2",B,111-中醫基礎醫學（二）（包括中醫方劑學、中醫藥物學）.csv,
31,"下列滋陰潤燥方劑之組成皆含有「玄參、麥門冬、生地黃」，何者除外？
(A)《重樓玉鑰》養陰清肺湯 (B)《慎齋遺書》百合固金湯
(C)《金匱要略》麥門冬湯 (D)《溫病條辨》增液湯",C,111-中醫基礎醫學（二）（包括中醫方劑學、中醫藥物學）.csv,
32,"臨診時以眩暈、頭痛、失眠、舌紅苔黃、脈弦數為方證，下列何者為其主藥？
(A)天麻、鉤藤 (B)夜交藤、茯神 (C)黃芩、梔子 (D)石決明、牛膝",A,111-中醫基礎醫學（二）（包括中醫方劑學、中醫藥物學）.csv,
33,"方劑的藥物組成中含有川芎、防風和羌活者，下列共幾項正確？①《傷寒六書》再造散 ②《和劑局
方》川芎茶調散 ③《備急千金要方》獨活寄生湯 ④《此事難知引張元素方》九味羌活湯
(A)1 (B)2 (C)3 (D)4",C,111-中醫基礎醫學（二）（包括中醫方劑學、中醫藥物學）.csv,
34,"66歲患者，求診主訴為咳嗽氣逆，胸悶，食欲不佳，痰多，胃納不佳，舌苔厚白膩，脈滑有力，治以
下列何組成最適宜？
(A)瓜蔞、貝母、桔梗、黃芩、梔子、陳皮、桑白皮、麥冬、知母、茯苓、甘草
(B)桔梗、甘草、梔子、黃芩、連翹、薄荷
(C)白芥子、蘇子、萊菔子
(D)貝母、玄參、牡蠣",C,111-中醫基礎醫學（二）（包括中醫方劑學、中醫藥物學）.csv,
35,"關於《醫學心悟》止嗽散，下列敘述何者錯誤？
(A)辨證為風邪犯肺，導因於外感風邪犯肺，肺失清肅，雖經發汗解表，但仍見咽癢咳嗽
(B)組成為：紫菀、百部、桔梗、陳皮、荊芥、白前、甘草、生薑
(C)陰虛勞嗽和肺熱咳嗽仍可使用
(D)無表邪，僅存內傷咳嗽者，可去荊芥",C,111-中醫基礎醫學（二）（包括中醫方劑學、中醫藥物學）.csv,
36,"關於《溫病條辨》新加香薷飲，下列敘述何者錯誤？
(A)組成為香薷、銀花、鮮扁豆花、厚朴、連翹
(B)功用為祛暑解表，清熱化濕，滋陰益氣
(C)身熱盛，可考慮加石膏以清熱
(D)以惡寒無汗，口渴，面赤，舌苔白膩為運用主證",B,111-中醫基礎醫學（二）（包括中醫方劑學、中醫藥物學）.csv,
37,"《醫宗金鑒．外科心法要訣》五味消毒飲之組成，下列何者最不適宜？
(A)金銀花 (B)野菊花 (C)紫草 (D)紫背天葵",C,111-中醫基礎醫學（二）（包括中醫方劑學、中醫藥物學）.csv,
38,"臨診時以咳嗽痰多，色白易咯，脘悶納差，噁心嘔吐，舌苔白滑或膩為主證，其組方時以下列何者為
主（君）藥？
(A)茯苓 (B)製半夏 (C)苡仁 (D)竹茹",B,111-中醫基礎醫學（二）（包括中醫方劑學、中醫藥物學）.csv,
39,"《醫方考》清氣化痰丸是以下列何種原料泛成丸劑的？
(A)水 (B)醋 (C)蜂蜜 (D)薑汁",D,111-中醫基礎醫學（二）（包括中醫方劑學、中醫藥物學）.csv,
40,"有關《醫方考》指迷茯苓丸之敘述，下列何者最適宜？
(A)其組成有茯苓、半夏、枳殼、風化硝
(B)主治風邪上攻、氣血兩虛、阻滯兩臂經絡
(C)此方乃以茯苓為主藥；枳殼寬胸行氣為輔藥
(D)棗肉糊為丸，鹽湯下",A,111-中醫基礎醫學（二）（包括中醫方劑學、中醫藥物學）.csv,
41,"關於細辛主治應用，下列敘述何者最不適宜？
(A)《本經》列為上品，研末服，毒性較小，用量無顧慮
(B)肺寒咳喘，痰多清稀
(C)口舌生瘡，胃火牙痛，與他藥同用
(D)頭痛，風濕痹痛，鼻淵常流清涕",A,111-中醫基礎醫學（二）（包括中醫方劑學、中醫藥物學）.csv,
42,"下列何者非《臺灣中藥典》收載之毒劇中藥？
(A)生附子 (B)生巴豆 (C)生白附子 (D)薑半夏
代號：2101
頁次：6－5",D,111-中醫基礎醫學（二）（包括中醫方劑學、中醫藥物學）.csv,
43,"能祛風勝濕兼有止痛解痙的作用，下列何藥物最適宜？
(A)紫蘇、荊芥 (B)香薷、生薑 (C)白芷、藁本 (D)蒼耳子、辛夷",C,111-中醫基礎醫學（二）（包括中醫方劑學、中醫藥物學）.csv,
44,"能發散風寒濕邪而解表，適用於腰腿疼痛，兩足痿痹，下列何藥物最適宜？
(A)秦艽 (B)獨活 (C)威靈仙 (D)防風",B,111-中醫基礎醫學（二）（包括中醫方劑學、中醫藥物學）.csv,
45,"有關秦艽主治，下列敘述何者最適宜？
(A)口噤牙痛，濕勝風淫 (B)久痛虛羸，下部虛寒
(C)濕熱黃疸，溲多便滑 (D)脾虛便溏，小便不禁",A,111-中醫基礎醫學（二）（包括中醫方劑學、中醫藥物學）.csv,
46,"用於止嘔，下列何者最不適宜？
(A)草豆蔻 (B)砂仁 (C)吳茱萸 (D)茯苓",D,111-中醫基礎醫學（二）（包括中醫方劑學、中醫藥物學）.csv,
47,"肺熱咳嗽痰多，小便短數、熱赤澀痛，下列何者最適宜？
(A)海金沙 (B)通草 (C)石韋 (D)葫蘆",C,111-中醫基礎醫學（二）（包括中醫方劑學、中醫藥物學）.csv,
48,"下列祛風濕強筋骨藥物中，何者最適宜用於胎漏下血等證？
(A)桑寄生 (B)五加皮 (C)豨薟草 (D)千年健",A,111-中醫基礎醫學（二）（包括中醫方劑學、中醫藥物學）.csv,
49,"用於「行氣止痛，引心包相火下行，亦能入肝舒筋，且能殺蟲」，下列何藥最適宜？
(A)細辛 (B)川楝子 (C)附子 (D)烏藥",B,111-中醫基礎醫學（二）（包括中醫方劑學、中醫藥物學）.csv,
50,"枳實的功效，下列何者最適宜？
(A)溫中散寒，順氣止痛 (B)破氣消積，化痰除痞
(C)升提益氣，補脾益氣，消食化積 (D)舒肝理氣，溫補脾腎，和中化痰",B,111-中醫基礎醫學（二）（包括中醫方劑學、中醫藥物學）.csv,
51,"主治心煩，懊憹不眠，紫癜白癩，皰疹瘡瘍，下列何藥物最適宜？
(A)梔子 (B)黃芩 (C)丹皮 (D)黃柏",A,111-中醫基礎醫學（二）（包括中醫方劑學、中醫藥物學）.csv,
52,"玄參之禁忌，下列何者最適宜？
(A)溫、熱病，熱入營分者 (B)脾虛泄瀉者
(C)外感風熱引起之咽喉腫痛者 (D)陰虛火旺者",B,111-中醫基礎醫學（二）（包括中醫方劑學、中醫藥物學）.csv,
53,"主治傷寒，煩熱，蓐勞骨蒸，燥渴虛煩，下列何者最適宜？
(A)牡丹皮 (B)白芍 (C)荊芥 (D)知母",D,111-中醫基礎醫學（二）（包括中醫方劑學、中醫藥物學）.csv,
54,"具散熱解毒、補虛、療風、養血、止渴之功能、治癰疽疥癬、楊梅惡瘡、腸澼血痢、五種尸疰，下列
何藥物最適宜？
(A)蒲公英 (B)紫花地丁 (C)白頭翁 (D)金銀花",D,111-中醫基礎醫學（二）（包括中醫方劑學、中醫藥物學）.csv,
55,"有關瀉下藥之敘述，下列何者最不適宜？
(A)引起腹瀉或滑利大腸 (B)適用於裏虛證，使虛熱下泄
(C)作用峻者，於月經期應慎用或忌用 (D)此類藥易傷胃氣，奏效即止",B,111-中醫基礎醫學（二）（包括中醫方劑學、中醫藥物學）.csv,
56,"具有涼血止血，清熱利尿，清肺胃熱的功效，下列何藥物最適宜？
(A)白茅根 (B)蘆根 (C)冬瓜皮 (D)側柏葉",A,111-中醫基礎醫學（二）（包括中醫方劑學、中醫藥物學）.csv,
57,"用於治療脾不統血，衝脈不固之崩漏不止，常配伍益氣固澀之品以益氣健脾，固衝攝血，下列何藥物
最適宜？
(A)棕櫚炭 (B)荊芥炭 (C)五靈脂 (D)三七",A,111-中醫基礎醫學（二）（包括中醫方劑學、中醫藥物學）.csv,
58,"關於鬱金的描述，下列何者最適宜？
(A)活血止痛、行氣解鬱 (B)養血斂陰，柔肝止痛
(C)補血活血，調經止痛 (D)通陽散結、行氣導滯",A,111-中醫基礎醫學（二）（包括中醫方劑學、中醫藥物學）.csv,
59,"具有破血行氣，消積止痛的功效，下列何藥物最適宜？
(A)青皮 (B)鬱金 (C)烏藥 (D)三稜",D,111-中醫基礎醫學（二）（包括中醫方劑學、中醫藥物學）.csv,
60,"關於川芎的描述，下列何者最適宜？
(A)辛香行散，溫通血脈，乃氣中之血藥
(B)尤善「下行血海」，而「下調經水」，故為婦科活血調經之要藥
(C)具有通經，利尿的功效
(D)為良好的補血藥，能養血以安神，故適用於血虛引起的各種證候
代號：2101
頁次：6－6",B,111-中醫基礎醫學（二）（包括中醫方劑學、中醫藥物學）.csv,
61,"有關五加皮應用，下列何者最不適宜？
(A)久病體虛，水腫腳氣 (B)肌膚瘀血，筋骨拘攣
(C)陰痿囊濕，女子陰癢 (D)肝腎不足，陰虛火旺",D,111-中醫基礎醫學（二）（包括中醫方劑學、中醫藥物學）.csv,
62,"白朮的敘述，下列何者最適宜？
(A)陰虛內熱 (B)津液虧耗 (C)脾氣虛的胎動不安 (D)氣滯脹悶",C,111-中醫基礎醫學（二）（包括中醫方劑學、中醫藥物學）.csv,
63,"具有滋陰潤肺、鎮咳祛痰、益胃生津、清心除煩之功效，下列何者最適宜？
(A)五味子 (B)黃精 (C)玉竹 (D)麥門冬",D,111-中醫基礎醫學（二）（包括中醫方劑學、中醫藥物學）.csv,
64,"淫羊藿的敘述，下列何者最不適宜？
(A)溫肺定喘 (B)補腎壯陽 (C)強筋健骨 (D)祛風除濕",A,111-中醫基礎醫學（二）（包括中醫方劑學、中醫藥物學）.csv,
65,"補骨脂的敘述，下列何者最適宜？
(A)口乾舌燥 (B)陰虛火旺 (C)腰膝冷痛 (D)大便秘結",C,111-中醫基礎醫學（二）（包括中醫方劑學、中醫藥物學）.csv,
66,"菟絲子的敘述，下列何者最適宜？
(A)胎動不安 (B)陰虛火旺 (C)大便燥結 (D)小便短赤",A,111-中醫基礎醫學（二）（包括中醫方劑學、中醫藥物學）.csv,
67,"具有潤肺止咳、清心安神之功效，下列何者最適宜？
(A)沙參 (B)天冬 (C)石斛 (D)百合",D,111-中醫基礎醫學（二）（包括中醫方劑學、中醫藥物學）.csv,
68,"患者外傷骨折，抑鬱不眠，下列何藥最為適用？
(A)龍骨 (B)合歡皮 (C)遠志 (D)酸棗仁",B,111-中醫基礎醫學（二）（包括中醫方劑學、中醫藥物學）.csv,
69,"桔梗的敘述，下列何者最不適宜？
(A)不適用於陰虛，久咳氣逆、咳血 (B)對於胃病患者，慎服
(C)陰虛火旺，咳血，可配薄荷 (D)內服過量，會引起噁心嘔吐",C,111-中醫基礎醫學（二）（包括中醫方劑學、中醫藥物學）.csv,
70,"半夏為治濕痰的要藥，下列敘述何者最不適宜？
(A)生半夏多外用，消腫散結 (B)清半夏長於陰虛燥咳
(C)薑半夏偏於降逆止嘔 (D)法半夏善和胃燥濕",B,111-中醫基礎醫學（二）（包括中醫方劑學、中醫藥物學）.csv,
71,"凡以平肝潛陽或息風止痙，治療肝陽上亢或肝風內動病症為主要作用的藥物，稱為平肝息風藥，下列
敘述何者最適宜？
(A)平抑肝陽藥多為蟲類藥物
(B)息風止痙藥多為質重之介類或礦石類藥物
(C)此類藥中的動物甲殼、礦物藥質地堅硬，在煎藥時應打碎後下
(D)蟲類藥物有毒者，用量不宜過大，以免中毒",D,111-中醫基礎醫學（二）（包括中醫方劑學、中醫藥物學）.csv,
72,"草荳蔻的功效，下列何者最不適宜？
(A)止嘔 (B)止痛 (C)止瀉 (D)止痙",D,111-中醫基礎醫學（二）（包括中醫方劑學、中醫藥物學）.csv,
73,"古籍中鉤藤常與羚羊角相須為用，用於治療下列何者？
(A)痘疹後，餘毒未清 (B)肺經血熱，咯血、吐血
(C)肝膽濕熱所致的頭痛、目赤 (D)肝風內動、驚癇抽搐",D,111-中醫基礎醫學（二）（包括中醫方劑學、中醫藥物學）.csv,
74,"下列驅蟲藥物中，何種藥材受熱容易破壞有效成分？
(A)苦楝皮 (B)雷丸 (C)檳榔 (D)鶴蝨",B,111-中醫基礎醫學（二）（包括中醫方劑學、中醫藥物學）.csv,
75,"成熟果實的藥物，具止咳、開音、止渴藥效，下列何藥物最適宜？
(A)五倍子 (B)五味子 (C)烏梅 (D)訶子",D,111-中醫基礎醫學（二）（包括中醫方劑學、中醫藥物學）.csv,
76,"檳榔主治痰癖癥瘕，瘴癘瘧痢，且包含下列何者？
(A)蟲疥惡瘡 (B)腰膝冷痛 (C)水腫腳氣 (D)脾虛便溏",C,111-中醫基礎醫學（二）（包括中醫方劑學、中醫藥物學）.csv,
77,"有關藜蘆的敘述，下列何者最不適宜？
(A)研細末外用，可治疥癬禿瘡 (B)可以滅蝨、殺蚊蠅幼蟲
(C)善治寒痰 (D)治中風不語，可製丸以溫酒下",C,111-中醫基礎醫學（二）（包括中醫方劑學、中醫藥物學）.csv,
78,"下列何種藥物的植物，其嫩枝葉可做成蜀漆？
(A)鹽膚木 (B)常山 (C)乾漆 (D)五倍子",B,111-中醫基礎醫學（二）（包括中醫方劑學、中醫藥物學）.csv,
79,"下列何藥的來源是經由植物的枝幹或枝葉煎汁濃縮而成乾燥浸膏？
(A)血竭 (B)松香 (C)孩兒茶 (D)樟腦",C,111-中醫基礎醫學（二）（包括中醫方劑學、中醫藥物學）.csv,
80,"下列藥物製霜的目的，何者與其他三者不同？
(A)巴豆 (B)瓜蔞仁 (C)鹿角 (D)大風子",C,111-中醫基礎醫學（二）（包括中醫方劑學、中醫藥物學）.csv,
1,".關於《難經》之敘述，下列何者錯誤？
A.《史記．扁鵲倉公列傳》有「八十一難者，斯乃勃海秦越人所作也」之記載，後世據以認為扁鵲為《難經》
之作者
B.《漢書．藝文志》中對《難經》沒有著錄
C.《隋書．經籍志》正式著錄有《黃帝八十一難》二卷
D.隋唐史志認為《難經》其文當出三國前",A,112-中醫基礎醫學（一）（包括中醫醫學史、中醫基礎理論、內經、難經）.csv,
2,".關於王叔和之敘述，下列何者錯誤？
A.王叔和，名熙，為魏晉時代之醫家
B.王叔和之前的醫學著作中脈名繁多，王氏於《脈經》中將之整理歸納為24種脈象
C.一般認為現行《傷寒論》本之《辨脈法》、《平脈法》、《傷寒例》等篇為王叔和所增
D.一般認為對《傷寒論》提出「方證同條，比類相附」的整理方式始自王叔和",D,112-中醫基礎醫學（一）（包括中醫醫學史、中醫基礎理論、內經、難經）.csv,
3,".下列何者屬於政府編修與頒行之本草書籍？
A.陳藏器《本草拾遺》
B.韓保昇《蜀本草》
C.蘇敬《新修本草》
D.孟詵《食療本草》",C,112-中醫基礎醫學（一）（包括中醫醫學史、中醫基礎理論、內經、難經）.csv,
4,".宋代政府與民間醫家編著大批方書，下列何者非由官方所頒行的？
A.王兗《博濟方》
B.曹孝忠《聖濟總錄》
C.王懷隱《太平聖惠方》
D.賈黃中《雍熙神醫普救方》",A,112-中醫基礎醫學（一）（包括中醫醫學史、中醫基礎理論、內經、難經）.csv,
5,".章太炎曾於《傷寒論今釋．章序》記述：「……令仲景而在，其必曰吾道東矣。」日本醫家從江戶名醫吉益東
洞（1702～1773）開始，對於《傷寒論》多有發揮，特別是對於經方原論中，處方用藥分類的探討，提出許多
劃時代的見解及拓展應用範疇。吉益東洞與下列那位醫家大約同時代生卒、臨床著述一樣多產、且皆對《傷寒
論》打破條文次序，採取分門別類分析方藥？
A.葉天士
B.陳修園
C.黃玉階
D.徐大椿",D,112-中醫基礎醫學（一）（包括中醫醫學史、中醫基礎理論、內經、難經）.csv,
6,".有關南宋完成的方書與作者之配對，下列何者錯誤？
A.《普濟本事方》－許叔微
B.《世醫得效方》－王兗
C.《濟生方》－嚴用和
D.《仁齋直指方》－楊士瀛",B,112-中醫基礎醫學（一）（包括中醫醫學史、中醫基礎理論、內經、難經）.csv,
7,".下列何者不屬於張介賓《景岳全書》方藥八陣的分類？
A.因
B.固
C.汗
D.散",C,112-中醫基礎醫學（一）（包括中醫醫學史、中醫基礎理論、內經、難經）.csv,
8,".清朝皇帝曾罹患瘧疾，服用傳教士提供的藥物痊癒，下列何者為此藥物且被趙學敏收錄於《本草綱目拾遺》
中？
A.訶梨勒
B.曼陀羅花
C.蘇合香
D.金雞納皮",D,112-中醫基礎醫學（一）（包括中醫醫學史、中醫基礎理論、內經、難經）.csv,
9,".近百年的中國醫藥學，關於中西醫匯通之敘述，下列何者錯誤？
A.中西醫匯通思想淵源，可追溯至17世紀初期，徐光啟之著作中
B.近代最早提出中西醫匯通的醫家是張錫純
C.唐宗海認為中西醫學原理是相通的
D.唐宗海認為西洋剖視，只知層折、形迹，不知經脈、氣化",B,112-中醫基礎醫學（一）（包括中醫醫學史、中醫基礎理論、內經、難經）.csv,
10,".下列何人著有《胎產指南》，並提出胎產病治療大法：胎前以清熱補脾為主，產後專以大補氣血、兼行滯為
主？
A.潘蔚
B.單南山
C.時逸人
D.嚴鴻志",B,112-中醫基礎醫學（一）（包括中醫醫學史、中醫基礎理論、內經、難經）.csv,
11,".依《素問．陰陽應象大論》描述食物的氣味分陰陽，下列敘述何者正確？
A.陰味出上竅，陽氣出下竅
B.氣厚則發泄薄則發熱
C.味厚為陽，氣厚為陰
D.味厚則泄，薄則通",D,112-中醫基礎醫學（一）（包括中醫醫學史、中醫基礎理論、內經、難經）.csv,
12,".依《素問．六節藏象論》中說明五氣更立對人體的影響，下列敘述何者正確？
A.春勝冬
B.夏勝秋
C.長夏勝春
D.冬勝長夏",B,112-中醫基礎醫學（一）（包括中醫醫學史、中醫基礎理論、內經、難經）.csv,
13,".依《素問．五臟生成篇》，五臟間的制約情況，下列敘述何者錯誤？
A.心之合脈也，其榮色也，其主腎也
B.肺之合皮毛，其榮毛也，其主心也
C.脾之合肉也，其榮唇也，其主肺也
D.腎之合骨也，其榮髮也，其主脾也",C,112-中醫基礎醫學（一）（包括中醫醫學史、中醫基礎理論、內經、難經）.csv,
14,".《難經》「虛則補其母，實則瀉其子」，「見肝之病，……，先實脾氣」，是運用五行學說指導治療的體
現。依照五行治療原則與其生乘剋侮之規律，下列敘述何者正確？
A.「抑木扶土法」是用於「木反侮土」之證
B.「瀉木清金法」是用於「木火刑金」之證
C.「培土生金法」是用在「土虛金乘」之證
D.「壯水制火法」是用於「火旺乘水」之證",B,112-中醫基礎醫學（一）（包括中醫醫學史、中醫基礎理論、內經、難經）.csv,
15,".依《靈樞．營衛生會篇》中，三陰主內、三陽主外，其「內與外」又可再分屬其主，下列何者正確？
A.太陽主外，太陰主內
B.少陽主外，厥陰主內
C.陽明主外，厥陰主內
D.太陽主外，厥陰主內",A,112-中醫基礎醫學（一）（包括中醫醫學史、中醫基礎理論、內經、難經）.csv,
16,".《素問．至真大要論》說：「氣有從本者，有從標者，有不從標本者」，下列敘述何者正確？
A.太陽少陰從本
B.陽明厥陰不從標本從乎中
C.少陽太陰從標
D.少陽厥陰從標從本",B,112-中醫基礎醫學（一）（包括中醫醫學史、中醫基礎理論、內經、難經）.csv,
17,".下列何者不是《靈樞．本神》中智者的養生方法？
A.節陰陽而調剛柔
B.順四時而適寒暑
C.和喜怒而安居處
D.務快心而暢其欲",D,112-中醫基礎醫學（一）（包括中醫醫學史、中醫基礎理論、內經、難經）.csv,
18,".依《素問．生氣通天論》，有關四時之氣，更傷五臟之病理反應，下列敘述何者正確？
A.春傷於風，邪氣留連，乃為厥逆
B.夏傷於濕，乃生體痛
C.秋傷於濕，上逆而咳，發為痿厥
D.冬傷於寒，發為痎瘧",C,112-中醫基礎醫學（一）（包括中醫醫學史、中醫基礎理論、內經、難經）.csv,
19,".依《靈樞．順氣一日分為四時》，論述晝夜變化與疾病症狀嚴重程度的關係，下列何者正確？
A.朝則人氣始生，邪氣始生，故旦慧加
B.日中人氣長，正邪交爭，故煩張
C.夕則人氣始衰，病氣衰，故加
D.夜半人氣入臟，邪氣獨居於身，故甚也",D,112-中醫基礎醫學（一）（包括中醫醫學史、中醫基礎理論、內經、難經）.csv,
20,".一名乾癬性關節炎女性，過年時出差熬夜忙碌，寒流下雨時症狀沒有惡化，但春天回暖後關節開始紅腫熱
痛。她最可能違反《素問．四氣調神大論》的那一個養生原則？
A.冬三月，早臥晚起，與雞俱興，以使志生，以緩冬刑，收斂神氣
B.此冬氣之應，養藏之道也。逆之則傷肝，春為痿厥，奉生者少
C.逆冬氣，則少陰不生，腎氣獨浮，肝氣內變
D.秋冬養陰，以從其根",D,112-中醫基礎醫學（一）（包括中醫醫學史、中醫基礎理論、內經、難經）.csv,
21,".依《素問．經脈別論》之內容，津液的生成與那些臟腑有關？①胃 ②脾 ③肺 ④膀胱 ⑤小腸 ⑥大腸
A.①④⑤⑥
B.①②③④
C.②③⑤⑥
D.②④⑤⑥",B,112-中醫基礎醫學（一）（包括中醫醫學史、中醫基礎理論、內經、難經）.csv,
22,".人體器官接受到視覺、聽覺、味覺、觸覺……等刺激而反應的本能反射，依《靈樞．本神》篇的描述，與下
列何者最相關？
A.精
B.神
C.魂
D.魄",D,112-中醫基礎醫學（一）（包括中醫醫學史、中醫基礎理論、內經、難經）.csv,
23,".王奶奶常因細故與媳婦吵架，今日大吵暴怒後一時暈了過去，與下列何種病症較為符合？
A.《素問．厥論》，熱厥
B.《素問．厥論》，寒厥
C.《素問．生氣通天論》，煎厥
D.《素問．生氣通天論》，薄厥",D,112-中醫基礎醫學（一）（包括中醫醫學史、中醫基礎理論、內經、難經）.csv,
24,".依《靈樞．衛氣行》敘述，關於夜間衛氣入內後之運行次序，下列何者正確？
A.腎、心、肺、肝、脾
B.心、肺、肝、脾、腎
C.肺、肝、脾、腎、心
D.肝、脾、腎、心、肺",A,112-中醫基礎醫學（一）（包括中醫醫學史、中醫基礎理論、內經、難經）.csv,
25,".依《難經》有關命門之敘述，下列何者錯誤？
A.《難經．六十六難》原氣之別使
B.《難經．三十六難》神精之所舍
C.《難經．三十九難》右腎為命門
D.《難經．三十六難》女子以繫胞",A,112-中醫基礎醫學（一）（包括中醫醫學史、中醫基礎理論、內經、難經）.csv,
26,".五臟合於四時，依《素問．太陰陽明論》之內容，下列何臟「不得獨主於時也」？
A.肝
B.心
C.脾
D.腎",C,112-中醫基礎醫學（一）（包括中醫醫學史、中醫基礎理論、內經、難經）.csv,
27,".依《素問．經脈別論》中，關於食飲在身體之生理代謝功能，是透過下列那一臟腑散精而「上歸於肺，通調
水道，下輸膀胱」？
A.肝
B.脾
C.腎
D.心",B,112-中醫基礎醫學（一）（包括中醫醫學史、中醫基礎理論、內經、難經）.csv,
28,".五臟六腑，其功能有明顯不同，下列何者最錯誤？
A.五臟者實而不能滿
B.六腑者受五臟濁氣
C.五臟藏精氣而不瀉
D.六腑傳化物而不藏",A,112-中醫基礎醫學（一）（包括中醫醫學史、中醫基礎理論、內經、難經）.csv,
29,".有關營氣的敘述，下列何者錯誤？
A.營者，水穀之精氣也
B.血自營氣和津液生化而來
C.人受氣於穀，穀入於胃，其濁者為營
D.營行於脈中，衛行於脈外",C,112-中醫基礎醫學（一）（包括中醫醫學史、中醫基礎理論、內經、難經）.csv,
30,".72歲女性，眼皮下垂無力上抬，其症狀與下列那一個臟腑的功能較相關？
A.脾統血
B.脾主疏泄
C.脾主運化
D.脾主肌肉",D,112-中醫基礎醫學（一）（包括中醫醫學史、中醫基礎理論、內經、難經）.csv,
31,".43歲女性，主訴常感到胸悶並伴隨呼吸時吸氣短促、呼多吸少症狀。除了肺以外，與下列那個臟腑的病理最
相關？
A.肝
B.心
C.脾
D.腎",D,112-中醫基礎醫學（一）（包括中醫醫學史、中醫基礎理論、內經、難經）.csv,
32,".下列何者為氣血生化之源？
A.肝、膽
B.心、小腸
C.腎、膀胱
D.脾、胃",D,112-中醫基礎醫學（一）（包括中醫醫學史、中醫基礎理論、內經、難經）.csv,
33,".25歲女性，長期工作耗神忙碌，近日時常多夢驚悸，來門診時面色㿠白無光澤。依據《素問．五臟生成
論》，這與下列那個臟腑較相關？
A.肝
B.心
C.肺
D.腎",B,112-中醫基礎醫學（一）（包括中醫醫學史、中醫基礎理論、內經、難經）.csv,
34,".34歲女性，近日發現指甲變形、甚至脆裂。依據《素問．五臟生成論》內容，其症狀與下列那一個臟腑最相
關？
A.肝
B.心
C.脾
D.腎",A,112-中醫基礎醫學（一）（包括中醫醫學史、中醫基礎理論、內經、難經）.csv,
35,".某高中生因食物中毒而上吐下瀉三日，下列相關敘述何者正確？
A.為《靈樞．五禁》五奪之一
B.為《靈樞．五禁》五失之一
C.為《靈樞．五禁》五禁之一
D.為《靈樞．五禁》五逆之一",A,112-中醫基礎醫學（一）（包括中醫醫學史、中醫基礎理論、內經、難經）.csv,
36,".對於經脈是動所生病的內容，有些形容很生動，例如「欲上高而歌，棄衣而走」表現得很狂放。依《靈樞．
經脈》的敘述，為下列那一條經脈的是動所生病？
A.足少陽膽經
B.足陽明胃經
C.足厥陰肝經
D.足太陰脾經",B,112-中醫基礎醫學（一）（包括中醫醫學史、中醫基礎理論、內經、難經）.csv,
37,".依據《靈樞．經脈》所述，當心手少陰脈氣絕時，如何從外象得知？
A.髮色不澤，故面黑如漆柴者
B.肌肉軟，舌萎，唇反者
C.唇青，舌卷，卵縮
D.津液去皮節，爪枯毛折",A,112-中醫基礎醫學（一）（包括中醫醫學史、中醫基礎理論、內經、難經）.csv,
38,".依《靈樞．經脈》，有關十二正經主所生病，下列敘述何者正確？
A.手太陽小腸經是主筋所生病者
B.足太陽膀胱經是主骨所生病
C.手太陰肺經是主氣所生病
D.手厥陰心包經是主脈之所生病",D,112-中醫基礎醫學（一）（包括中醫醫學史、中醫基礎理論、內經、難經）.csv,
39,".依《靈樞．根結》，下列敘述何者錯誤？
A.太陽根于至陰，結于命門
B.太陰根于隱白，結于大包
C.少陰根于湧泉，結于廉泉
D.陽明根于厲兌，結于顙大",B,112-中醫基礎醫學（一）（包括中醫醫學史、中醫基礎理論、內經、難經）.csv,
40,".依《靈樞．經脈》，有關十五別絡之虛實病症，下列何者錯誤？
A.手太陰之別，實則手銳掌熱；虛則欠㰦，小便遺數
B.足太陽之別，實則齲聾；虛則齒寒痹隔
C.手太陽之別，實則節弛肘廢；虛則生肬，小者如指痂疥
D.任脈之別，實則腹皮痛，虛則癢搔",B,112-中醫基礎醫學（一）（包括中醫醫學史、中醫基礎理論、內經、難經）.csv,
41,".依《靈樞．根結》太陰為開，厥陰為闔，少陽為樞。下列敘述何者正確？
A.悲者取之太陰，視有餘不足
B.膈洞者，取之少陰，視有餘不足
C.脈有所結而不通。不通者，取之厥陰
D.有結者，皆取之不足",D,112-中醫基礎醫學（一）（包括中醫醫學史、中醫基礎理論、內經、難經）.csv,
42,".依《靈樞．經別》，足少陽之正，繞髀入毛際，合於厥陰，別者入季脅之間，循胸裏屬膽，散之上肝，貫心
以上挾咽，出頤頷中，接著循行下列何處？
A.系舌本，復出於項
B.上頞䪼，還繫目系
C.散於面，繫目系
D.出循喉嚨，出耳後",C,112-中醫基礎醫學（一）（包括中醫醫學史、中醫基礎理論、內經、難經）.csv,
43,".依《難經．六十六難》中關於主客原絡法的應用，三焦經手小指次指如廢而不能用，目眥、耳後、咽喉腫
痛、肩臑內外側疼，治療上以下列何組穴位最適宜？
A.陽池、內關
B.大陵、外關
C.陽池、大鐘
D.外關、太谿",A,112-中醫基礎醫學（一）（包括中醫醫學史、中醫基礎理論、內經、難經）.csv,
44,".22歲小華，因為長期練習慢跑引發髖關節疼痛，並向膝蓋外側延伸。從部位來看，應與下列那條經絡之病變
最相關？
A.足太陰脾經
B.足太陽膀胱經
C.足少陽膽經
D.足陽明胃經",C,112-中醫基礎醫學（一）（包括中醫醫學史、中醫基礎理論、內經、難經）.csv,
45,".張先生近日感到心中煩躁，心下牽引作痛，時常軟便，小便不通且足大拇指活動僵硬等症狀。依據《靈樞．
經脈》他最可能是身體上那一條經脈產生疾病？
A.足太陰脾經
B.足陽明胃經
C.足厥陰肝經
D.足少陽膽經",A,112-中醫基礎醫學（一）（包括中醫醫學史、中醫基礎理論、內經、難經）.csv,
46,".依《靈樞．營衛生會》，有關三焦之敘述，下列何者錯誤？
A.上焦出於胃上口，並咽以上，貫膈，而布胸中，走腋，循太陰之分而行，還至陽明，上至舌，下足陽明
B.中焦亦並胃中，出上焦之後，此所受氣者，泌糟粕，蒸津液，化其精微，上注於心脈乃化而為血，以奉生身
C.下焦者，別迴腸，注于膀胱，而滲入焉
D.上焦如霧，中焦如漚，下焦如瀆",B,112-中醫基礎醫學（一）（包括中醫醫學史、中醫基礎理論、內經、難經）.csv,
47,".擔任棒球游擊手的壯先生，為比賽密集訓練後出現右三角肌後半區疼痛，依《靈樞．經筋》，應會是那一條
經筋受傷？
A.手陽明經筋
B.手少陽經筋
C.手太陰經筋
D.手少陰經筋",B,112-中醫基礎醫學（一）（包括中醫醫學史、中醫基礎理論、內經、難經）.csv,
48,".依《靈樞．經脈》所記載，十五別絡中，足太陽之別，名稱為何？
A.光明
B.大鐘
C.飛揚
D.蠡溝",C,112-中醫基礎醫學（一）（包括中醫醫學史、中醫基礎理論、內經、難經）.csv,
49,".依《靈樞．衛氣》，下列何者錯誤？
A.氣在胸者，止之膺與背腧
B.氣在腹者，止之背腧，與任脈於臍左右之動脈者
C.氣在脛者，止於氣街，與承山踝上以下
D.氣在頭者，止之於腦",B,112-中醫基礎醫學（一）（包括中醫醫學史、中醫基礎理論、內經、難經）.csv,
50,".依據《靈樞．經筋》的內容，下列那一條經筋循行沒有到達缺盆部位？
A.足太陽之筋
B.足陽明之筋
C.手太陰之筋
D.手心主之筋",D,112-中醫基礎醫學（一）（包括中醫醫學史、中醫基礎理論、內經、難經）.csv,
51,".《靈樞．百病始生》提到「是故虛邪之中人也，……，息而成積」。下列關於「積」的形成部位與證候敘述
何者正確？
A.著於孫絡之脈而成積者，閉塞不通，津液不下，孔竅乾壅
B.著於陽明之經而成積者，水湊滲注灌，濯濯有音
C.著於腸胃之募原而成積者，挾臍而居，飽食則益大，飢則益小
D.著於緩筋而成積者，飽食則痛，飢則安",D,112-中醫基礎醫學（一）（包括中醫醫學史、中醫基礎理論、內經、難經）.csv,
52,".依據《靈樞．百病始生》之內容，黃帝曰：「積之始生，……，日以成積？」。關於積病生於腸胃的病因，
下列敘述何者正確？
A.內傷於憂怒
B.中外於寒
C.悗生脛寒
D.起居不節，用力過度",C,112-中醫基礎醫學（一）（包括中醫醫學史、中醫基礎理論、內經、難經）.csv,
53,".依據《靈樞．百病始生》之內容，黃帝曰：「其生於陰者，奈何？」。關於五臟所傷的病因下列何者正確？
A.醉以入房，汗出當風則傷腎
B.用力過度，若入房汗出浴，則傷肺
C.忿怒傷脾
D.憂思傷心",D,112-中醫基礎醫學（一）（包括中醫醫學史、中醫基礎理論、內經、難經）.csv,
54,".《素問．至真要大論》中提到病機十九條，其歸納五臟、六氣及上下病位常見證候及機理，下列敘述何者正
確？
A.諸躁狂越，皆屬於火
B.如喪神守，皆屬於心
C.暴注下迫，皆屬於脾
D.諸痙項強，皆屬於肝",A,112-中醫基礎醫學（一）（包括中醫醫學史、中醫基礎理論、內經、難經）.csv,
55,".依《靈樞．百病始生》所述，關於外感的傳變先後順序，下列何者最正確？
A.腸胃、伏衝之脈、經、輸、絡脈、皮毛
B.皮毛、經、伏衝之脈、輸、絡脈、腸胃
C.皮毛、絡脈、經、輸、伏衝之脈、腸胃
D.絡脈、皮毛、伏衝之脈、經、輸、腸胃",C,112-中醫基礎醫學（一）（包括中醫醫學史、中醫基礎理論、內經、難經）.csv,
56,".李先生身體微恙，中醫師開立食療處方內容有「大豆黃卷、豬肉、栗、藿」。依據《靈樞．五味》之內容，
下列那一臟腑為其主要病位？
A.肝
B.心
C.脾
D.腎",D,112-中醫基礎醫學（一）（包括中醫醫學史、中醫基礎理論、內經、難經）.csv,
57,".70歲的陳伯伯因為心肌梗塞住院接受心導管手術，術後中醫師會診評估過往飲食習慣，發現陳伯伯常吃醃製
品與重口味，中醫師囑咐不可吃過鹹的食物。依《靈樞．五味》的五味宜忌內容，其最有可能的原因為何？
A.病在骨，無食鹹
B.鹹走血，多食之令人渴
C.心欲軟，急食鹹以軟之
D.心病禁鹹",D,112-中醫基礎醫學（一）（包括中醫醫學史、中醫基礎理論、內經、難經）.csv,
58,".依《素問．四氣調神大論》說明，邪氣留連體內而後發的疾病，常與上一季失於調養有關係，這種關係在
《素問．生氣通天論》裡亦有描述。下列的情況何者符合《素問．生氣通天論》裡的描述？
A.春傷於風，夏必痹厥
B.夏傷於暑，秋為痎瘧
C.秋傷於濕，冬必煎厥
D.冬傷於寒，春必洞泄",B,112-中醫基礎醫學（一）（包括中醫醫學史、中醫基礎理論、內經、難經）.csv,
59,".依據《素問．陰陽別論》、《素問．評熱病論》及《靈樞．五變》中談到「風厥」之內容，下列敘述何者錯
誤？
A.汗出氣衰，風寒薄之，邪氣鬱於俞穴
B.病身熱汗出煩滿，煩滿不為汗解
C.二陽一陰發病，主驚駭背痛，善噫善欠
D.肉不堅，腠理疏，則善病風",A,112-中醫基礎醫學（一）（包括中醫醫學史、中醫基礎理論、內經、難經）.csv,
60,".《難經．六十難》中談到「厥頭痛」之原因為下列何者？
A.風氣循風府而上，風入系頭
B.手三陽之脈受風寒，伏留不去
C.肝經感受寒濕之邪，循經上行
D.腎熱病時，腎氣上逆",B,112-中醫基礎醫學（一）（包括中醫醫學史、中醫基礎理論、內經、難經）.csv,
61,".依《難經．四十九難》，有正經自病，有五邪所傷，下列何者不屬五邪？
A.中風
B.傷寒
C.傷燥
D.飲食勞倦",C,112-中醫基礎醫學（一）（包括中醫醫學史、中醫基礎理論、內經、難經）.csv,
62,".依《素問．調經論》論述氣血偏聚的病機病證，下列敘述何者正確？
A.血并於陰，氣并於陽，亂而喜忘
B.血并於陽，氣并於陰，心煩惋善怒
C.血并於上，氣并於下，乃為炅中
D.血之與氣，并走於上，則為大厥",D,112-中醫基礎醫學（一）（包括中醫醫學史、中醫基礎理論、內經、難經）.csv,
63,".下列敘述共幾項與小腸病機有關？①失於受盛胃初步消化的飲食物，則可見食下則腹痛，泄瀉或嘔吐 ②化
物作用減退，可見食後作脹，便瀉，泄瀉或完穀不化 ③泌別清濁的功能失常，可見吐瀉交作，腹中劇痛
④心火下移小腸，可見小便黃赤，灼熱疼痛，口舌糜爛疼痛
A.1
B.2
C.3
D.4",D,112-中醫基礎醫學（一）（包括中醫醫學史、中醫基礎理論、內經、難經）.csv,
64,".依據《素問．水熱穴論》的敘述，下列何者為「風水」之本？
A.肺
B.心
C.脾
D.腎",D,112-中醫基礎醫學（一）（包括中醫醫學史、中醫基礎理論、內經、難經）.csv,
65,".有關大腸症狀與病機之間的述敘，下列何者錯誤？
A.熱瀉多由濕熱下注腸腑，熱迫糟粕下行，大腸傳瀉太過
B.便秘是腑熱液燥，大腸傳導艱澀
C.便秘是氣虛大腸傳瀉無力所致
D.腸癰多由心氣虛致無力傳化大腸，鬱久則肉腐化膿而發",D,112-中醫基礎醫學（一）（包括中醫醫學史、中醫基礎理論、內經、難經）.csv,
66,".根據《素問．瘧論》有關痎瘧的論述，下列何者最適宜？
A.痎瘧皆生於寒熱
B.不定期寒熱發作
C.陽明虛寒慄鼓頷
D.巨陽虛骨頭疼痛",C,112-中醫基礎醫學（一）（包括中醫醫學史、中醫基礎理論、內經、難經）.csv,
67,".根據《難經．十五難》和《素問．平人氣象論》有關脾衰脈象的論述，下列何者最不適宜？
A.如鳥之距
B.如屋之漏
C.如水之流
D.如物之浮",D,112-中醫基礎醫學（一）（包括中醫醫學史、中醫基礎理論、內經、難經）.csv,
68,".根據《難經．十六難》有關心脈內外證的論述，下列何者最不適宜？
A.面赤口乾
B.臍上動氣
C.掌中熱啘
D.悲愁欲哭",D,112-中醫基礎醫學（一）（包括中醫醫學史、中醫基礎理論、內經、難經）.csv,
69,".40歲女性患者，早上起床發現自己的臉及足浮腫，言語不利，以針刺五天後，出現汗出手熱、口乾、小便
黃、目下腫，身重難以行、月經不來、正躺則咳嗽。依《素問．評熱病論》之敘述，此患者最終轉變成下列
何病？
A.皮水
B.風水
C.石水
D.腎水",B,112-中醫基礎醫學（一）（包括中醫醫學史、中醫基礎理論、內經、難經）.csv,
70,".《難經．五十難》中利用五行生克來推斷病情，以肝病為例，受下列何邪所傷病情最嚴重？
A.傷暑
B.飲食勞倦
C.傷寒
D.中濕",C,112-中醫基礎醫學（一）（包括中醫醫學史、中醫基礎理論、內經、難經）.csv,
71,".下列有關《難經．五十九難》中關於癲狂症狀之敘述，何者正確？
A.狂疾始發，易饑惡人聲
B.狂疾始發，好臥不見人
C.癲疾始發，意不樂，僵仆直視
D.癲疾始發，少臥而不饑",C,112-中醫基礎醫學（一）（包括中醫醫學史、中醫基礎理論、內經、難經）.csv,
72,".50歲男性主管，出現咳吐痰血，血色鮮紅，午後顴紅，五心煩熱，腰痠背痛，夜間盜汗，口燥咽乾，胃口減
少，倦怠乏力，舌質暗紅苔少，脈細數。依據《類經附翼．真陰論》，下列敘述何者正確？
A.主要病位在心
B.主要病位在腎
C.主要病邪是實火
D.主要病邪是肺燥",B,112-中醫基礎醫學（一）（包括中醫醫學史、中醫基礎理論、內經、難經）.csv,
73,".依據《靈樞．厥病》中有關「厥頭痛」的敘述，下列何者錯誤？
A.面若腫起而煩心，取之足陽明太陰
B.意善忘，按之不得，取頭面左右動脈，後取足太陰
C.項先痛，腰脊為應，先取天柱，後取足太陽
D.頭痛甚，腦盡痛，手足寒至節，泄其出血後取足少陽",D,112-中醫基礎醫學（一）（包括中醫醫學史、中醫基礎理論、內經、難經）.csv,
74,".對於五臟平脈與二十八脈之病脈比較，依《難經》所記載，下列何者正確？
A.腎之平脈為按之濡舉指浮濇，病脈為沉，主實證
B.脾之平脈，其脈在中，病脈為緩，主裏證
C.心之平脈為浮而大散，病脈為洪，主氣逆
D.肺之平脈為浮而短濇，病脈為浮，主表證",D,112-中醫基礎醫學（一）（包括中醫醫學史、中醫基礎理論、內經、難經）.csv,
75,".依《素問．痿論》，有關五臟產生痿證的病因，下列何者錯誤？
A.有所失亡，所求不得，則發肺鳴
B.肝氣熱，則膽泄與筋急
C.脾氣熱，則胃燥而便難
D.腎氣熱，則腰脊不舉",C,112-中醫基礎醫學（一）（包括中醫醫學史、中醫基礎理論、內經、難經）.csv,
76,".依《素問．厥論》，有關少陰之厥，若病人出現則口乾溺赤，臨床上還可能出現下列那些症狀？
A.面赤熱，妄見妄言
B.不欲食，食則嘔
C.腹滿心痛
D.暴聾頰腫",C,112-中醫基礎醫學（一）（包括中醫醫學史、中醫基礎理論、內經、難經）.csv,
77,".依《靈樞．水脹》，有關腸覃與石瘕之病因病機與症候敘述，下列何者正確？
A.腸覃之月事不以時下
B.石瘕生於胞中，因寒氣客於子門
C.兩者皆腹大如懷子之狀，按之柔軟
D.腸覃因寒氣客於腸內，與衛氣相搏",B,112-中醫基礎醫學（一）（包括中醫醫學史、中醫基礎理論、內經、難經）.csv,
78,".阿柯與阿蓮罹患癰疽，阿柯的患部皮色枯暗，且堅硬如牛頸項上的皮；阿蓮的患部皮薄，其色光亮。依據
《靈樞．癰疽》之內容，下列敘述何者錯誤？
A.阿柯的症狀名為「癰」，阿蓮的名為「疽」
B.阿柯的病程會牽延至五藏
C.阿蓮的骨髓不為枯
D.兩者體內皆有「膿」的形成",A,112-中醫基礎醫學（一）（包括中醫醫學史、中醫基礎理論、內經、難經）.csv,
79,".依《素問．舉痛論》，有關痛症之敘述，下列何者正確？
A.寒氣客於脈中，與炅氣相薄則脈大而氣血亂，按之痛緩
B.寒氣客於腸胃之間，膜原之下，按之痛止
C.寒氣客於俠脊之脈，深按痛止
D.寒氣客於背俞之脈，按之痛仍不止",B,112-中醫基礎醫學（一）（包括中醫醫學史、中醫基礎理論、內經、難經）.csv,
80,".《靈樞．海論》曰：「胃者，水穀之海」，其「有餘或不足」之病證，下列何者正確？
A.有餘則病本經是動，不足則病其所生
B.有餘則病本經所生，不足則病其是動
C.有餘則腹滿，不足則飢不受穀食
D.有餘則飢不受穀食，不足則腹滿",C,112-中醫基礎醫學（一）（包括中醫醫學史、中醫基礎理論、內經、難經）.csv,
1,".下列那個方劑組成中沒有細辛？
A.《傷寒論》小青龍湯
B.《此事難知》九味羌活湯
C.《攝生眾妙方》人參敗毒散
D.《金匱要略》大黃附子湯",C,112-中醫基礎醫學（二）（包括中醫方劑學、中醫藥物學）.csv,
2,".40歲男性患者，平時肝功能異常，診斷為慢性B型肝炎。近日熬夜後出現全身稍腫脹，以腹部水腫最明顯，呼
吸喘促，口渴，便秘，小便量少，脈沉實。下列治法何者最適宜？
A.行氣逐水
B.健脾利濕
C.瀉下逐水，疏風發表
D.溫陽健脾，行氣利水",A,112-中醫基礎醫學（二）（包括中醫方劑學、中醫藥物學）.csv,
3,".有關方劑之敘述，下列何者最適宜？①小青龍湯與十棗湯均可蠲除水飲 ②小青龍湯主治為水飲停蓄胸脇、腹
腔；十棗湯之主治為風寒束表，水飲內停 ③小青龍湯之功用為解表化飲，止咳平喘；十棗湯之功用為攻逐水
飲
A.僅①
B.僅①③
C.僅②③
D.①②③",B,112-中醫基礎醫學（二）（包括中醫方劑學、中醫藥物學）.csv,
4,".25歲男性，兩日前氣溫驟降後，出現發燒37.8℃，並伴有惡寒、無汗、頭緊痛等症狀，自服薑湯後諸症未減。
今日就診時為38.3℃，前證未減，並且出現目疼、鼻乾、眼眶痛、心煩等症，而無鼻塞流涕、咳嗽、咽痛等
症。問其飲食、二便均無異常。舌象為舌淡紅，舌尖微微偏紅，苔薄白。脈象為脈浮微緊略大。診療如下：甲
醫師診斷為素體陰虛，復感風寒，處方為：葱白兩錢、葛根三錢、淡豆豉兩錢、生薑兩錢、麥門冬三錢、乾地
黃兩錢；乙醫師診斷為風寒鬱熱，處方為：麻黃三錢、杏仁三錢、生石膏八錢、炙甘草兩錢；丙醫師診斷為太
陽風寒，漸次傳入陽明，處方為柴胡兩錢、葛根三錢、炙甘草一錢、生石膏兩錢、白芷兩錢、白芍兩錢、桔梗
兩錢、羌活兩錢、麻黃一錢、生薑兩片、大棗兩枚。下列何者最適宜？
A.甲醫師之處方為《重訂通俗傷寒論》加減葳蕤湯，此方主要功效為滋陰解表。而此病人陰虛證據不足，此方
不合適
B.乙醫師診斷不正確之處在於此病患應為風寒挾濕兼有鬱熱，並非單純風寒鬱熱
C.丙醫師診斷正確，其處方為陶氏《傷寒六書》柴葛解肌湯去黃芩加麻黃。此加減之目的應是考慮到，表寒仍
重，故減清熱藥之分量，酌加發汗藥
D.三位醫師處方皆不正確，正確處方應為《攝生眾妙方》荊防敗毒散",C,112-中醫基礎醫學（二）（包括中醫方劑學、中醫藥物學）.csv,
5,".下列何方功效為「疏散風寒，理氣和中」？
A.《和劑局方》香蘇散
B.《和劑局方》參蘇飲
C.《傷寒六書》再造散
D.《外臺秘要》葱白七味飲",A,112-中醫基礎醫學（二）（包括中醫方劑學、中醫藥物學）.csv,
6,".有關麻子仁丸的敘述，下列何者最不適宜？
A.以麻子仁滋脾潤腸
B.以白芍養陰泄熱，柔肝理脾
C.以杏仁降氣潤腸
D.以陳皮行氣除滿",D,112-中醫基礎醫學（二）（包括中醫方劑學、中醫藥物學）.csv,
7,".關於《景岳全書》右歸丸之敘述，下列何者最不適宜？
A.主治「命門火衰，不能生土」之證
B.如陽衰氣虛，加黃耆為主
C.當歸、菟絲子屬於其組成藥物
D.可治陽痿遺精",B,112-中醫基礎醫學（二）（包括中醫方劑學、中醫藥物學）.csv,
8,".關於《丹溪心法》虎潛丸之敘述，下列何者最不適宜？
A.主治肝腎不足，陰虛內熱之證
B.舌脈象為舌紅少苔，脈細弱
C.與大補陰丸共有之藥物組成有四項
D.方中陳皮、蒼朮健脾化濕、理氣和胃",D,112-中醫基礎醫學（二）（包括中醫方劑學、中醫藥物學）.csv,
9,".關於《外臺秘要》黃連解毒湯，下列敘述何者最不適宜？
A.主治一切實熱火毒，三焦熱盛之證
B.加茵陳、大黃可治濕熱黃疸
C.加蒲公英、銀花、連翹可治疔瘡腫毒
D.大熱煩躁，錯語，便秘，脈數有力之證，以本方治療最適宜",D,112-中醫基礎醫學（二）（包括中醫方劑學、中醫藥物學）.csv,
10,".下列方劑之組成有用到黃連、吳茱萸者共有幾項？①《丹溪心法》左金丸 ②《和劑局方》戊己丸 ③《和
劑局方》香連丸 ④《證治準繩》四神丸 ⑤《霍亂論》連朴飲
A.1
B.2
C.3
D.4",C,112-中醫基礎醫學（二）（包括中醫方劑學、中醫藥物學）.csv,
11,".有關《小兒藥證直訣》六味地黃丸之敘述，下列何者最適宜？
A.此方由薛己從《金匱要略》的腎氣丸減桂、附而成
B.熟地黃為君藥，其劑量為臣藥山茱萸與山藥之總和
C.丹皮：清瀉肝火，涼血退蒸，並防熟地之滋膩
D.本方加麥冬即為《醫宗己任編》都氣丸",B,112-中醫基礎醫學（二）（包括中醫方劑學、中醫藥物學）.csv,
12,".有關《傷寒論》炙甘草湯之敘述，下列何者最適宜？
A.方中用炙甘草益氣補中，化生氣血，其使用劑量為方中最大
B.方中桂枝、麻黃、生薑溫心陽，通血脈
C.本方需加酒煎服，可溫通血脈，以行藥力
D.本方又名《溫病條辨》加減復脈湯",C,112-中醫基礎醫學（二）（包括中醫方劑學、中醫藥物學）.csv,
13,".《內外傷辨惑論》當歸補血湯之組方依據為下列何者？
A.補氣攝血
B.補氣生血
C.補氣活血
D.氣血雙補",B,112-中醫基礎醫學（二）（包括中醫方劑學、中醫藥物學）.csv,
14,".中醫對於痢疾的臨床診斷與治療處方組方原則，下列何者最不適宜？
A.瀉下赤痢膿血，多因熱毒熏灼腸胃氣血所致
B.裏急後重，多因氣滯不得宣洩熱毒所致
C.一般而言，行血則便膿自癒，調氣則後重自除
D.《傷寒論》白頭翁湯方中，以當歸、赤芍行血，以木香、檳榔理氣",D,112-中醫基礎醫學（二）（包括中醫方劑學、中醫藥物學）.csv,
15,".方先生，32歲，來診時陳訴近10年來工作家庭兩頭忙碌，三餐經常隨便吃就趕著工作，回到家要照顧小孩還
要經常熬夜，最近開始出現腹中悶痛，容易疲倦，手足酸疼無力，口燥咽乾，心悸，煩躁失眠的症狀，診之
舌質淡紅，脈沉細緩無力。面對此證欲進行治療，下列那一個方劑是最佳選擇？
A.《脾胃論》升陽益胃湯
B.《脾胃論》補中益氣湯
C.《傷寒論》小建中湯
D.《傷寒論》理中湯",C,112-中醫基礎醫學（二）（包括中醫方劑學、中醫藥物學）.csv,
16,".下列那一組藥物不是《聖濟總錄》天臺烏藥散的組成？
A.巴豆、檳榔
B.桃仁、赤芍
C.木香、茴香
D.烏藥、良薑",B,112-中醫基礎醫學（二）（包括中醫方劑學、中醫藥物學）.csv,
17,".關於《溫疫論》達原飲的敘述，下列何者最不適宜？
A.本方為葉天士所創制
B.主治疫癘之氣舍於膜原者
C.檳榔、厚朴、草果共用以破結逐邪
D.黃芩清泄裏熱，甘草以和中解毒",A,112-中醫基礎醫學（二）（包括中醫方劑學、中醫藥物學）.csv,
18,".《傷寒論》半夏瀉心湯為治療痞證之重要方劑，有關其組方與臨床應用原則，下列何者最不適宜？
A.痞證之病機，乃因誤下損傷中陽，外邪乘虛入內，導致寒熱互結而成
B.本方以半夏與乾薑，兩藥配合，以辛開散痞
C.本方以黃連、大黃，兩藥配合，以苦降瀉熱
D.本方以人參、大棗、炙甘草和中，為使",C,112-中醫基礎醫學（二）（包括中醫方劑學、中醫藥物學）.csv,
19,".有關溫病熱入營分的病機發展與治療原則，下列何者最不適宜？
A.容易損傷營陰，故治療需加玄參、生地等藥，以養陰清營
B.容易熱擾心神，故治療需以牡丹皮、赤芍等藥，以涼血散血
C.可能逆傳心包，造成神昏譫語
D.還有機會透熱轉氣",B,112-中醫基礎醫學（二）（包括中醫方劑學、中醫藥物學）.csv,
20,".神志昏迷之證，以開竅之劑為主，下列敘述何者最適宜？
A.寒閉辨證屬虛證
B.熱閉臨床所見為高熱、神昏譫語、舌蹇肢厥，苔白滑膩，脈滑
C.脫證屬虛證，以芳香開竅為主
D.閉證可用溫開及涼開竅法",D,112-中醫基礎醫學（二）（包括中醫方劑學、中醫藥物學）.csv,
21,".開竅方劑使用中，常用於濕濁蒙蔽清竅或兼見濕滯氣塞，下列藥物何者最適宜？
A.冰片
B.蘇合香
C.石菖蒲
D.麝香",C,112-中醫基礎醫學（二）（包括中醫方劑學、中醫藥物學）.csv,
22,".若證見患者胸脇肋痛，時發時止，口乾苦，大便偏硬，舌質紅苔黃。脈弦數。下列何方劑治療最適宜？
A.《景岳全書》柴胡疏肝散
B.《柳州醫話》一貫煎
C.《素問病機氣宜保命集》金鈴子散
D.《太平惠民和劑局方》加味逍遙散",C,112-中醫基礎醫學（二）（包括中醫方劑學、中醫藥物學）.csv,
23,".《景岳全書》暖肝煎之敘述，下列何者錯誤？
A.具暖肝溫腎、行氣止痛之功
B.含有烏藥、沉香
C.與《醫學發明》天臺烏藥散皆含有小茴香、烏藥、肉桂
D.與《濟生方》橘核丸同為治因寒侵犯肝經、寒凝氣滯者",C,112-中醫基礎醫學（二）（包括中醫方劑學、中醫藥物學）.csv,
24,".關於理氣之劑之敘述，下列何者最不適宜？
A.氣逆常以肺氣上逆和胃氣上逆為主
B.一般分為氣虛、氣滯、氣逆三類
C.其治法為逸者行之，結者散之，高者抑之，或木鬱達之
D.木鬱達之可用薤白、柿蒂治之",D,112-中醫基礎醫學（二）（包括中醫方劑學、中醫藥物學）.csv,
25,".《丹溪心法》咳血方：主治肝火灼肺，肺絡受損之咳痰帶血證，其藥物組成中，下列何者為君藥？
A.海浮石
B.訶子
C.瓜蔞仁
D.青黛",D,112-中醫基礎醫學（二）（包括中醫方劑學、中醫藥物學）.csv,
26,".下列何項臨床表現，最宜選用《攝生眾妙方》定喘湯治療？
A.喘咳短氣，痰涎壅盛，胸膈痞悶，苔白滑，脈滑數
B.哮喘咳嗽，痰稠色黃量多，微惡風寒，苔黃膩，脈滑數
C.嗆咳氣急，痰黃腥臭，腹滿痛瀉，舌紅苔黃，脈弦數
D.咳嗽痰稀，納呆喜唾，胃滿嘔逆，苔白滑，脈滑",B,112-中醫基礎醫學（二）（包括中醫方劑學、中醫藥物學）.csv,
27,".45歲患者，自訴嚴重失眠，伴見頭痛、眩暈、耳鳴、眼花、震顫、舌紅苔黃，脈弦數，證治以下列何者最適
宜？
A.辨證為肝陽上亢，肝熱肝風上擾證，處方可為《雜病證治新義》天麻鉤藤飲
B.辨證為陰虛動風，可用《溫病條辨》大定風珠
C.辨證為肝火上炎，可用《金匱要略》大柴胡湯
D.辨證為氣虛夾痰動風，可用《醫學心悟》半夏白朮天麻湯",A,112-中醫基礎醫學（二）（包括中醫方劑學、中醫藥物學）.csv,
28,".一位63歲男性病患，主訴咳嗽有痰月餘，痰中帶血，咽喉燥痛，兼見手足心熱。其脈細數，舌紅少苔。下列
處方何者最適宜？
A.麥門冬二兩、半夏三錢、人參二錢、甘草二錢、粳米二錢、大棗三枚
B.生地黃二錢、麥門冬一錢二分、生甘草五分、玄參一錢半、貝母八分、丹皮八分、薄荷五分、白芍八分
C.生地黃二錢、麥門冬一錢半、百合一錢、白芍一錢、當歸一錢、貝母一錢、生甘草一錢、玄參八分、桔梗八
分、熟地黃三錢
D.桑葉三錢、石膏二錢五分、人參七分、甘草一錢、胡麻仁一錢、阿膠八分、麥門冬一錢二分、杏仁七分、枇
杷葉一錢",C,112-中醫基礎醫學（二）（包括中醫方劑學、中醫藥物學）.csv,
29,".關於《備急千金要方》獨活寄生湯，下列敘述何者錯誤？
A.本方主治為治療痹證日久，肝、腎兩虧，氣血不足
B.本方以獨活、細辛搜風寒、通血脈；秦艽、防己袪風除濕
C.其中桑寄生有補益肝腎之功；杜仲、牛膝則有壯腎健骨、強筋固下之效
D.本方去桑寄生，加黃耆、續斷、生薑，即為《校注婦人良方》三痹湯",B,112-中醫基礎醫學（二）（包括中醫方劑學、中醫藥物學）.csv,
30,".關於《傷寒論》茵陳蒿湯的敘述，下列何者正確？
A.本方組成為茵陳、大黃、梔子、黃柏
B.本方為治療濕熱便秘的代表方
C.大黃在此方的作用為瀉熱逐瘀
D.《傷寒論》提及本方服用後會出現如下情形：大便當利，糞如皂角汁，色深，一宿腹減，邪從大便去",C,112-中醫基礎醫學（二）（包括中醫方劑學、中醫藥物學）.csv,
31,".劉小姐酒促後，主訴嘔吐腹瀉，發熱惡寒，頭痛，胸脇滿悶，脘腹疼痛，手足沉重，舌苔白膩，脈浮濡，下
列何方最適宜？
A.《宣明論方》桂苓甘露飲
B.《和劑局方》平胃散
C.《內外傷辨惑論》葛花解酲湯
D.《景岳全書》柴平湯",D,112-中醫基礎醫學（二）（包括中醫方劑學、中醫藥物學）.csv,
32,".有關《醫門法律》清燥救肺湯之敘述，下列何者最不適宜？
A.脾胃虛弱者慎用
B.涼燥證忌用
C.主治燥熱傷肺氣陰兩傷之重證
D.以胡麻仁、阿膠養陰潤肺，而肺得滋潤，則治節有權為主藥",D,112-中醫基礎醫學（二）（包括中醫方劑學、中醫藥物學）.csv,
33,".下列何者為利水滲濕劑？①《傷寒論》豬苓湯 ②《華氏中藏經》五皮散 ③《醫學正傳》三妙丸 ④《和
劑局方》平胃散
A.①②
B.①④
C.②③
D.③④",A,112-中醫基礎醫學（二）（包括中醫方劑學、中醫藥物學）.csv,
34,".45歲患者，自訴脘腹脹痛，裏急後重，或見大便秘結，舌苔黃膩，脈沉實，治以下列何方最適宜？
A.《丹溪心法》保和丸
B.《儒門事親》木香檳榔丸
C.《傷寒論》調胃承氣湯
D.《小兒藥證直訣》七味白朮散",B,112-中醫基礎醫學（二）（包括中醫方劑學、中醫藥物學）.csv,
35,".55歲患者，長期飲酒，肝硬化病史，兼見糖尿病，求診時身有微熱，咳嗽痰多，咳吐黃痰，痰味重而難聞，
胸中隱隱作痛，咳時加重，舌紅苔黃膩，脈滑數。治以下列何組成最適宜？
A.柴胡、半夏、黃芩、生薑、大棗、芍藥、枳實、大黃
B.葦莖、苡仁、冬瓜仁、桃仁
C.柴胡、半夏、人參、甘草、黃芩、生薑、大棗
D.麻黃、杏仁、石膏、甘草",B,112-中醫基礎醫學（二）（包括中醫方劑學、中醫藥物學）.csv,
36,".關於《外科全生集》陽和湯，下列敘述何者錯誤？
A.癰瘍屬於陽證者禁用
B.陰虛或破潰已久，不適合使用
C.因為陰疽，麻黃量需大於熟地劑量
D.已潰者，麻黃不宜使用，以免衛氣失固而更傷營血",C,112-中醫基礎醫學（二）（包括中醫方劑學、中醫藥物學）.csv,
37,".患者夏月發熱、惡寒，頭重，無汗，腹痛吐瀉，胸脘痞悶，舌苔白膩，脈浮。下列治療何者最適宜？
A.《太平惠民和劑局方》香薷散
B.《溫病經緯》清暑益氣湯
C.《傷寒論》葛根芩連湯
D.《溫熱經緯》甘露消毒丹",A,112-中醫基礎醫學（二）（包括中醫方劑學、中醫藥物學）.csv,
38,".《統旨方》清金化痰丸與《醫方考》清氣化痰丸之比較，下列敘述何者正確？
A.清氣化痰丸之組成內含有桑白皮、知母、麥門冬
B.清金化痰丸以膽南星清熱化痰，開其壅閉，為主要藥物
C.清氣化痰丸以清熱化痰藥為方中主要藥物
D.清金化痰丸專治痰飲壅肺",C,112-中醫基礎醫學（二）（包括中醫方劑學、中醫藥物學）.csv,
39,".有關《宣明論方》桂苓甘露飲之敘述，下列何者最適宜？
A.本方為《傷寒論》五苓散另加石膏、滑石與寒水石而成
B.以發熱、煩渴引飲、兩便通利為主證
C.主治中暑受濕之證
D.汗瀉過多、氣液大傷者亦宜本方",C,112-中醫基礎醫學（二）（包括中醫方劑學、中醫藥物學）.csv,
40,".有關《瑞竹堂經驗方》順氣消食化痰丸與《丹溪心法》保和丸之比較，下列何者最適宜？
A.前者主治食滯痰多之證；後者主治食積中阻、傳導失常之證
B.兩者皆以山楂為主藥
C.兩者皆以南星、半夏、青皮、陳皮來降氣除痰
D.兩者皆以連翹來清熱散結除痰",A,112-中醫基礎醫學（二）（包括中醫方劑學、中醫藥物學）.csv,
41,".關於乾薑之應用，下列敘述何者最不適宜？
A.能溫肺而化寒飲，又能溫脾以杜生痰之源，有標本兼顧之作用
B.既能上助心陽以通脈，又能下補腎陽以益火，為回陽救逆之要藥
C.去臟腑沉寒痼冷
D.開五臟六腑，治冷痹寒痞，反胃下痢",B,112-中醫基礎醫學（二）（包括中醫方劑學、中醫藥物學）.csv,
42,".關於花椒的主治，下列敘述何者最不適宜？
A.腰腳痿弱，下焦濕熱
B.寒濕傷脾，腹痛泄痢
C.中焦寒盛，脘腹冷痛
D.蟲積腹痛，婦女陰癢",A,112-中醫基礎醫學（二）（包括中醫方劑學、中醫藥物學）.csv,
43,".蓽茇的應用，下列敘述何者最不適宜？
A.胃寒嘔吐酸水
B.心腹冷痛、冷痢
C.寒鬱中焦、飲食不消
D.牙齒疼痛、偏頭痛，實熱鬱火、陰虛火旺",D,112-中醫基礎醫學（二）（包括中醫方劑學、中醫藥物學）.csv,
44,".具有通竅之作用，下列何藥最不適宜？
A.蒼耳子
B.蟬蛻
C.辛夷
D.白芷",B,112-中醫基礎醫學（二）（包括中醫方劑學、中醫藥物學）.csv,
45,".下列何藥可用於頭痛、時流濁涕等證，多以炒製以減低毒性？
A.蒼耳子
B.蟬蛻
C.白芷
D.藁本",A,112-中醫基礎醫學（二）（包括中醫方劑學、中醫藥物學）.csv,
46,".王先生尿路感染，加上肢體關節腫痛、麻木的舊疾再發。下列何藥最宜選用？
A.澤瀉
B.豬苓
C.萆薢
D.通草",C,112-中醫基礎醫學（二）（包括中醫方劑學、中醫藥物學）.csv,
47,".濕熱薰蒸而發黃者，可大劑量單用煎湯內服，下列何藥物最適宜？
A.海金沙
B.金錢草
C.茵陳蒿
D.薏苡仁",C,112-中醫基礎醫學（二）（包括中醫方劑學、中醫藥物學）.csv,
48,".具有溫中和胃、降氣止呃的功效，下列何藥最適宜？
A.玫瑰花
B.刀豆
C.枳殼
D.柿蒂",B,112-中醫基礎醫學（二）（包括中醫方劑學、中醫藥物學）.csv,
49,".八月札的功效應用敘述，下列何者最不適宜？
A.疏肝理氣散結，可用於肝鬱氣滯所致的脇痛、疝氣痛
B.疏肝理氣散結，可用於瘰癧、肝胃氣痛
C.理氣散結，可用於乳房痛及消化道癌腫
D.固精收尿，對於遺尿、尿頻尤為常用",D,112-中醫基礎醫學（二）（包括中醫方劑學、中醫藥物學）.csv,
50,".下列何藥具有止瀉，清肝明目，可用於肝火上炎之目赤腫痛？
A.夏枯草
B.羚羊角
C.孩兒茶
D.車前子",D,112-中醫基礎醫學（二）（包括中醫方劑學、中醫藥物學）.csv,
51,".與苦參功用相近，且同時具有解酒毒作用，下列何藥物最適宜？
A.知母
B.玄參
C.黃連
D.梔子",C,112-中醫基礎醫學（二）（包括中醫方劑學、中醫藥物學）.csv,
52,".以鮮蘆根搗汁服或水煎服，能解下列何毒？
A.蠱毒
B.酒毒
C.魚、蟹毒
D.蛇、蟲毒",C,112-中醫基礎醫學（二）（包括中醫方劑學、中醫藥物學）.csv,
53,".具化熱毒、解食毒、消腫核之功能，專治乳癰、疔毒，下列何藥物最適宜？
A.金銀花
B.紫花地丁
C.蒲公英
D.牛蒡子",C,112-中醫基礎醫學（二）（包括中醫方劑學、中醫藥物學）.csv,
54,".具有峻下逐水功效之藥，下列何者最不適宜？
A.蘆薈
B.甘遂
C.黑丑
D.千金子",A,112-中醫基礎醫學（二）（包括中醫方劑學、中醫藥物學）.csv,
55,".主治中風、中惡，痰厥、氣厥，喉痹不通，下列何者最適宜？
A.甘遂
B.巴豆
C.大戟
D.芫花",B,112-中醫基礎醫學（二）（包括中醫方劑學、中醫藥物學）.csv,
56,".薑黃的應用，下列何者最適宜？
A.氣虛血虧
B.氣鬱化火
C.陰虛血少
D.氣脹血積",D,112-中醫基礎醫學（二）（包括中醫方劑學、中醫藥物學）.csv,
57,".下列何藥可用於因濕熱下注引起的腰膝關節痠痛、腳氣腫痛等證，常與蒼朮、黃柏、薏苡仁配用？
A.杜仲
B.牛膝
C.桑枝
D.續斷",B,112-中醫基礎醫學（二）（包括中醫方劑學、中醫藥物學）.csv,
58,".具破血逐瘀之功，與水蛭相似，而性較峻猛，服後可能引起腹瀉，下列何者最適宜？
A.蟅蟲
B.乾漆
C.凌霄花
D.虻蟲",D,112-中醫基礎醫學（二）（包括中醫方劑學、中醫藥物學）.csv,
59,".茜草的應用，下列何者最不適宜？
A.風痹，黃疸
B.痔瘻，瘡癤
C.血少者
D.血滯經閉",C,112-中醫基礎醫學（二）（包括中醫方劑學、中醫藥物學）.csv,
60,".與陳棕炭均有收澀止血之功，下列何者最適宜？
A.側柏葉
B.卷柏
C.血餘炭
D.阿膠",C,112-中醫基礎醫學（二）（包括中醫方劑學、中醫藥物學）.csv,
61,".有關活血藥的敘述，下列何者最不適宜？
A.丹參性溫，能溫經活血，除煩安神
B.乳香功擅活血伸筋；沒藥偏於散血化瘀
C.虎杖能瀉下通便，可用於熱結便秘
D.三稜破血作用比莪朮強，而行氣止痛之力則較遜",A,112-中醫基礎醫學（二）（包括中醫方劑學、中醫藥物學）.csv,
62,".大棗的功效敘述，下列何者最不適宜？
A.和中益氣
B.清暑化濕
C.養血安神
D.緩和藥性",B,112-中醫基礎醫學（二）（包括中醫方劑學、中醫藥物學）.csv,
63,".桑椹的功效敘述，下列何者最不適宜？
A.補肝益腎
B.養血生津
C.潤腸烏髮
D.安神增智",D,112-中醫基礎醫學（二）（包括中醫方劑學、中醫藥物學）.csv,
64,".女貞子的敘述，下列何者最不適宜？
A.清心安神
B.滋補肝腎
C.強腰膝
D.烏鬚髮",A,112-中醫基礎醫學（二）（包括中醫方劑學、中醫藥物學）.csv,
65,".具有壯腎陽、益精血、強筋骨、調衝任、托瘡毒之功效，下列何藥物最適宜？
A.鹿茸
B.巴戟天
C.淫羊藿
D.胡蘆巴",A,112-中醫基礎醫學（二）（包括中醫方劑學、中醫藥物學）.csv,
66,".有關續斷的功效敘述，下列何者最不適宜？
A.補肝腎
B.續筋骨
C.止痢
D.止漏，安胎",C,112-中醫基礎醫學（二）（包括中醫方劑學、中醫藥物學）.csv,
67,".有關杜仲的功效敘述，下列何者最不適宜？
A.溫肺定喘
B.補肝腎
C.安胎
D.強筋骨",A,112-中醫基礎醫學（二）（包括中醫方劑學、中醫藥物學）.csv,
68,".天竹黃的敘述，下列何者最不適宜？
A.為青皮竹莖桿內分泌液乾燥後的塊狀物
B.善清熱化痰、清心定驚，為治痰熱驚癇與中風痰壅之要藥
C.清化熱痰，除煩止嘔
D.熱痰壅盛，咳嗽氣喘，可與黃連、膽南星、瓜蔞、貝母等同用",C,112-中醫基礎醫學（二）（包括中醫方劑學、中醫藥物學）.csv,
69,".適用於痰熱驚風，抽搐及中風、癲狂諸證，下列何藥最適宜？
A.膽南星
B.白芥子
C.薑半夏
D.苦桔梗",A,112-中醫基礎醫學（二）（包括中醫方劑學、中醫藥物學）.csv,
70,".白殭蠶的敘述，下列何者最不適宜？
A.用於風熱與肝熱所致的頭痛目赤
B.息風止痙，祛風定驚
C.散風熱，宜炒用；一般，多生用
D.有祛風止癢作用",C,112-中醫基礎醫學（二）（包括中醫方劑學、中醫藥物學）.csv,
71,".下列何藥用治耳聾、耳鳴，係取其重鎮潛陽之功效？
A.磁石
B.鈎藤
C.石菖蒲
D.天麻",A,112-中醫基礎醫學（二）（包括中醫方劑學、中醫藥物學）.csv,
72,".冰片的主治，下列何者最不適宜？
A.神昏痙厥
B.寒濕痹痛
C.目赤腫痛
D.咽喉腫痛",B,112-中醫基礎醫學（二）（包括中醫方劑學、中醫藥物學）.csv,
73,".祛風解痙的功效，下列何者最不適宜？
A.石決明
B.地龍
C.殭蠶
D.全蠍",A,112-中醫基礎醫學（二）（包括中醫方劑學、中醫藥物學）.csv,
74,".受熱時其成分最容易被破壞，影響療效，下列何藥物最適宜？
A.白頭翁
B.檳榔
C.榧子
D.雷丸",D,112-中醫基礎醫學（二）（包括中醫方劑學、中醫藥物學）.csv,
75,".具收斂、止血行瘀、固精縮尿、止痛之功能，治腸風瀉血、五痔，下列何藥物最適宜？
A.烏賊骨
B.刺蝟皮
C.桑螵蛸
D.鎖陽",B,112-中醫基礎醫學（二）（包括中醫方劑學、中醫藥物學）.csv,
76,".下列何種藥物，經火煅後，其成分與砒霜同？
A.雄黃
B.鉛丹
C.硃砂
D.礞石",A,112-中醫基礎醫學（二）（包括中醫方劑學、中醫藥物學）.csv,
77,".氣喘咳嗽兼有脘腹脹滿、噯腐吞酸等證，用下列何者最適宜？
A.烏梅
B.山楂
C.萊菔子
D.五味子",C,112-中醫基礎醫學（二）（包括中醫方劑學、中醫藥物學）.csv,
78,".有關馬錢子的敘述，下列何者最不適宜？
A.顏面神經麻痹
B.癰疽或跌打損傷腫痛、扭挫傷
C.服用過量，可引起肢體麻木、驚厥，甚至昏迷等中毒症狀
D.濕疹、濕瘡",D,112-中醫基礎醫學（二）（包括中醫方劑學、中醫藥物學）.csv,
79,".下列關於女貞子的敘述，何者錯誤？
A.來源：木犀科植物女貞的乾燥成熟種子
B.別名：冬青子
C.炮製：生用或酒製
D.外用：搗膏點眼",A,112-中醫基礎醫學（二）（包括中醫方劑學、中醫藥物學）.csv,
80,".有關五倍子的敘述，下列何者最不適宜？
A.用於崩漏下血
B.為漆樹科植物鹽膚木或青麩楊的果實
C.可斂肺降火，澀腸止瀉
D.可用於遺尿、遺精、滑精",B,112-中醫基礎醫學（二）（包括中醫方劑學、中醫藥物學）.csv,
1,".關於《內經》之敘述，下列何者錯誤？
A.《黃帝內經》之名最早見於《漢書．藝文志．方技略》
B.《素問．靈蘭秘典》中出現曹魏時期的官名，故該篇章可能為魏晉以後之作品
C.《素問》一書流傳至唐代只剩八卷，到王燾注解《素問》時受得先師秘本，於是補充了《天元紀大論》等
七篇大論
D.北宋哲宗元祐八年高麗獻書《鍼經》，補充了亡佚之《靈樞》內容",C,113-中醫基礎醫學（一）（包括中醫醫學史、中醫基礎理論、內經、難經）.csv,
2,".關於《傷寒雜病論》之敘述，下列何者錯誤？
A.《傷寒雜病論》問世不久即散佚，後經魏晉時代王叔和撰次整理成書，一般認為現行《傷寒論》中的《辨
脈法》、《平脈法》和《傷寒例》即王氏所增
B.唐代孫思邈於其《千金翼方》卷九、卷十中保留有傷寒論內容，並以「方證同條，比類相附」的方式整理
其條文
C.宋代嘉祐二年，成無己等校正傷寒論諸傳本，並於治平二年刊行
D.臺灣故宮博物院收藏有明代趙開美版北宋本《傷寒論》",C,113-中醫基礎醫學（一）（包括中醫醫學史、中醫基礎理論、內經、難經）.csv,
3,".關於《外臺秘要》之敘述，下列何者錯誤？
A.作者王燾，乃唐太宗御外孫，母親為南平公主
B.王燾認為「針能殺生人，不能起死人」，因此只要灸法，否定針法
C.其中醫論部分以《諸病源候論》爲主，醫方部分則選用《醫心方》甚多
D.其書中保存許多已佚典籍資料，且因其引文一一注明出處卷數，故徐靈胎稱其：「唐以前之方賴此以存，
其功亦不可泯」",C,113-中醫基礎醫學（一）（包括中醫醫學史、中醫基礎理論、內經、難經）.csv,
4,".下列何者是宋代最突出的個人本草著作？
A.唐慎微的《證類本草》
B.鄒潤安的《本經疏證》
C.李時珍的《本草綱目》
D.劉元密的《本草述》",A,113-中醫基礎醫學（一）（包括中醫醫學史、中醫基礎理論、內經、難經）.csv,
5,".下列何者是張從正「吐」法的治療應用？
A.逐水
B.導引
C.針刺
D.催淚",D,113-中醫基礎醫學（一）（包括中醫醫學史、中醫基礎理論、內經、難經）.csv,
6,".有關宋元間中醫兒科的發展，下列何者錯誤？
A.錢乙《小兒藥證直訣》認為「變蒸」乃小兒常見病理現象，用藥需以較輕劑量治之
B.宋太醫局設有「小方脈」，招生人數僅次於「大方脈」與「風科」
C.宋代《幼幼新書》提出虎口三關指診法，是兒科診法上的重要發展
D.金元四大家對兒科之論述不脫其核心觀點，如朱丹溪曾認為小兒陰常不足、劉河間則主張小兒病者熱多寒
少",A,113-中醫基礎醫學（一）（包括中醫醫學史、中醫基礎理論、內經、難經）.csv,
7,".下列何者收錄「咬人狗」，是首部引錄《臺灣府誌》內容，將臺灣生藥納入篇章論述？
A.李德潤《海藥本草》
B.蕭步丹《嶺南採藥錄》
C.趙學敏《本草綱目拾遺》
D.徐靈胎《神農本經百種錄》",C,113-中醫基礎醫學（一）（包括中醫醫學史、中醫基礎理論、內經、難經）.csv,
9,".藥典是國家收錄記載藥品規格、製劑、檢驗標準的法典。下列有收錄生藥的藥典，何者成書時間最晚？
A.中華藥典第一版
B.日本藥局方第一版
C.臺灣傳統藥典
D.臺灣中藥典",D,113-中醫基礎醫學（一）（包括中醫醫學史、中醫基礎理論、內經、難經）.csv,
10,".漢代以下至宋代在醫學典籍中，均不見「藏象」的醫學用語。下列何書籍是元代最早將《內經》有關臟腑之
論述，冠以「藏象」一詞？
A.危亦林《格致餘論》
B.危亦林《世醫得效方》
C.滑伯仁《讀素問鈔》
D.滑伯仁《十四經發揮》",C,113-中醫基礎醫學（一）（包括中醫醫學史、中醫基礎理論、內經、難經）.csv,
11,".依《難經．三十三難》關於肝肺屬性之描述，下列何者錯誤？
A.肝為乙角
B.肺為辛商
C.肝為庚之柔
D.肺為甲之柔",D,113-中醫基礎醫學（一）（包括中醫醫學史、中醫基礎理論、內經、難經）.csv,
12,".依《素問．陰陽應象大論》，有關陰陽的敘述，下列何者錯誤？
A.左右者，陰陽之道路
B.水火者，陰陽之徵兆
C.陰陽者，血氣之男女
D.上下者，萬物之陰陽",D,113-中醫基礎醫學（一）（包括中醫醫學史、中醫基礎理論、內經、難經）.csv,
13,".依《素問．陰陽應象大論》，有關五行的生剋制化的相互關係，下列何者錯誤？
A.悲勝怒
B.燥勝風
C.辛勝酸
D.怒勝恐",D,113-中醫基礎醫學（一）（包括中醫醫學史、中醫基礎理論、內經、難經）.csv,
14,".依《素問．四氣調神大論》裡有關季節常見的發病規律，下列何者正確？
A.春三月，……，逆之則傷肝，夏為痿厥
B.冬三月，……，逆之則傷腎，春為寒變
C.秋三月，……，逆之則傷肺，冬為咳瘧
D.夏三月，……，逆之則傷心，秋為痎瘧",D,113-中醫基礎醫學（一）（包括中醫醫學史、中醫基礎理論、內經、難經）.csv,
15,".五行中，有「亢害承制」之概念，假若木旺勝土，其復氣者，下列何者正確？
A.火
B.土
C.金
D.水",C,113-中醫基礎醫學（一）（包括中醫醫學史、中醫基礎理論、內經、難經）.csv,
16,".依《難經．七十七難》之敘述，醫師上工者見肝之病時，最不會如何診治？
A.防止傳變
B.專注治肝
C.知當傳脾
D.先實脾氣",B,113-中醫基礎醫學（一）（包括中醫醫學史、中醫基礎理論、內經、難經）.csv,
17,".有關陰陽學說的論述，下列何者最不適當？
A.「陽生陰長，陽殺陰藏」是說明陰陽消長平衡的作用
B.「重陽必陰，重陰必陽」，可用以闡釋病機的轉化
C.「陰平陽秘」指的是陰陽消長平衡
D.「寒者熱之，熱者寒之」是指陰陽相互對立制約",A,113-中醫基礎醫學（一）（包括中醫醫學史、中醫基礎理論、內經、難經）.csv,
18,".依《素問．生氣通天論》關於人與自然陰陽貫通之相關敘述，下列何者正確？
A.蒼天之氣，辟積則志意治，順之則陽氣固，此因時之序
B.聖人煩張精神，使陽氣上通顯神明
C.陽氣失之則外閉九竅，內壅肌肉，衛氣散解此謂外傷
D.陽氣者，精則養神，柔則養筋",D,113-中醫基礎醫學（一）（包括中醫醫學史、中醫基礎理論、內經、難經）.csv,
19,".冬季急性心肌梗塞的發病率特別多，依《素問．金匱真言論》，有關五臟六腑與陰陽的關係，下列敘述何者
正確？
A.人身之陰陽，心也，陰中之陽
B.冬為陰，心亦為陰，陰中之陰也
C.肝心二藏皆為陰，心包三焦二府皆為陽
D.背為陽，陽中之陽，心也",D,113-中醫基礎醫學（一）（包括中醫醫學史、中醫基礎理論、內經、難經）.csv,
20,".依五行學說，下列生理功能代表的臟腑何者歸屬於水？
A.在五體為筋
B.在五音為宮
C.在五官為耳
D.在五志為思",C,113-中醫基礎醫學（一）（包括中醫醫學史、中醫基礎理論、內經、難經）.csv,
21,".依《靈樞．天年》探討人之生成，岐伯說明人之生長的形與神順序，下列何者正確？
A.血氣和、榮衛通、五藏成、神氣舍心、魂魄畢具、乃成為人
B.榮衛通、血氣和、魂魄畢具、五藏成、神氣舍心、乃成為人
C.榮衛通、血氣和、五藏成、神氣舍心、魂魄畢具、乃成為人
D.血氣和、榮衛通、五藏成、魂魄畢具、神氣舍心、乃成為人",A,113-中醫基礎醫學（一）（包括中醫醫學史、中醫基礎理論、內經、難經）.csv,
22,".依《素問》與《難經》的臟腑相關篇章中，對於膽的論述，下列何者錯誤？
A.膽者謂青腸
B.膽者，中正之官，決斷出焉
C.膽者，中瀆之府
D.膽者，清淨之腑也",C,113-中醫基礎醫學（一）（包括中醫醫學史、中醫基礎理論、內經、難經）.csv,
23,".依《素問．經脈別論》關於汗出的原因與對應臟腑，下列幾項正確？①飲食飽甚，汗出於脾 ②驚而奪精，
汗出於腎 ③持重遠行，汗出於肝 ④疾走恐懼，汗出於心 ⑤搖體勞苦，汗出於脾
A.1
B.2
C.3
D.4",A,113-中醫基礎醫學（一）（包括中醫醫學史、中醫基礎理論、內經、難經）.csv,
24,".關於營氣與衛氣之描述，下列何者錯誤？
A.營氣晝夜營周不休，行於脈中，與血可分而不可離，故常常營血並稱
B.衛氣運行於脈外之氣，隨營氣運行，晝行於陽，夜行於陰，散行全身
C.營衛二氣於夜半子時相會於內臟，晝夜運行，如環無端
D.衛氣始於手太陰肺經，晝行於陽經，夜行於五臟",D,113-中醫基礎醫學（一）（包括中醫醫學史、中醫基礎理論、內經、難經）.csv,
25,".依《靈樞．決氣篇》說明精氣津液血脈之描述，下列何者錯誤？
A.上焦開發，宣五穀味，熏膚，充身，澤毛，若霧露之溉，是謂津
B.精脫者耳聾
C.穀入氣滿，淖澤注于骨，骨屬屈伸，泄澤補益腦髓，皮膚潤澤，是謂液
D.氣脫者目不明",A,113-中醫基礎醫學（一）（包括中醫醫學史、中醫基礎理論、內經、難經）.csv,
26,".依《素問．陰陽應象大論》之內容，關於人體衰老的節次，下列何者錯誤？
A.年四十，而陰氣自半也，起居衰矣
B.年五十，體重，耳目不聰明矣
C.年六十，陰痿，氣大衰，九竅不利
D.年七十，下虛上實，涕泣具出矣",D,113-中醫基礎醫學（一）（包括中醫醫學史、中醫基礎理論、內經、難經）.csv,
27,".依據《靈樞．五癃津液別》之內容，關於津液的描述，下列何者錯誤？
A.天寒衣薄，則為溺與氣
B.天熱衣厚，則為汗
C.悲哀氣并，則為泣
D.中熱胃緩，則為水",D,113-中醫基礎醫學（一）（包括中醫醫學史、中醫基礎理論、內經、難經）.csv,
28,".22歲女大學生，每次吃完飯之後就覺得昏昏沉沉，也變得容易忘東忘西。這個現象符合《靈樞．大惑論》裡
的何種病機？
A.精氣并於脾，熱氣留於胃
B.上氣不足，下氣有餘，腸胃實而心肺虛
C.胃滿則腸虛，腸滿則胃虛，更虛更滿，故氣得上下
D.飲食飽甚，汗出於胃",B,113-中醫基礎醫學（一）（包括中醫醫學史、中醫基礎理論、內經、難經）.csv,
29,".依《素問．五藏生成論》所述，五藏之氣，色見下列何者為生？
A.青如草茲者
B.黃如枳實者
C.黑如炲者
D.白如豕膏者",D,113-中醫基礎醫學（一）（包括中醫醫學史、中醫基礎理論、內經、難經）.csv,
30,".依據《靈樞．海論》內容，有關人體四海有餘及不足之病症，下列敘述何者正確？
A.水穀之海不足，則頭暈耳鳴，四肢乏力
B.水穀之海有餘，則腹滿
C.氣海不足，則胸悶喘息
D.氣海有餘，則飢餓但吃不下",B,113-中醫基礎醫學（一）（包括中醫醫學史、中醫基礎理論、內經、難經）.csv,
31,".依《靈樞．決氣》對六氣耗脫的敘述，下列何者正確？
A.液脫者，腠理開，汗大泄
B.氣脫者，耳聾
C.血脫者，色白，夭然不澤，其脈空虛
D.精脫者，骨屬屈伸不利，色夭，腦髓消，脛痺，耳數鳴",C,113-中醫基礎醫學（一）（包括中醫醫學史、中醫基礎理論、內經、難經）.csv,
32,".三焦乃水穀之道路，並為人體「氣」生成終始之常道；三焦之內容，下列敘述何者正確？
A.上焦，在心下，下鬲，在胃上口，主出而不內
B.中焦，在胃中脘，腐熟水穀，主不上不下
C.下焦，當膀胱上口，分別清濁，主內而不出
D.三焦，法天地人，主上下流行，其府在關元",B,113-中醫基礎醫學（一）（包括中醫醫學史、中醫基礎理論、內經、難經）.csv,
33,".有關原氣的生理功能，下列敘述何者錯誤？
A.納氣分布於全身之元氣
B.固攝尿液和精液
C.推動生長發育與生殖
D.從合穴進入十二經脈",D,113-中醫基礎醫學（一）（包括中醫醫學史、中醫基礎理論、內經、難經）.csv,
34,".依《素問．痹論》記載，下列何者的分布是循皮膚之中，分肉之間，薰於肓膜，散於胸腹？
A.營氣
B.衛氣
C.元氣
D.宗氣",B,113-中醫基礎醫學（一）（包括中醫醫學史、中醫基礎理論、內經、難經）.csv,
35,".關於「心系」的敘述，下列何者正確？
A.「心系」與「目系」間有足少陰之支脈聯繫
B.人在憂思時會不時深呼吸伸展其氣，是因憂思時心有所存，正氣留而不行則氣結
C.人在悲傷時之所以會有淚出，是因為肝氣上逆而心系急
D.心系急易致胃氣不降，故嘔",B,113-中醫基礎醫學（一）（包括中醫醫學史、中醫基礎理論、內經、難經）.csv,
36,".在《靈樞．禁服》中提到寸口和人迎的關係，其中寸口主中，主陰。而人迎主外，主陽。依《靈樞．經脈》
所述，肺手太陰脈的脈盛和脈虛者，其寸口和人迎的比較，下列何者正確？
A.盛者，寸口大一倍於人迎；虛者，寸口反小於人迎也
B.盛者，寸口大再倍於人迎；虛者，寸口反小於人迎也
C.盛者，寸口大三倍於人迎；虛者，寸口反小於人迎也
D.盛者，人迎大三倍於寸口；虛者，人迎反小於寸口也",C,113-中醫基礎醫學（一）（包括中醫醫學史、中醫基礎理論、內經、難經）.csv,
37,".依《難經．七十九難》的迎隨補瀉法中的子母迎隨補瀉法所述，如果是肺手太陰脈的疾病，要如何處理？
A.實瀉子穴為迎，用尺澤穴。虛補母穴為隨，用太淵穴
B.實瀉母穴為迎，用太淵穴。虛補子穴為隨，用尺澤穴
C.實瀉子穴為迎，用魚際穴。虛補母穴為隨，用尺澤穴
D.實瀉母穴為迎，用尺澤穴。虛補子穴為隨，用魚際穴",A,113-中醫基礎醫學（一）（包括中醫醫學史、中醫基礎理論、內經、難經）.csv,
38,".依《素問．逆調論》提到起居如故而「息有音」。下列病因何者為正確？
A.是水氣之客也，夫水者循津液而流也。故喘有水聲，息有音也
B.胃脈逆也，胃者六府之海，其氣亦下行，故得臥，陽明逆不得從其道，故息有音也
C.肺之絡脈逆也，絡脈不得隨經上下，故留經而不行。絡脈之病人也微，故而息有音也
D.是陽明之逆也，足三陽者下行，今逆而上行，故息有音也",C,113-中醫基礎醫學（一）（包括中醫醫學史、中醫基礎理論、內經、難經）.csv,
39,".依《靈樞．經脈》，骨厥為下列何經脈之是動病？
A.督脈
B.腎經
C.膀胱經
D.小腸經",B,113-中醫基礎醫學（一）（包括中醫醫學史、中醫基礎理論、內經、難經）.csv,
40,".依《難經．六十四難》之論述，五俞穴配合五行，及《難經．七十九難》子母迎隨法，欲取手厥陰心包經之
母穴行補法，最恰當之穴位為？
A.大陵
B.勞宮
C.曲澤
D.中衝",D,113-中醫基礎醫學（一）（包括中醫醫學史、中醫基礎理論、內經、難經）.csv,
41,".依《醫宗金鑑．刺灸心法》中之八脈交會穴之主治，可治膀胱氣痛、腸鳴、乳癰等，下列何者正確？
A.申脈
B.公孫
C.後谿
D.照海",D,113-中醫基礎醫學（一）（包括中醫醫學史、中醫基礎理論、內經、難經）.csv,
42,".脾足太陰之脈，起於大指之端，循指內側白肉際，過核骨後，上內踝前廉，上腨內。文中「腨」是指下列人
體那個部位？
A.脛前肌
B.膝關節
C. 腓腸肌
D.股四頭肌",C,113-中醫基礎醫學（一）（包括中醫醫學史、中醫基礎理論、內經、難經）.csv,
43,".下列何者症狀是足太陰脾經的「是動病」？
A.舌本強
B.善呻數欠
C.目黃口乾
D.口苦善太息",A,113-中醫基礎醫學（一）（包括中醫醫學史、中醫基礎理論、內經、難經）.csv,
44,".依《難經．二十四難》，下列何者為三陰氣俱絕之候？
A.目眩轉目瞑
B.骨枯
C.筋縮引卵與舌卷
D.皮枯毛折",A,113-中醫基礎醫學（一）（包括中醫醫學史、中醫基礎理論、內經、難經）.csv,
45,".依《素問．骨空論》所記載，「起於氣街，並少陰之經，俠臍上行，至胸中而散」是指下列何脈？
A.任脈
B.衝脈
C.帶脈
D.心脈",B,113-中醫基礎醫學（一）（包括中醫醫學史、中醫基礎理論、內經、難經）.csv,
46,".依《靈樞．經脈》，有關三焦手少陽之脈的敘述，下列何者錯誤？
A.三焦手少陽之脈起於小指次指之端
B.三焦手少陽之脈循行部位從耳後入耳中，出走耳前，過客主人前。
C.是主津液所生病者
D.盛者，人迎大一倍於寸口；虛者，人迎反小於寸口也",C,113-中醫基礎醫學（一）（包括中醫醫學史、中醫基礎理論、內經、難經）.csv,
47,".依《靈樞．經脈》，有關經脈循行部位之敘述，下列那一條經脈沒有入「缺盆」？
A.膽足少陽之脈
B.三焦手少陽之脈
C.膀胱足太陽之脈
D.小腸手太陽之脈",C,113-中醫基礎醫學（一）（包括中醫醫學史、中醫基礎理論、內經、難經）.csv,
48,".依《靈樞．九針論》，有關十二經氣血之敘述，下列何者錯誤？
A.太陰多血少氣，刺太陰出血惡氣
B.陽明多血多氣，刺陽明出血氣
C.厥陰多血少氣，刺厥陰出血惡氣
D.少陽多血少氣，刺少陽出血惡氣",D,113-中醫基礎醫學（一）（包括中醫醫學史、中醫基礎理論、內經、難經）.csv,
49,".依《靈樞．經脈》，有關手足三陽經於臉部之循行分布，下列敘述何者錯誤？
A.手陽明：還出挾口，交人中，上挾鼻孔
B.足陽明：起於鼻之交頞中，下循鼻外，入上齒中
C.手少陽：出走耳前，過客主人前，交頰，至目銳眥
D.足少陽：循頸，上頰至目銳眥，卻入耳中",D,113-中醫基礎醫學（一）（包括中醫醫學史、中醫基礎理論、內經、難經）.csv,
50,".依《難經．二十八難》所述，帶脈起於下列何處？
A.神闕
B.季脇
C.命門
D.胞中",B,113-中醫基礎醫學（一）（包括中醫醫學史、中醫基礎理論、內經、難經）.csv,
51,".《素問．至真要大論》中提到，帝曰：「五味陰陽之用何如？」，關於五味屬性何者錯誤？
A.辛甘發散為陽
B.酸苦涌泄為陰
C.淡味滲泄為和
D.鹹味涌泄為陰",C,113-中醫基礎醫學（一）（包括中醫醫學史、中醫基礎理論、內經、難經）.csv,
52,".依《靈樞．大惑論》的論述，下列何者為「善忘」的病機？①邪氣留於上 ②上氣不足，下氣有餘 ③腸胃
實而心肺虛 ④營衛留於下，久之不以時上 ⑤衛氣留久於陰而不行
A.①③⑤
B.①②④
C.②③④
D.②③⑤",C,113-中醫基礎醫學（一）（包括中醫醫學史、中醫基礎理論、內經、難經）.csv,
53,".依《靈樞．百病始生》所描述，導致積的病因與機轉，下列何者錯誤？
A.寒起於足，血脈凝澀，入於腸胃，令腸胃䐜脹而致
B.外邪入皮膚，令熱不得散，熱勝肉腐，久而生積
C.用力過度、暴飲多食、起居不節而傷絡，血溢腸外，腸外有寒，汁沫併合凝聚
D.外中於寒，內傷憂怒，氣上逆而六輸不通，血凝津聚",B,113-中醫基礎醫學（一）（包括中醫醫學史、中醫基礎理論、內經、難經）.csv,
54,".《素問．至真要大論》中提到有關治療法則及藥物的運用，下列敘述何者錯誤？
A.組方君一臣三佐五為中方，適用一般疾病
B.對於病勢較重，病情較複雜者，取寒者熱之逆治法
C.病從內在而生，而波及外在體表者，先調其內
D.病由外生而影響到內部，且偏重於內部的，先治其外",B,113-中醫基礎醫學（一）（包括中醫醫學史、中醫基礎理論、內經、難經）.csv,
55,".依據《靈樞．本神》關於情志過激傷及臟腑之關係，下列敘述何者錯誤？
A.心，怵惕思慮者，傷神
B.肺，喜樂無極者，傷魄
C.脾，愁憂而不解者，傷意
D.肝，盛怒不止者，傷魂",D,113-中醫基礎醫學（一）（包括中醫醫學史、中醫基礎理論、內經、難經）.csv,
56,".依《素問．宣明五氣》論述五勞所傷，下列敘述共有幾項正確？①久視傷肝 ②久臥傷脈 ③久立傷骨 ④
久行傷筋 ⑤久坐傷肉
A.1
B.2
C.3
D.4",C,113-中醫基礎醫學（一）（包括中醫醫學史、中醫基礎理論、內經、難經）.csv,
57,".依《素問．調經論》所述，關於「陰之生實」之症候，下列敘述何者正確？
A.喜則氣下，悲則氣消，消則脈虛空
B.因寒飲食，寒氣熏滿，則血泣氣去
C.喜怒不節，則陰氣上逆
D.皮膚不收，肌膚堅緊，榮血泣，衛氣去",C,113-中醫基礎醫學（一）（包括中醫醫學史、中醫基礎理論、內經、難經）.csv,
58,".依《素問．生氣通天論》關於薄厥論述，下列敘述共有幾項正確？①陽氣衰於上 ②陰氣衰於下 ③大怒則
形氣絕 ④血菀於上 ⑤煩勞則張
A.1
B.2
C.3
D.4",B,113-中醫基礎醫學（一）（包括中醫醫學史、中醫基礎理論、內經、難經）.csv,
59,".依《素問．生氣通天論》論述「陰之所生，本在五味，陰之五宮，傷在五味」，下列敘述何者錯誤？
A.味過於鹹，大骨氣勞，短肌，心氣抑
B.味過於酸，筋脈沮弛，精神乃央
C.味過於苦，脾氣不濡，胃氣乃厚
D.味過於甘，心氣喘滿，色黑，腎氣不衡",B,113-中醫基礎醫學（一）（包括中醫醫學史、中醫基礎理論、內經、難經）.csv,
60,".依《素問．宣明五氣》敍述關於五氣所病，下列敘述何者錯誤？
A.心為噫
B.肝為語
C.腎為欠為嚏
D.脾為泄",D,113-中醫基礎醫學（一）（包括中醫醫學史、中醫基礎理論、內經、難經）.csv,
61,".依《素問．至真要大論》病機敘述，下列何者病機屬於濕？
A.諸痿喘嘔
B.諸病胕腫，疼酸驚駭
C.諸病水液，澄澈清涼
D.諸痙項強",D,113-中醫基礎醫學（一）（包括中醫醫學史、中醫基礎理論、內經、難經）.csv,
62,".依《素問．熱論》，有關傷寒傳少陽之症狀敘述，下列何者正確？
A.腰脊強
B.目痛而鼻乾
C.腹滿而嗌乾
D.耳聾",D,113-中醫基礎醫學（一）（包括中醫醫學史、中醫基礎理論、內經、難經）.csv,
63,".《素問．調經論》：「血之與氣，並走於上，則為大厥」，是指經絡病機中的何種病機？
A.經絡氣血旺盛
B.經絡氣血瘀滯
C.經絡氣血衰竭
D.經絡氣血逆亂",D,113-中醫基礎醫學（一）（包括中醫醫學史、中醫基礎理論、內經、難經）.csv,
64,".依據中醫基本理論，能導致心血與脾氣損傷的病因，下列何者最正確？
A.勞神過度
B.勞力過度
C.飲食過度
D.房勞過度",A,113-中醫基礎醫學（一）（包括中醫醫學史、中醫基礎理論、內經、難經）.csv,
65,".張媽媽冬天經常全身痠痛、痛處固定，疼痛會自行緩解但反覆發作。依據《靈樞．周痹》之內容，有關其致
病病機之相關論述，下列何者錯誤？
A.此為「眾痹」
B.痛則神歸之，神歸之則寒，寒則為厥，厥則他痹發
C.此病邪內不在藏，而外未發於皮
D.此風寒濕氣客於外分肉之間，迫切為沫，沫得寒則聚，排分肉而痛",B,113-中醫基礎醫學（一）（包括中醫醫學史、中醫基礎理論、內經、難經）.csv,
66,".依據《難經．十四難》有關根脈死症的論述，下列何者最適宜？
A.上部無脈，下部有脈，癃閉者死
B.上部無脈，中部有脈，噎膈者死
C.上部有脈，中部無脈，便秘者死
D.上部有脈，下部無脈，不吐者死",D,113-中醫基礎醫學（一）（包括中醫醫學史、中醫基礎理論、內經、難經）.csv,
67,".根據《素問．奇病論》有關脾癉口甘治療的論述，下列何者處方最適宜？
A.梅
B.竹
C.菊
D.蘭",D,113-中醫基礎醫學（一）（包括中醫醫學史、中醫基礎理論、內經、難經）.csv,
68,".農忙後張先生在戶外納涼，因疲勞而睡著，忽然被小狗叫聲驚醒，頓感茫然、惡寒。依《素問．舉痛論》其
體內氣的變化機轉，下列敘述何者錯誤？
A.氣耗
B.氣收
C.氣亂
D.氣泄",D,113-中醫基礎醫學（一）（包括中醫醫學史、中醫基礎理論、內經、難經）.csv,
69,".依《難經．四十八難》所論，關於臨床診斷辨別疾病虛實之法，下列何者正確？
A.出者為實
B.濡者為虛
C.不言者為虛
D.癢者為實",B,113-中醫基礎醫學（一）（包括中醫醫學史、中醫基礎理論、內經、難經）.csv,
70,".蔡姓家事服務員，接案過多致使每天工作將近十小時。症見右手拇指、食指中指屈伸酸痛，按之腫脹，右手
上舉時肩前及上臂酸痛，同時伴有口渴，咽乾。望之眼白部分紅絲較多，顏色稍帶淡黃。根據《靈樞．經
脈》所敘述，造成此病證之經脈所生病，下列何者正確？
A.主筋之所生病
B.主骨之所生病
C.主津液所生病
D.主血之所生病",C,113-中醫基礎醫學（一）（包括中醫醫學史、中醫基礎理論、內經、難經）.csv,
71,".關於《靈樞．五禁》篇中「五逆」，下列敘述何者錯誤？
A.熱病脈滑，汗已出，脈盛躁
B.病泄，脈洪大
C.淫而奪形，身熱，色夭然白，及後下血衃，血衃篤重
D.寒熱奪形，脈堅搏",A,113-中醫基礎醫學（一）（包括中醫醫學史、中醫基礎理論、內經、難經）.csv,
72,".依《素問．陰陽應象大論》論述到五氣致病所出現的特徵，何者錯誤？
A.寒勝則腫
B.風勝則動
C.燥勝則乾
D.濕勝則濡瀉",A,113-中醫基礎醫學（一）（包括中醫醫學史、中醫基礎理論、內經、難經）.csv,
73,".依《素問．陰陽別論》關於「二陽之病」之論述，下列何者錯誤？
A.發心脾
B.女子不月
C.傳為暑消
D.傳為息賁",C,113-中醫基礎醫學（一）（包括中醫醫學史、中醫基礎理論、內經、難經）.csv,
74,".依《素問．舉痛論》，怒對於氣機的影響為何？
A.氣緩
B.氣消
C.氣下
D.氣上",D,113-中醫基礎醫學（一）（包括中醫醫學史、中醫基礎理論、內經、難經）.csv,
75,".依據《素問．舉痛論》，若病人描述疼痛在少腹與脅肋相引痛，則病位在下列何脈？
A.少陽
B.少陰
C.厥陰
D.太陰",C,113-中醫基礎醫學（一）（包括中醫醫學史、中醫基礎理論、內經、難經）.csv,
76,".若患者出現嗌乾、時憎女子，身體怠墯，四肢不欲動，不嗜食的症狀，依《素問．風論》所記載，為下列何
臟腑受邪氣影響？
A.腎與肝
B.心與脾
C.肝與脾
D.腎與脾",C,113-中醫基礎醫學（一）（包括中醫醫學史、中醫基礎理論、內經、難經）.csv,
77,".32歲女性患者，數日前出現多汗、惡風、臉腫，經治療後出現熱從胸背部上行至頭、出汗、口乾、小便黃、
目下腫、全身水腫、腹中鳴、身重難以行、月事不來、煩而不能食、正躺則咳嗽。依據《素問．評熱病論》
之內容，關於其病機之敘述下列何者正確？
A.口乾是熱結胃腑的表現
B.小便黃是膀胱實熱的表現
C.煩而不能食是胃熱食積的表現
D.正躺則咳嗽是因為水上迫肺的表現",D,113-中醫基礎醫學（一）（包括中醫醫學史、中醫基礎理論、內經、難經）.csv,
78,". 依《素問．風論》，有關五臟風之敘述，下列何者正確？
A.肝風診在鼻下，其色青
B.脾風診在口唇，其色黃
C.腎風診在肌上，其色黑
D.心風診在目下，其色赤",C,113-中醫基礎醫學（一）（包括中醫醫學史、中醫基礎理論、內經、難經）.csv,
79,".依《靈樞．周痹》，有關「周痹」之敘述，下列何者正確？
A.周痹，隨脈上下，隨血脈而周遍全身，不能左右，各當其所
B.痛在下上者，先刺其下以過之，後刺其上以脫之
C.必刺其處，勿令復起
D.其慉痛之時，不及定治，而痛已止",A,113-中醫基礎醫學（一）（包括中醫醫學史、中醫基礎理論、內經、難經）.csv,
80,".依據《素問．熱論》對於嚴重感染的患者，其出現的病程症狀及病機變化，下列何者正確？
A.出現身熱、譫語的症狀是影響陽明與厥陰
B.出現頭痛、口乾與煩滿是影響太陽與少陰
C.死亡原因是因為少陰氣盡
D.出現突發耳聾是影響少陽與少陰",B,113-中醫基礎醫學（一）（包括中醫醫學史、中醫基礎理論、內經、難經）.csv,
1,".關於《傷寒論》桂枝湯的敘述，下列何者正確？
A.依《傷寒論》原書劑量，桂枝與芍藥比例為 2：1
B.桂枝湯服後宜遍身汗出，如水流漓者益佳
C.服用桂枝湯後，禁生冷、黏滑、肉、麵、五辛、酒酪、臭惡等物
D.依《傷寒論》之敘述，若素有喘病而見桂枝湯證者，可加麻黃、杏仁平喘",C,113-中醫基礎醫學（二）（包括中醫方劑學、中醫藥物學）.csv,
2,".下列何方劑之組成為川芎、柴胡、桔梗、枳殼、茯苓、羌活、獨活、人參、甘草者？
A.《此事難知》九味羌活湯
B.《脾胃論》補中益氣湯
C.《內外傷辨惑論》羌活勝濕湯
D.《小兒藥證直訣》人參敗毒散",D,113-中醫基礎醫學（二）（包括中醫方劑學、中醫藥物學）.csv,
3,".下列何者為《傷寒論》麻子仁丸的藥物組成？①芒硝 ②芍藥 ③杏仁 ④當歸
A.①②
B.①④
C.②③
D.③④",C,113-中醫基礎醫學（二）（包括中醫方劑學、中醫藥物學）.csv,
4,".張先生主訴惡寒、發熱，熱輕寒重，無汗肢冷，倦怠嗜臥，面色蒼白，語言低微，經診察舌淡苔白，脈浮大
無力。治以下列何方最適宜？
A.《傷寒論》麻黃湯
B.《小兒藥證直訣》人參敗毒散
C.《和劑局方》參蘇飲
D.《傷寒六書》再造散",D,113-中醫基礎醫學（二）（包括中醫方劑學、中醫藥物學）.csv,
5,".有關《太平惠民和劑局方》香蘇散之敘述，下列何者最適宜？
A.其功用為疏散風熱，理氣和中
B.本方可用於證見形寒身熱，頭痛，無汗，胸脘痞悶，食慾不振，舌苔薄白，脈浮者
C.其組成為木香、紫蘇葉、陳皮、炙甘草
D.《醫學心悟》加味香蘇散，即為本方加羌活、藿香",B,113-中醫基礎醫學（二）（包括中醫方劑學、中醫藥物學）.csv,
6,".患者證見腹脹痛，臍腹疼痛，按之堅鞕有塊，下利清水，下利後腹滿不減，口乾舌燥，其脈滑實。使用下列
何方劑最適宜？
A.《傷寒論》通脈四逆湯
B.《傷寒論》理中丸
C.《傷寒論》桃花湯
D.《傷寒論》大承氣湯",D,113-中醫基礎醫學（二）（包括中醫方劑學、中醫藥物學）.csv,
7,".下列何方劑之主治，具有治療「吞酸」之作用？①《醫方集解》香砂六君子湯 ②《丹溪心法》左金丸
③《柳州醫話》一貫煎 ④《景岳全書》暖肝煎 ⑤《醫便》五磨飲子
A.①②
B.②③
C.③④
D.④⑤",B,113-中醫基礎醫學（二）（包括中醫方劑學、中醫藥物學）.csv,
8,".下列敘述正確的有幾項？①《東垣試效方》普濟消毒飲中配用升麻、柴胡的意義是疏散風熱，引藥上行
②《校注婦人良方》仙方活命飲功用為清熱解毒，消腫潰堅，活血止痛 ③《太平惠民和劑局方》涼膈散含
有《傷寒論》調胃承氣湯之全部組成藥物 ④《溫病條辨》化斑湯之清氣涼血解毒之力甚於《疫疹一得》清
瘟敗毒飲
A.1
B.2
C.3
D.4",C,113-中醫基礎醫學（二）（包括中醫方劑學、中醫藥物學）.csv,
9,".下列藥物組合中有幾項為《傷寒論》炙甘草湯之組成？①桂枝、人參 ②生地、阿膠 ③生薑、大棗 ④麻
黃、麥門冬
A.1
B.2
C.3
D.4",C,113-中醫基礎醫學（二）（包括中醫方劑學、中醫藥物學）.csv,
10,".下列藥物組合中有幾項為《醫方集解》龍膽瀉肝湯之組成？①黃連、黃芩 ②當歸、赤芍 ③木通、澤瀉
④柴胡、梔子
A.1
B.2
C.3
D.4",B,113-中醫基礎醫學（二）（包括中醫方劑學、中醫藥物學）.csv,
11,".下列藥物組合中有幾項為《柳州醫話》一貫煎之組成？①沙參、麥冬 ②枸杞子、生地黃 ③芍藥、當歸
④延胡索、川楝子
A.1
B.2
C.3
D.4",B,113-中醫基礎醫學（二）（包括中醫方劑學、中醫藥物學）.csv,
12,".85歲患者主訴有下肢水腫，夜間加重，腰膝無力，怕冷且夜間多發頻尿，活動多則心悸發，體倦食少，醫者
診其舌淡而胖，脈來尺脈沉弱，最宜下列何方治療？
A.《桂林古本傷寒論》腎着湯
B.《景岳全書》右歸丸
C.《濟生方》濟生腎氣丸
D.《金匱要略》腎氣丸",C,113-中醫基礎醫學（二）（包括中醫方劑學、中醫藥物學）.csv,
13,".下列何者是《東垣試效方》普濟消毒飲的組成藥物之一？
A.地龍
B.蟬蛻
C.全蠍
D.殭蠶",D,113-中醫基礎醫學（二）（包括中醫方劑學、中醫藥物學）.csv,
14,".下列關於方劑的組方敘述中，何者正確？
A.《蘭室秘藏》清胃散組方中以石膏為君
B.《景岳全書》玉女煎中以生地甘寒，補陽明不足之陰液
C.《小兒藥證直訣》瀉黃散中以木香芳香醒脾，助防風升散脾胃伏火
D.《景岳全書》玉女煎中以牛膝滋補腎水，引熱下行",D,113-中醫基礎醫學（二）（包括中醫方劑學、中醫藥物學）.csv,
15,".下列治療熱痢的方劑中，何者的組成中含有當歸與肉桂以和血 ？
A.《傷寒論》白頭翁湯
B.《傷寒論》黃芩湯
C.《保命集》芍藥湯
D.《直指方》香連丸",C,113-中醫基礎醫學（二）（包括中醫方劑學、中醫藥物學）.csv,
16,".傷寒，誤下過早，下利，胸滿而不痛，身寒而嘔，飲食不下，表裏不解者。治宜下列何方？
A.《傷寒論》桂枝人參湯
B.《傷寒論》半夏瀉心湯
C.《傷寒論》葛根芩連湯
D.《傷寒論》烏梅丸",A,113-中醫基礎醫學（二）（包括中醫方劑學、中醫藥物學）.csv,
17,".少陰病，下利清穀，裏寒外熱，手足厥逆，脈微欲絕，身反不惡寒，其人面色赤。此時治療選方以下那一方
劑是首選？
A.《傷寒論》四逆湯
B.《傷寒論》通脈四逆湯
C.《傷寒論》四逆加人參湯
D.《傷寒論》白通湯",B,113-中醫基礎醫學（二）（包括中醫方劑學、中醫藥物學）.csv,
18,".下列有幾項是《傷寒論》桃花湯的組成藥物？①赤石脂 ②桃花 ③粳米 ④乾薑
A.1
B.2
C.3
D.4",C,113-中醫基礎醫學（二）（包括中醫方劑學、中醫藥物學）.csv,
19,".某36歲男性，感冒5天，嘔吐，發燒，間有惡寒，大便3日未解，以為熱結，於是給予《傷寒論》調胃承氣
湯；藥後，發燒未退，心下難受，嘔吐加劇，大便稀溏，1日3次，舌淡苔黃膩，脈滑數，最宜使用下列何
方？
A.《重訂通俗傷寒論》蒿芩清膽湯
B.《傷寒論》小柴胡湯
C.《傷寒論》半夏瀉心湯
D.《溫熱經緯》甘露消毒丹",C,113-中醫基礎醫學（二）（包括中醫方劑學、中醫藥物學）.csv,
20,".46歲女性患者，常情緒不佳、不由自主想哭，坐臥不安，眠差，便成形2日一行，苔偏少、舌偏紅，脈細微
數。下列何方治療最適宜？
A.《太平惠民和劑局方》加味逍遙散
B.《攝生總要》天王補心丹
C.《金匱要略》甘麥大棗湯
D.《金匱要略》酸棗仁湯",C,113-中醫基礎醫學（二）（包括中醫方劑學、中醫藥物學）.csv,
21,".關於《攝生總要》天王補心丹、《金匱要略》酸棗仁湯之敘述，下列何者最不適宜？
A.酸棗仁湯偏肝血不足、陰虛內熱；天王補心丹則為心腎陰虛
B.二方皆有酸棗仁、茯苓
C.二方以酸棗仁養血補肝，寧心安神為主藥
D.天王補心丹有玄參、人參、丹參，而酸棗仁湯則無",C,113-中醫基礎醫學（二）（包括中醫方劑學、中醫藥物學）.csv,
22,".《醫學發明》天臺烏藥散、《景岳全書》暖肝煎、《濟生方》橘核丸之比較，下列何者錯誤？
A.三者唯橘核丸不含有烏藥、小茴香
B.三者皆可治寒凝氣滯、寒侵肝經
C.三者皆有元胡索、沉香
D.濕熱下注之證皆忌用",C,113-中醫基礎醫學（二）（包括中醫方劑學、中醫藥物學）.csv,
23,".下列何者為《濟生方》四磨湯方中之組成？
A.烏藥、沉香、檳榔
B.小茴香、檳榔、元胡索
C.川楝子、沉香、檳榔
D.烏藥、小茴香、吳茱萸",A,113-中醫基礎醫學（二）（包括中醫方劑學、中醫藥物學）.csv,
24,".關於理血方藥之敘述，下列何者最不適宜？
A.「血實者，宜決之」為活血化瘀劑之立法依據
B.用活血法時宜配合應用如溫通、清熱、補虛、行氣、止血等法
C.溫性活血藥物為益母草、丹參、澤蘭、五靈脂、莪朮等具溫通作用
D.破血消瘀藥物為三稜、莪朮、水蛭",C,113-中醫基礎醫學（二）（包括中醫方劑學、中醫藥物學）.csv,
25,".《內外傷辨惑論》厚朴溫中湯與《金匱要略》半夏厚朴湯其組方（含製服法）使用幾個相同的藥物？
A.1
B.2
C.3
D.4",C,113-中醫基礎醫學（二）（包括中醫方劑學、中醫藥物學）.csv,
26,".有關《濟生方》小薊飲子之敘述，下列何者最不適宜？
A.為《小兒藥證直訣》導赤散加味組成
B.藕節、蒲黃助小薊，涼血止血並能消瘀
C.當歸與川芎，養血止血且防諸藥寒涼太過
D.主治下焦瘀熱之血淋、血尿證",C,113-中醫基礎醫學（二）（包括中醫方劑學、中醫藥物學）.csv,
27,".25歲女性，求診膚疹色紅，搔抓破後可見滲出液，苔白或黃，脈浮數有力，西醫診斷為濕疹，治以下列何組
成最適宜？
A.石膏、知母、梗米、甘草
B.麻黃、桂枝、甘草、杏仁
C.當歸、生地、防風、蟬蛻、知母、苦參、胡麻、荊芥、蒼朮、牛蒡子、石膏、甘草、木通
D.川芎、荊芥、白芷、羌活、甘草、細辛、防風、薄荷、清茶",C,113-中醫基礎醫學（二）（包括中醫方劑學、中醫藥物學）.csv,
28,".48歲男性患者因急性肝炎發作住院，會診中醫，見其一身面目俱黃且色澤鮮明，腹微滿，口渴，小便不利，
查其舌苔黃膩，脈沉數，下列何項最宜？
A.黃連、半夏、栝樓實
B.黃柏，黃連、梔子、黃芩
C.蒼朮、黃柏、牛膝、薏仁
D.大黃、梔子、茵陳",D,113-中醫基礎醫學（二）（包括中醫方劑學、中醫藥物學）.csv,
29,".《溫病條辨》宣痹湯與《成方便讀》四妙丸的組成，下列何者二方皆有？
A.蒼朮
B.牛膝
C.薏仁
D.黃柏",C,113-中醫基礎醫學（二）（包括中醫方劑學、中醫藥物學）.csv,
30,".若風濕偏於腰膝足跗，證見腰膝痹痛，關節筋脈活動不利者，宜以祛風勝濕藥為主，再酌加補氣血之黃耆、
人參、白朮、當歸、熟地、白芍以及補肝腎之續斷、桑寄生、狗脊等合組一方，下列何方符合上述條件？
A.《溫病條辨》宣痹湯
B.《素問病機氣宜保命集》大秦艽湯
C.《百一選方》蠲痹湯
D.《備急千金要方》獨活寄生湯",D,113-中醫基礎醫學（二）（包括中醫方劑學、中醫藥物學）.csv,
31,".下列何者為《傷寒論》五苓散中桂枝之作用？
A.通經絡
B.調和營血
C.助膀胱氣化
D.引火歸原",C,113-中醫基礎醫學（二）（包括中醫方劑學、中醫藥物學）.csv,
32,".下列何藥非《重樓玉鑰》養陰清肺湯與《醫方集解》百合固金湯所共有的組成？
A.玄參
B.桔梗
C.貝母
D.白芍",B,113-中醫基礎醫學（二）（包括中醫方劑學、中醫藥物學）.csv,
33,".有關《內外傷辨惑論》羌活勝濕湯的敘述，下列何者最不適宜？
A.以羌活祛上部風濕，以獨活祛下部風濕，兩者為君
B.和《太平惠民和劑局方》川芎茶調散相比，皆以細辛散寒止痛
C.本方使用蔓荊子，取其祛風止痛，為少數具止痛效果的發散風熱藥
D.和《此事難知》九味羌活湯相比，本方適應症較不會出現口乾口苦症狀",B,113-中醫基礎醫學（二）（包括中醫方劑學、中醫藥物學）.csv,
34,".關於清化痰熱劑，下列敘述何者錯誤？
A.《傷寒論》小陷胸湯組成為半夏、黃連、瓜蔞
B.《醫方考》清氣化痰丸適用於痰熱互結之喘咳，其組成為甘草、黃芩、桔梗、茯苓、陳皮、當歸、貝母、
桑白皮、天冬、梔子、杏仁、麥冬、五味子、生薑、大棗、竹茹
C.《養生論》引《丹溪心法附餘》之礞石滾痰丸可用於實熱頑痰，清痰熱力較強，虛寒作痰者忌用
D.痰火鬱結頸項亦為痰熱互結證，但病位不在肺，例如《外科正宗》海藻玉壺湯，以海藻、海帶、昆布、貝
母、連翹為主要藥物",B,113-中醫基礎醫學（二）（包括中醫方劑學、中醫藥物學）.csv,
35,".關於消導劑，下列敘述何者錯誤？
A.消導劑以消法為組方依據，具有消食導滯，消痞化積的作用，以治療積滯、痞塊病證
B.消導藥物，大多能治療食積不化證，且具有開胃和中的效果
C.有形之癥塊都是積，病多在氣分
D.脾胃虛弱，運化無力，亦可造成食積內停，治宜健脾消食法",C,113-中醫基礎醫學（二）（包括中醫方劑學、中醫藥物學）.csv,
36,".關於健脾消食劑，下列敘述何者錯誤？
A.主要治療脾胃虛弱，食積內停證
B.證見脘腹痞滿，不思飲食，面黃體瘦，倦怠無力，大便閉結為主要適應症
C.以益氣健脾藥物，如人參、白朮、山藥等配伍消食藥為方劑組成
D.臨診須注意脾胃虛弱程度以決定主次",B,113-中醫基礎醫學（二）（包括中醫方劑學、中醫藥物學）.csv,
37,".下列選項何者正確？①《太平惠民和劑局方》中五積散主治外感風寒、內傷生冷證 ②《宣明論方》防風通
聖散治風熱壅盛、表裏俱實證 ③五積散以麻黃、白芷、乾薑、肉桂為主要藥物 ④防風通聖散以麻黃、荊
芥、防風、大黃、黃芩、黃連為主要藥物
A.①②③
B.②③④
C.①③④
D.①②④",A,113-中醫基礎醫學（二）（包括中醫方劑學、中醫藥物學）.csv,
38,".有關《金匱要略》苓甘五味薑辛湯與《張氏醫通》冷哮丸之比較，下列何者最適宜？
A.苓甘五味薑辛湯所治之證為陽虛水飲內停，主因為腎陽不足、濕停飲寒犯肺
B.冷哮丸所治之證為寒痰哮喘證，主因為外受寒邪而發喘嗽、胸滿不得臥
C.苓甘五味薑辛湯長於散寒滌痰
D.冷哮丸長於溫脾化飲、止咳平喘",B,113-中醫基礎醫學（二）（包括中醫方劑學、中醫藥物學）.csv,
39,".有關暑病之治療比較，下列敘述何者最適宜？
A.《太平惠民和劑局方》香薷散主治暑病兼濕者
B.《溫熱經緯》清暑益氣湯主治暑病氣虛兼脾濕不化者
C.《脾胃論》清暑益氣湯主治暑病兼傷肺氣、肺虛而咳者
D.《太平惠民和劑局方》甘露飲主治暑病氣陰兩傷兼有肝熱者",A,113-中醫基礎醫學（二）（包括中醫方劑學、中醫藥物學）.csv,
40,".有關《傷寒論》葛根芩連湯之敘述，下列何者最適宜？
A.由葛根、黃芩、黃連三味藥組合而成
B.主治身熱下利，胸脘煩熱，口乾作渴，喘而汗出
C.本方與《傷寒論》黃芩湯均治傷寒出現下利。本方乃因桂枝證誤下；而《傷寒論》黃芩湯則為太陽、少陽
合病而自下利
D.原方的煎法是先煎芩、連，葛根後下",B,113-中醫基礎醫學（二）（包括中醫方劑學、中醫藥物學）.csv,
41,".祛風燥濕，能用於止痛、創口易於感染化膿等症，下列何藥物最適宜？
A.獨活
B.威靈仙
C.徐長卿
D.松節",D,113-中醫基礎醫學（二）（包括中醫方劑學、中醫藥物學）.csv,
42,".能祛風濕、利關節，利水，下列何藥最適宜？
A.千年健
B.海風藤
C.海桐皮
D.桑枝",D,113-中醫基礎醫學（二）（包括中醫方劑學、中醫藥物學）.csv,
43,".能舒筋止痛，清虛熱，又能利濕退黃，下列何藥物最適宜？
A.木瓜
B.防己
C.五加皮
D.秦艽",D,113-中醫基礎醫學（二）（包括中醫方劑學、中醫藥物學）.csv,
44,".下列藥物之敘述，何者最不適宜？
A.花椒是芸香科植物花椒或青椒的乾燥果實
B.胡椒是胡椒科植物胡椒除去外果皮的乾燥成熟果實
C.花椒能溫中，止痛。用於虛寒胃冷腹痛
D.胡椒溫中散寒，用於寒鬱中焦，食慾不振",A,113-中醫基礎醫學（二）（包括中醫方劑學、中醫藥物學）.csv,
45,".有關溫裏藥之敘述，下列何者最不適宜？
A.脾陰不足、脘腹虛脹者
B.本類藥物性味多為辛熱或辛溫
C.氣衰陰盛，而見畏寒肢冷者
D.亡陽，四肢逆冷，脈微欲絕者",A,113-中醫基礎醫學（二）（包括中醫方劑學、中醫藥物學）.csv,
46,".關於砂仁的適應證，下列何者最適宜？
A.胃熱口臭
B.胎熱不安
C.脾寒泄瀉
D.肺虛喘咳",C,113-中醫基礎醫學（二）（包括中醫方劑學、中醫藥物學）.csv,
47,".豬苓的應用，下列何者最不適宜？
A.妊娠子淋，濕熱帶下
B.水濕泛濫，腳氣脛腫
C.脘腹脹滿，肝胃氣滯
D.腫脹淋濁，小便澀痛",C,113-中醫基礎醫學（二）（包括中醫方劑學、中醫藥物學）.csv,
48,".具理氣調中，燥濕化痰的作用，下列何藥最適宜？
A.陳皮
B.地骨皮
C.枳實
D.半夏",A,113-中醫基礎醫學（二）（包括中醫方劑學、中醫藥物學）.csv,
49,".李先生有夜盲症，近日外感風寒，肢體痠痛困重。下列何藥最適宜選用？
A.羌活
B.夏枯草
C.石斛
D.蒼朮",D,113-中醫基礎醫學（二）（包括中醫方劑學、中醫藥物學）.csv,
50,".下列何藥常與延胡索配伍增強止痛作用，用於肝氣鬱滯或肝胃不和所致的脇肋作痛、脘腹疼痛以及疝氣痛等
證？
A.麥芽
B.川楝子
C.吳茱萸
D.黃連",B,113-中醫基礎醫學（二）（包括中醫方劑學、中醫藥物學）.csv,
51,".能壯水以制火，散無根浮游之火，下列何藥物最適宜？
A.元參
B.知母
C.黃柏
D.梔子",A,113-中醫基礎醫學（二）（包括中醫方劑學、中醫藥物學）.csv,
52,".紫花地丁之敘述，下列何者最適宜？
A.治癰疽發背，疔腫瘰癧，無名腫毒
B.治溫病血痢，腸風溺赤
C.療水腫脹滿，瀉蠱毒；傅惡瘡
D.療風，養血，止渴；治癰疽疥癬，楊梅惡瘡",A,113-中醫基礎醫學（二）（包括中醫方劑學、中醫藥物學）.csv,
53,".具生肌止痛之功能，治癰疽瘡腫，面上皰瘡，金瘡撲損，下列何藥物最適宜？
A.金銀花
B.白蘚皮
C.蓖麻子
D.白蘞",D,113-中醫基礎醫學（二）（包括中醫方劑學、中醫藥物學）.csv,
54,".敗醬草之功用，下列何者最適宜？
A.袪風舒筋
B.活血止血
C.排膿破血
D.涼血破血",C,113-中醫基礎醫學（二）（包括中醫方劑學、中醫藥物學）.csv,
55,".用於熱毒咽痛，頭面瘟毒，下列何者最適宜？
A.板藍根
B.胖大海
C.馬勃
D.桔梗",A,113-中醫基礎醫學（二）（包括中醫方劑學、中醫藥物學）.csv,
56,".常與五靈脂、延胡索同用，用於治療心腹疼痛，痛有定處者，下列何者最適宜？
A.沒藥
B.木香
C.荔枝核
D.檀香",A,113-中醫基礎醫學（二）（包括中醫方劑學、中醫藥物學）.csv,
57,".五靈脂的應用，下列何者最適宜？
A.治月經痛要藥
B.治血利氣第一藥
C.治血滯諸痛要藥
D.婦科常用藥",C,113-中醫基礎醫學（二）（包括中醫方劑學、中醫藥物學）.csv,
58,".具有涼血祛風、破瘀通經之功效，下列何藥物最適宜？
A.玫瑰花
B.紅花
C.月季花
D.凌霄花",D,113-中醫基礎醫學（二）（包括中醫方劑學、中醫藥物學）.csv,
59,".關於止血藥的敘述，下列何者最適宜？
A.具有行血、散瘀、通經等不同作用
B.具有涼血止血、收斂止血、化瘀止血、溫經止血等作用
C.易耗血動血，不宜用於婦女月經過多者
D.易傷人正氣，對體虛者慎用",B,113-中醫基礎醫學（二）（包括中醫方劑學、中醫藥物學）.csv,
60,".關於益母草的描述，下列何者最適宜？
A.為繖形科植物
B.具有活血祛瘀，通經催乳的功效
C.具有活血行氣，祛風止痛的功效
D.活血祛瘀，利尿消腫，清熱解毒的功效",D,113-中醫基礎醫學（二）（包括中醫方劑學、中醫藥物學）.csv,
61,".具有涼血止血，清熱利尿，清肺胃熱之功效，下列何者最適宜？
A.黃連
B.生地
C.白茅根
D.天門冬",C,113-中醫基礎醫學（二）（包括中醫方劑學、中醫藥物學）.csv,
62,".大棗的用途，下列何者最適宜？
A.濕盛、脘腹脹滿
B.食積、大便秘結
C.臟躁不安
D.濕痰、痰熱咳嗽",C,113-中醫基礎醫學（二）（包括中醫方劑學、中醫藥物學）.csv,
63,".具有補脾益氣、緩急止痛、潤肺止咳之功效，下列何藥物最適宜？
A.飴糖
B.黃精
C.山藥
D.扁豆",A,113-中醫基礎醫學（二）（包括中醫方劑學、中醫藥物學）.csv,
64,".蛤蚧的敘述，下列何者最不適宜？
A.助腎陽
B.納氣、定喘
C.潤腸通便
D.益精血",C,113-中醫基礎醫學（二）（包括中醫方劑學、中醫藥物學）.csv,
65,".具有滋陰潛陽，益腎強骨，養血補心之功效，下列何者最適宜？
A.龜板
B.墨旱蓮
C.黃精
D.女貞子",A,113-中醫基礎醫學（二）（包括中醫方劑學、中醫藥物學）.csv,
66,".有關枸杞子的敘述，下列何者最適宜？
A.肝腎陰虛
B.外邪實熱
C.脾虛有濕
D.泄瀉",A,113-中醫基礎醫學（二）（包括中醫方劑學、中醫藥物學）.csv,
67,".補陽藥具有補腎壯陽、強筋健骨、祛風除濕之功效，下列何者最適宜？
A.鹿茸
B.骨碎補
C.蛤蚧
D.仙靈脾",D,113-中醫基礎醫學（二）（包括中醫方劑學、中醫藥物學）.csv,
68,".關於竹瀝的敘述，下列何者最不適宜？
A.禾本科植物「淡竹葉」的莖用火烤灼而流出的液汁
B.寒嗽及脾虛便泄者忌用
C.治痰熱咳喘，痰稠難咯
D.不能久藏，但可熬膏瓶貯",A,113-中醫基礎醫學（二）（包括中醫方劑學、中醫藥物學）.csv,
69,".川貝母的敘述，下列何者最不適宜？
A.配伍蛤蚧可助陽補腎、止咳化痰
B.配伍栝蔞可理氣解鬱、清熱散結
C.配伍蒲公英、魚腥草可清熱解毒、消腫散結
D.配伍知母可解毒消癰、軟堅散結",D,113-中醫基礎醫學（二）（包括中醫方劑學、中醫藥物學）.csv,
70,".皂莢的敘述，下列何者最不適宜？
A.不育果實，稱豬牙皂
B.乾燥成熟果實，稱皂角
C.彎曲成月牙形，稱大皂莢
D.其莖上棘刺，稱皂角刺",C,113-中醫基礎醫學（二）（包括中醫方劑學、中醫藥物學）.csv,
71,".鉤藤的敘述，下列何者最不適宜？
A.甘，微苦寒。歸肝、心、腎經
B.息風止痙，清熱平肝
C.虛者，勿投；無火者，勿服
D.不宜久煎，宜後下",A,113-中醫基礎醫學（二）（包括中醫方劑學、中醫藥物學）.csv,
72,".「金創膏」的成分之一，自古就是名貴的中藥材，具有開竅醒神、清熱止痛的功效，下列何藥最適宜？
A.沉香
B.蘇合香
C.冰片
D.安息香",C,113-中醫基礎醫學（二）（包括中醫方劑學、中醫藥物學）.csv,
73,".下列何者較無收斂用途？
A.珍珠
B.代赭石
C.刺蒺藜
D.牡蠣",C,113-中醫基礎醫學（二）（包括中醫方劑學、中醫藥物學）.csv,
74,".具斂肺、止咳、斂汗、止瀉、寧心安神之功能，下列何藥物最適宜？
A.麻黃根
B.遠志
C.蓮子
D.五味子",D,113-中醫基礎醫學（二）（包括中醫方劑學、中醫藥物學）.csv,
75,".下列何種藥材口服7.5公克的粉末後，會導致眩暈、譫妄、昏睡的副作用？
A.馬兜鈴
B.檳榔
C.蘇合香
D.肉豆蔻",D,113-中醫基礎醫學（二）（包括中醫方劑學、中醫藥物學）.csv,
76,".針對丸劑中有金石藥品，難於消化吸收者，可使用下列何藥糊丸以助消化？
A.山楂
B.麥芽
C.穀芽
D.神麯",D,113-中醫基礎醫學（二）（包括中醫方劑學、中醫藥物學）.csv,
77,".關於外用藥的敘述，下列何者最適宜？
A.可大面積於體表使用，不會因吸收導致中毒
B.本類藥均具不同程度毒性，不可內服
C.可用五官、口腔疾患等
D.均不可入湯劑",C,113-中醫基礎醫學（二）（包括中醫方劑學、中醫藥物學）.csv,
78,".下列何者最具消食、止瀉功效？
A.焦山楂
B.煨葛根
C.烏梅炭
D.萊菔子",A,113-中醫基礎醫學（二）（包括中醫方劑學、中醫藥物學）.csv,
79,".藥材常利用製炭的方式來增加止血的作用，下列何者最不適宜？
A.地榆
B.棕櫚
C.乾薑
D.杜仲",D,113-中醫基礎醫學（二）（包括中醫方劑學、中醫藥物學）.csv,
80,".半夏的敘述，下列何者最不適宜？
A.天南星科植物半夏的塊根
B.以個大，皮淨，色白，質堅實，緻密，粉性足者為佳
C.薑半夏長於降逆止嘔
D.法半夏長於燥濕",A,113-中醫基礎醫學（二）（包括中醫方劑學、中醫藥物學）.csv,
1,"下列有關醫家與學派的配對，何者錯誤？
(A)成無己－傷寒 (B)張完素－易水 (C)戴思恭－滋陰 (D)趙獻可－溫補",B,95-中醫基礎醫學(一)（包括中醫醫學史、中醫基礎理論、內經、難經）.csv,
2,"林太太，49 歲家庭主婦，半年來月經後期量少，午後至夜間烘熱面紅，煩躁易怒，診其脈弦細數。其病
機與下列那位醫家學說最接近？
(A)吳瑭 (B)唐宗海 (C)趙養葵 (D)朱震亨",D,95-中醫基礎醫學(一)（包括中醫醫學史、中醫基礎理論、內經、難經）.csv,
3,"下列有關龐安時學術思想的敘述，何者正確？
(A)著《傷寒發微論》 (B)創以經注論、經論結合的方法闡述《傷寒論》
(C)對小兒傷寒、姙娠傷寒、暑病、斑痘皆有論述 (D)專攻傷寒、不善針灸",C,95-中醫基礎醫學(一)（包括中醫醫學史、中醫基礎理論、內經、難經）.csv,
4,"現存第一部完整的飲食衛生與飲食療法的專書是下列何人所著？
(A)孫思邈 (B)李東垣 (C)忽思慧 (D)陶弘景",C,95-中醫基礎醫學(一)（包括中醫醫學史、中醫基礎理論、內經、難經）.csv,
5,"下列醫學著作之敘述，何者正確？
(A)《溫熱經緯》以葉薛諸家之辨為經，軒岐仲景為緯 (B)《重樓玉鑰》認為人之一身，惟咽喉最為關要
(C)《世補齋醫書》大旨以表彰景岳為事，立言純粹 (D)《理虛元鑑》提出「陰虛三奪統于脾」的理論",B,95-中醫基礎醫學(一)（包括中醫醫學史、中醫基礎理論、內經、難經）.csv,
6,"下列有關《傷寒論》之研究學者與著作，何者正確？
(A)尤怡撰《傷寒來蘇集》 (B)陳修園撰《傷寒附翼》、《傷寒論翼》
(C)柯琴注傷寒論，名《貫珠集》 (D)陶節庵撰《傷寒六書》",D,95-中醫基礎醫學(一)（包括中醫醫學史、中醫基礎理論、內經、難經）.csv,
9,"下列有關祝由醫學的敘述，何者錯誤？
(A)祝由，王冰註「祝說病由」。全元起註為「南方神」。因為巫術從北方燕齊來，祝由從南方荊楚來
(B)孔子：「人而無恒，不可以作巫醫。」學習的人必須專心一意，持之以恆，精神集中，才可以生效
(C)扁鵲亦贊同此術
(D)自隋、唐、宋、金、元、明、清醫學分科，均有咒禁科、祝由書禁科，或分祝由科、禁科，宋代併科
為「金鏃科兼書禁科」，至清代完全取消此科",C,95-中醫基礎醫學(一)（包括中醫醫學史、中醫基礎理論、內經、難經）.csv,
10,"關於《難經》對於診脈之創見，下列何者正確？
(A)全身遍診，分三部九候診脈 (B)男女異脈
(C)人一呼脈再動，一吸脈再動，呼吸定息，脈五動 (D)以人迎與寸口之比較作為診脈之參考",B,95-中醫基礎醫學(一)（包括中醫醫學史、中醫基礎理論、內經、難經）.csv,
11,"關於《難經》命門原氣之理論，下列敘述何者錯誤？
(A)即為腎間動氣 (B)以十二經絡為主要輸送之路徑
(C)由五腧穴之俞穴注入經絡中 (D)在原穴後與經脈中營氣相合，輸布至全身",B,95-中醫基礎醫學(一)（包括中醫醫學史、中醫基礎理論、內經、難經）.csv,
12,"病人表現為譫言妄語，身熱，灑灑惡寒，甚則喘咳，是下列那一種病因所致？
(A)中風 (B)飲食勞倦 (C)傷寒 (D)中濕",C,95-中醫基礎醫學(一)（包括中醫醫學史、中醫基礎理論、內經、難經）.csv,
13,"依據《難經》，下列關於五俞穴的經氣流注生理功能之敘述，何者錯誤？
(A)井穴為經氣的源泉 (B)原氣由三焦敷佈全身，從俞穴注入經脈之中
(C)營氣與原氣合流後，經氣至經穴大行 (D)經氣由俞穴深入內臟",D,95-中醫基礎醫學(一)（包括中醫醫學史、中醫基礎理論、內經、難經）.csv,
14,"《難經》有關憑證審脈斷病之敘述，下列何者錯誤？
(A)病患閉目不欲見人者，診得肝脈強急而長，預後較好
(B)病患閉目不欲見人者，診得肺脈浮短而澀，預後較好
(C)證與脈相剋者死
(D)證與脈虛實相反者死",B,95-中醫基礎醫學(一)（包括中醫醫學史、中醫基礎理論、內經、難經）.csv,
15,"病患肌肉萎縮，髮無潤澤，骨髓不得溫養而枯，常見於何經氣絕？
(A)足太陰 (B)足少陰 (C)足厥陰 (D)手少陰
代號：1111
頁次：4－2",B,95-中醫基礎醫學(一)（包括中醫醫學史、中醫基礎理論、內經、難經）.csv,
16,"在人體結構中，十二經脈以陰陽來區別分布的原則，下列敘述何者正確？
(A)手三陽經循行於手之外側 (B)足三陰經循行於足脛外側
(C)足三陽經循行於足脛內側 (D)手三陽經循行於足之外側",A,95-中醫基礎醫學(一)（包括中醫醫學史、中醫基礎理論、內經、難經）.csv,
17,"下列關於原穴的敘述，何者錯誤？
(A)脾之原穴，出太白
(B)肝之原穴，出太衝；五臟俞者，三焦之所行，氣之所留止
(C)大腸之原穴，出合谷；五臟六腑有病，皆取其原
(D)腎之原，出三陰交；三焦所行之俞為原也",D,95-中醫基礎醫學(一)（包括中醫醫學史、中醫基礎理論、內經、難經）.csv,
18,"以五臟外應五時，說明五臟的發病與季節的關係，下列何者錯誤？
(A)肝王於春季，肺王於秋 (B)五臟在其所王的季節，不易受邪發病
(C)長夏多發脾病，冬多發腎病 (D)五時指春、夏、長夏、秋、冬",B,95-中醫基礎醫學(一)（包括中醫醫學史、中醫基礎理論、內經、難經）.csv,
19,"依《素問．陰陽應象大論篇》記載，陰味出下竅，陽氣出上竅，味厚者為陰，薄為陰之陽……味厚則泄，
薄則如何？
(A)通 (B)發熱 (C)氣衰 (D)發泄",A,95-中醫基礎醫學(一)（包括中醫醫學史、中醫基礎理論、內經、難經）.csv,
20,"藥物性味中，辛、甘、淡、酸、苦、鹹，其中辛、甘、淡，相對比較上屬於陰陽的那個屬性？
(A)陰 (B)陽 (C)辛甘為陽、淡為陰 (D)陰陽皆具備",B,95-中醫基礎醫學(一)（包括中醫醫學史、中醫基礎理論、內經、難經）.csv,
21,"下列那一個治法符合五行的相生關係？
(A)虛則補其母 (B)肝病實脾法 (C)抑木扶土法 (D)培土制水法",A,95-中醫基礎醫學(一)（包括中醫醫學史、中醫基礎理論、內經、難經）.csv,
22,"根據《內經》分別人身與臟腑之陰陽概念中，背為陽，陽中之陰為何臟腑？
(A)肝 (B)心 (C)脾 (D)肺",D,95-中醫基礎醫學(一)（包括中醫醫學史、中醫基礎理論、內經、難經）.csv,
23,"《內經》中「陽強不能密，陰氣乃絕，陰平陽秘，精神乃治」，合乎陰陽理論中之何種作用？
(A)陰陽之對立制約 (B)陰陽之消長 (C)陰陽之互根互用 (D)陰陽之相互轉化",C,95-中醫基礎醫學(一)（包括中醫醫學史、中醫基礎理論、內經、難經）.csv,
24,"依據《難經．五十六難》關於「五藏之積」的記載，「久不愈，令人喘逆，骨痿少氣」的是何臟之積？
(A)肝 (B)心 (C)肺 (D)腎",D,95-中醫基礎醫學(一)（包括中醫醫學史、中醫基礎理論、內經、難經）.csv,
25,"依據《素問．靈蘭秘典論》的敘述，為「傳道之官，變化出焉」的是下列何者？
(A)小腸 (B)胃 (C)大腸 (D)膀胱",C,95-中醫基礎醫學(一)（包括中醫醫學史、中醫基礎理論、內經、難經）.csv,
26,"依據《素問．宣明五氣論》中「五味所入」的敘述，甘味入於下列何臟？
(A)肝 (B)心 (C)脾 (D)肺",C,95-中醫基礎醫學(一)（包括中醫醫學史、中醫基礎理論、內經、難經）.csv,
27,"依據《素問．金匱真言論》的敘述，開竅於鼻的是下列何者？
(A)心 (B)肺 (C)腎 (D)膽",B,95-中醫基礎醫學(一)（包括中醫醫學史、中醫基礎理論、內經、難經）.csv,
28,"依據《素問．六節藏象論》的敘述，「罷極之本，魂之居」指的是下列何者？
(A)肝 (B)心 (C)脾 (D)腎",A,95-中醫基礎醫學(一)（包括中醫醫學史、中醫基礎理論、內經、難經）.csv,
29,"依據中醫藏象理論，下列何者是心的生理功能？
(A)心藏血 (B)開竅於鼻 (C)主汗液 (D)其華在口",C,95-中醫基礎醫學(一)（包括中醫醫學史、中醫基礎理論、內經、難經）.csv,
30,"依據中醫藏象理論，有關大腸的敘述下列何者錯誤？
(A)主津 (B)主傳化糟粕
(C)為六腑之一 (D)為受盛之官，化物出焉",D,95-中醫基礎醫學(一)（包括中醫醫學史、中醫基礎理論、內經、難經）.csv,
31,"對於靜止的、下降的、寒冷的、晦暗的事物，在陰陽學說中屬於下列何者？
(A)陰 (B)陽 (C)陰轉陽 (D)陽轉陰",A,95-中醫基礎醫學(一)（包括中醫醫學史、中醫基礎理論、內經、難經）.csv,
32,"就中醫藏象理論，下列何者不是腎的生理功能？
(A)主藏精 (B)主骨主髓 (C)主納氣 (D)開竅於腦",D,95-中醫基礎醫學(一)（包括中醫醫學史、中醫基礎理論、內經、難經）.csv,
33,"下列何者為「膽」生理表現不正常時的症狀？
(A)食量減少、吃東西後馬上吐、噯氣、便秘 (B)口苦、黃疸、嘔吐苦水
(C)咳嗽喘促、便秘、容易感冒 (D)頻尿、小便黃、腰痠膝無力",B,95-中醫基礎醫學(一)（包括中醫醫學史、中醫基礎理論、內經、難經）.csv,
34,"依據《素問．至真要大論》的敘述，「諸風掉眩」皆屬於下列何臟？
(A)肝 (B)心 (C)腎 (D)肺",A,95-中醫基礎醫學(一)（包括中醫醫學史、中醫基礎理論、內經、難經）.csv,
35,"下列何者為「奇恒之腑」的特性？
(A)化水穀而運行津液 (B)藏於陰而象於地，故藏而不瀉
(C)傳化物而不藏，故實而不能滿 (D)藏經氣而不瀉，故滿而不能實",B,95-中醫基礎醫學(一)（包括中醫醫學史、中醫基礎理論、內經、難經）.csv,
36,"下列有關「腎陰虛證」之敘述，何者錯誤？
(A)過服溫燥壯陽之劑引起 (B)房勞過度引起 (C)易導致脾失健運 (D)易導致內熱之現象",C,95-中醫基礎醫學(一)（包括中醫醫學史、中醫基礎理論、內經、難經）.csv,
37,"下列何者不是參與月經生理表現的主要藏象？
(A)心 (B)脾 (C)肺 (D)腎",C,95-中醫基礎醫學(一)（包括中醫醫學史、中醫基礎理論、內經、難經）.csv,
38,"下列何者為脾的主要生理功能？
(A)主血脈、主神志 (B)主運化、主升清 (C)主疏泄、主藏血 (D)主生殖、主水",B,95-中醫基礎醫學(一)（包括中醫醫學史、中醫基礎理論、內經、難經）.csv,
39,"三焦的部位劃分所包含的臟腑，下列何者正確？
(A)上焦包括心、肺 (B)中焦包括脾、胃、肝、膽
(C)中焦包括脾、胃、大小腸 (D)下焦不包括脾、胃、肝、膽",A,95-中醫基礎醫學(一)（包括中醫醫學史、中醫基礎理論、內經、難經）.csv,
40,"下列何者非「肝主疏泄」的生理功能？
(A)調暢氣機 (B)促進脾胃的運化作用 (C)排泄人體的廢物 (D)調暢情志",C,95-中醫基礎醫學(一)（包括中醫醫學史、中醫基礎理論、內經、難經）.csv,
41,"關於「膽」的敘述，下列何者錯誤？
(A)膽汁是由肝的精氣所生成的 (B)膽負責儲藏及排泄膽汁
(C)當膽汁上逆時會出現口苦現象 (D)當膽汁外溢於肌膚時會出現黑斑
代號：1111
頁次：4－3",D,95-中醫基礎醫學(一)（包括中醫醫學史、中醫基礎理論、內經、難經）.csv,
42,"有關心與肝的藏象生理關聯性，下列敘述何者錯誤？
(A)兩者的主要關係表現於血液及神志兩方面
(B)當全身血虛出現時，肝血虛與心血虛也會同時出現
(C)肝所藏之魂是隨心所藏之神運作
(D)兩者的主要關聯性是血液生成",D,95-中醫基礎醫學(一)（包括中醫醫學史、中醫基礎理論、內經、難經）.csv,
43,"小明利用暑假到火力發電廠打工，一個月之後發現自己皮膚乾燥皺縮，口中覺得很乾燥，而且容易便秘。
請問環境病因造成體內何種物質的大量減少而產生上述症狀？
(A)衛氣 (B)營血 (C)津液 (D)原氣",C,95-中醫基礎醫學(一)（包括中醫醫學史、中醫基礎理論、內經、難經）.csv,
44,"下列有關氣的敘述，何者錯誤？
(A)人體的氣，主要來源於先天之精氣，水穀精氣，呼吸清氣
(B)人受氣於穀，穀氣入胃，以傳於肺，五臟六腑，皆以受氣
(C)人一離母腹時，便有此呼吸清氣
(D)真氣又名元氣，乃先身生之精氣也，非肺氣不能滋之",D,95-中醫基礎醫學(一)（包括中醫醫學史、中醫基礎理論、內經、難經）.csv,
45,"依《素問．上古天真論》，月經來潮與下列何者最不相關？
(A)任脈通暢 (B)太衝脈盛 (C)天癸至 (D)肝氣條達",D,95-中醫基礎醫學(一)（包括中醫醫學史、中醫基礎理論、內經、難經）.csv,
46,"氣能使血循行於脈中，而不溢出脈外，是透過下列何者的能力來完成的？
(A)心 (B)肝 (C)腎 (D)脾",D,95-中醫基礎醫學(一)（包括中醫醫學史、中醫基礎理論、內經、難經）.csv,
47,"《靈樞．癰疽》記述「中焦出氣如露，上注谿谷，而滲孫脈，津液和調，變化而赤為血」，是指下列何
者之功能？
(A)宗氣 (B)元氣 (C)衛氣 (D)營氣",D,95-中醫基礎醫學(一)（包括中醫醫學史、中醫基礎理論、內經、難經）.csv,
48,"依《素問．上古天真論》所述，下列何者是女子七七天癸竭的原因？
(A)少陽脈衰 (B)陽明脈衰 (C)三陽脈衰 (D)任脈虛衰",D,95-中醫基礎醫學(一)（包括中醫醫學史、中醫基礎理論、內經、難經）.csv,
49,"《素問．上古天真論》中「腎者主水」的含義是：
(A)腎主全身水液的蒸騰氣化作用 (B)腎為水臟而柔潤
(C)腎受五藏六府之精而藏之 (D)腎開竅於二陰，主小便出",C,95-中醫基礎醫學(一)（包括中醫醫學史、中醫基礎理論、內經、難經）.csv,
50,"依《靈樞．經脈》，「大鐘」為下列何者之名？
(A)手太陰之別 (B)足少陰之別 (C)手心主之別 (D)足太陽之別",B,95-中醫基礎醫學(一)（包括中醫醫學史、中醫基礎理論、內經、難經）.csv,
51,"21歲空手道選手於練習擊破時發生「拳擊手骨折」，復健治療時依循經取穴原則，下列何經不須考慮？
(A)手太陽 (B)手少陽 (C)手少陰 (D)手太陰",D,95-中醫基礎醫學(一)（包括中醫醫學史、中醫基礎理論、內經、難經）.csv,
52,"依據《靈樞．經脈》的描述，手厥陰心包經有問題時會出現下列那些臨床表現？
(A)肋骨下緣或胸部側面疼痛，不能轉動，足外反熱
(B)頸前方腫，不可以回頭，肩膀和上臂好像被拔折似的不舒服
(C)手心熱，臂肘有牽引緊繃感不舒服，腋下腫
(D)頸後側好像被拔伸似的不舒服，脊椎疼痛，腰好像是要被折斷一樣，膝蓋窩有緊繃感",C,95-中醫基礎醫學(一)（包括中醫醫學史、中醫基礎理論、內經、難經）.csv,
53,"因為下列那一經脈的循行經過咽喉，所以臨床上遇見咽乾病人時會考慮此經脈的臟腑來治療？
(A)手太陰肺經 (B)足太陽膀胱經 (C)足少陽膽經 (D)足少陰腎經",D,95-中醫基礎醫學(一)（包括中醫醫學史、中醫基礎理論、內經、難經）.csv,
54,"經脈的循行部位在臨床上有相當重要的意義，請問下列何者未經過眼睛？
(A)手少陰心經 (B)足厥陰肝經 (C)手太陰肺經 (D)足少陽膽經",C,95-中醫基礎醫學(一)（包括中醫醫學史、中醫基礎理論、內經、難經）.csv,
55,"根據《素問．繆刺論》記載，「令人耳聾，時不聞音」是邪客於何絡？
(A)手陽明之絡 (B)足少陰之絡 (C)足少陽之絡 (D)足厥陰之絡",A,95-中醫基礎醫學(一)（包括中醫醫學史、中醫基礎理論、內經、難經）.csv,
56,"《靈樞．經脈》記載「經脈者，常不可見也」，其虛實當由何處知之？
(A)絡脈 (B)氣口 (C)別絡 (D)舌苔",B,95-中醫基礎醫學(一)（包括中醫醫學史、中醫基礎理論、內經、難經）.csv,
57,"依《靈樞．逆順肥瘦》所記載，從手走頭的經脈為何？
(A)手之三陽 (B)足之三陽 (C)手之三陰 (D)足之三陰",A,95-中醫基礎醫學(一)（包括中醫醫學史、中醫基礎理論、內經、難經）.csv,
58,"47 歲王小姐為包裝工人，近日覺右手麻木，伴見燒灼感。神經學檢查發現為腕隧道症候群。其病機以
《內經》之原文來詮釋，下列何者最貼切？
(A)生病起於過用 (B)脾病而四支不用
(C)衛氣虛則不用 (D)入房太甚，宗筋弛縱",A,95-中醫基礎醫學(一)（包括中醫醫學史、中醫基礎理論、內經、難經）.csv,
59,"有關體質與發病的關係，下列敘述何者錯誤？
(A)陰虛體質者，亦會有脾濕的問題 (B)肥人易發熱病，因其陰血不足
(C)吹風易感冒者，體表衛氣較虛 (D)易勞傷者，中焦之氣必有所耗損",B,95-中醫基礎醫學(一)（包括中醫醫學史、中醫基礎理論、內經、難經）.csv,
60,"《素問．調經論篇》中有關風雨傷人的病機，下列敘述何者正確？
(A)風雨傷人，多呈現虛症
(B)其傳變為先客於皮膚，傳入於孫脈，孫脈滿則傳入於絡脈，絡脈滿則輸於大經脈
(C)風雨之邪易與血氣客於臟腑之間，其脈弦，故曰實
(D)大部分表現為神氣渙散不收之氣虛症",B,95-中醫基礎醫學(一)（包括中醫醫學史、中醫基礎理論、內經、難經）.csv,
61,"下列有關疾病病因的敘述，何者錯誤？
(A)勞逸為外邪之病因 (B)病理產物之瘀血亦為致病原因之一
(C)六淫外邪包含風寒暑濕燥火 (D)外傷亦為致病原因之一",A,95-中醫基礎醫學(一)（包括中醫醫學史、中醫基礎理論、內經、難經）.csv,
62,"若病人描述自己的頭像是包裹了東西一樣，此時醫生該考慮的病因為何？
(A)風 (B)寒 (C)濕 (D)燥",C,95-中醫基礎醫學(一)（包括中醫醫學史、中醫基礎理論、內經、難經）.csv,
63,"《內經》的病機十九條中，有關五臟之病機，下列敘述何者錯誤？
(A)諸痛癢瘡，皆屬於心 (B)諸濕腫滿，皆屬於脾
(C)諸寒收引，皆屬於肺 (D)諸風掉眩，皆屬於肝
代號：1111
頁次：4－4",C,95-中醫基礎醫學(一)（包括中醫醫學史、中醫基礎理論、內經、難經）.csv,
64,"依據《靈樞．百病始生》所言，「腸鳴飱泄，食不化。」為腸胃感受下列何種邪氣？
(A)風 (B)寒 (C)暑 (D)火",B,95-中醫基礎醫學(一)（包括中醫醫學史、中醫基礎理論、內經、難經）.csv,
65,"依《靈樞．癰疽》，關於「疽」之病機敘述，下列何者錯誤？
(A)下陷肌膚 (B)筋髓枯 (C)內連五臟 (D)寒氣盛",D,95-中醫基礎醫學(一)（包括中醫醫學史、中醫基礎理論、內經、難經）.csv,
66,"依《素問．厥論》，下列關於「寒厥」的敘述，何者正確？
(A)陽氣衰於上 (B)寒厥之寒，必從膝下至五指
(C)陰氣勝 (D)熱盛於中",C,95-中醫基礎醫學(一)（包括中醫醫學史、中醫基礎理論、內經、難經）.csv,
67,"下列有關「肝氣鬱結證」的敘述，何者正確？
(A)肝氣鬱結指肝的疏泄功能太過 (B)可出現手足蠕動之現象
(C)若痰氣互結，可形成腫塊 (D)容易犯胃",C,95-中醫基礎醫學(一)（包括中醫醫學史、中醫基礎理論、內經、難經）.csv,
68,"下列何者是「內濕」形成之病機？
(A)多因心虛導致 (B)易阻遏氣機
(C)易見盜汗 (D)胃氣虛損，不能為脾行津液",B,95-中醫基礎醫學(一)（包括中醫醫學史、中醫基礎理論、內經、難經）.csv,
69,"下列何者與津液的生成、輸布與排泄最無直接關係？
(A)心 (B)脾 (C)肺 (D)腎",A,95-中醫基礎醫學(一)（包括中醫醫學史、中醫基礎理論、內經、難經）.csv,
70,"邪熱內盛，反見四肢厥冷，為下列何項病機？
(A)陰損及陽 (B)陽損及陰 (C)陰盛格陽 (D)陽盛格陰",D,95-中醫基礎醫學(一)（包括中醫醫學史、中醫基礎理論、內經、難經）.csv,
71,"關於《素問．熱論》「兩感於寒」的病機，下列敘述何者錯誤？
(A)指傷寒之兩感，表裏俱困
(B)發病時，起病急，發展快
(C)其病情重，預後差
(D)其初得病時，一律用發汗法治療，不可用攻下法治療",D,95-中醫基礎醫學(一)（包括中醫醫學史、中醫基礎理論、內經、難經）.csv,
72,"關於內寒與外寒之差異，下列敘述何者正確？
(A)內寒的產生多與脾腎陽氣不足有關
(B)外寒指機體陽氣不足，則溫煦功能失職，機體缺乏陽氣的溫煦和推動所致
(C)外寒侵犯人體，不會損傷機體陽氣，與內寒病機無關
(D)內寒是指自然界寒邪對人體的致病作用及機體的反應狀態而言",A,95-中醫基礎醫學(一)（包括中醫醫學史、中醫基礎理論、內經、難經）.csv,
73,"關於「失眠多夢」的病因病機，下列敘述何者錯誤？
(A)心陽偏亢，陽不入陰，心神不能入舍所致
(B)為邪熱、痰火，擾動心神，神不安藏所致
(C)因肺的陽氣不足，溫煦不足，虛寒中生所致
(D)為心陰心血虧損，陰不斂陽，心神浮越，失於斂藏所致",C,95-中醫基礎醫學(一)（包括中醫醫學史、中醫基礎理論、內經、難經）.csv,
74,"有關引起氣滯血瘀之病因病機，下列敘述何者錯誤？
(A)因肝主疏泄而藏血，肝氣鬱結不暢，氣滯而血滯所致
(B)因風熱初期，溫邪犯肺，損傷津液所致
(C)因閃挫外傷傷及氣血，氣滯和血瘀同時形成
(D)因心主血脈而行血，心脈閉阻不通，可見血瘀而導致氣滯之病",B,95-中醫基礎醫學(一)（包括中醫醫學史、中醫基礎理論、內經、難經）.csv,
75,"因操勞過度耗傷肝腎之陰，以致陰虛陽亢，久之陽浮陰虧，終至陰不制陽，肝之陽氣升動無制，陽化為
風，形成風氣內動，為下列何者之病機敘述？
(A)痰熱生風 (B)血虛生風 (C)熱極生風 (D)肝陽化風",D,95-中醫基礎醫學(一)（包括中醫醫學史、中醫基礎理論、內經、難經）.csv,
76,"關於氣逆之症狀與病機，下列敘述何者錯誤？
(A)若氣逆於肺，則肺失肅降，發為咳逆，氣喘
(B)若氣逆在胃，則胃失和降，發為噁心，嘔吐
(C)若氣逆在肝，則肝氣逆上，發為頭痛脹滿，易怒
(D)若受驚恐刺激，脾胃之氣循督脈上逆，則可形成奔豚氣之病證",D,95-中醫基礎醫學(一)（包括中醫醫學史、中醫基礎理論、內經、難經）.csv,
77,"根據《靈樞．癰疽》，下列何者並非形成癰腫的病機？
(A)可因寒邪客於經絡之中，血脈不通所致
(B)寒氣化為熱，熱毒盛熾，使肌肉腐爛，肉腐便化膿
(C)血泣則不通，不通則衛氣歸之，不得復反而成癰腫
(D)風寒濕邪壓迫分肉，使津液凝聚而為癰腫",D,95-中醫基礎醫學(一)（包括中醫醫學史、中醫基礎理論、內經、難經）.csv,
79,"下列有關《素問．厥論》中厥的敘述，何者錯誤？
(A)寒厥起因於外感寒邪所致 (B)寒厥因陽氣衰，不能滲營其經脈所致
(C)熱厥因酒氣盛而慓悍，腎氣有衰，陽氣獨勝所致 (D)熱厥手足為之熱",A,95-中醫基礎醫學(一)（包括中醫醫學史、中醫基礎理論、內經、難經）.csv,
80,"《素問．咳論》中有關肺咳的病機，下列敘述何者錯誤？
(A)其病機可應用於臨床上常見病患外感未癒而喝冷飲咳甚者
(B)其病機可應用於臨床上常見病患咳嗽咳到脅下痛
(C)外感寒邪，先從皮毛入
(D)寒飲食入胃，從肺脈上至於肺則肺寒，內外合邪而咳",B,95-中醫基礎醫學(一)（包括中醫醫學史、中醫基礎理論、內經、難經）.csv,
1,"依宋代《明理論》十劑之說，增液湯可歸為何劑？
(A)滑劑 (B)泄劑 (C)通劑 (D)濕劑",D,95-中醫基礎醫學(二)（包括中醫方劑學、中醫藥物學）.csv,
2,"下列有關荊防敗毒散與九味羌活湯之敘述，何者錯誤？
(A)皆可治外感風寒濕內有蘊熱 (B)皆有羌活、防風、川芎、甘草
(C)荊防敗毒散中以川芎、柴胡為次（臣）藥 (D)九味羌活湯中以蒼朮、防風為次（臣）藥",A,95-中醫基礎醫學(二)（包括中醫方劑學、中醫藥物學）.csv,
3,"下列何者不是桑杏湯組成藥物？
(A)香豉 (B)象貝 (C)桔梗 (D)梔皮",C,95-中醫基礎醫學(二)（包括中醫方劑學、中醫藥物學）.csv,
4,"34 歲男性患者主訴咳嗽已 3 日，症見咳緊，甚則會喘急，身熱服西藥後熱退又復發，口渴，苔薄黃
質偏紅，脈滑數。最宜下列何方治療？
(A)杏蘇散 (B)麻杏甘石湯 (C)止嗽散 (D)桑杏湯",B,95-中醫基礎醫學(二)（包括中醫方劑學、中醫藥物學）.csv,
5,"下列何者在煎製過程中，大黃均應後下？
(A)大承氣湯與調胃承氣湯 (B)小承氣湯與調胃承氣湯
(C)大承氣湯與溫脾湯 (D)小承氣湯與溫脾湯",C,95-中醫基礎醫學(二)（包括中醫方劑學、中醫藥物學）.csv,
6,"下列有關《溫病條辨》新加黃龍湯之敘述，何者正確？
(A)方中有大承氣湯之組成 (B)熱積便秘者忌用
(C)方中包含有人參、玄參、海參等藥物 (D)以桔梗宣上開下，即宣肺通腸腑也",C,95-中醫基礎醫學(二)（包括中醫方劑學、中醫藥物學）.csv,
7,"下列何方具有益氣升陽，清熱除濕之功用？
(A)補中益氣湯 (B)益氣聰明湯 (C)參苓白朮散 (D)升陽益胃湯",D,95-中醫基礎醫學(二)（包括中醫方劑學、中醫藥物學）.csv,
8,"增水行舟法的代表方為下列何者？
(A)麻子仁丸 (B)濟川煎 (C)增液湯 (D)大補陰丸",C,95-中醫基礎醫學(二)（包括中醫方劑學、中醫藥物學）.csv,
9,"四君子湯的功用為下列何者？
(A)溫中袪寒 (B)燥濕運脾 (C)益氣健脾 (D)止瀉益氣
代號：2111
頁次：12－2",C,95-中醫基礎醫學(二)（包括中醫方劑學、中醫藥物學）.csv,
10,"補中益氣湯主治下列何者？
(A)渴喜溫飲，少氣懶言，體倦肢軟，面色白，大便稀溏，舌質淡苔薄白，脈虛軟無力
(B)中氣不足，清陽不升，症見目生障翳，視物不清，耳鳴耳聾，失眠健忘，怠惰乏力，舌淡苔白，
脈緩弱
(C)自利不渴，嘔吐，脘腹痛，喜溫欲按，不欲飲食，畏寒肢冷，舌淡苔白，脈沉細
(D)怠惰嗜臥，四肢不收，肢體酸重疼痛，口苦口乾，不思食，大便不調，小便頻數，舌苔厚膩，脈
濡數",A,95-中醫基礎醫學(二)（包括中醫方劑學、中醫藥物學）.csv,
11,"歸脾湯的組成為下列何者？
(A)大棗、人參、黃耆、遠志、龍眼肉、茯神、酸棗仁、香附、當歸、白朮、炙甘草、生薑
(B)當歸、茯神、酸棗仁、黃耆、遠志、炙甘草、白朮、生薑、龍骨、木香、大棗、人參
(C)生薑、當歸、龍眼肉、茯神、酸棗仁、遠志、木香、人參、炙甘草、黃耆、大棗、白朮
(D)酸棗仁、白朮、黃耆、當歸、茯苓、遠志、木香、龍眼肉、炙甘草、人參、生薑、大棗",C,95-中醫基礎醫學(二)（包括中醫方劑學、中醫藥物學）.csv,
12,"下列有關大補陰丸之敘述，何者錯誤？
(A)治陰虛火旺，骨蒸潮熱，咳嗽喀血 (B)方中藥物皆是滋補腎陰藥
(C)食少便溏，舌苔白厚者，不宜使用 (D)豬脊髓蒸熟，煉蜜為丸，空心鹽湯下",B,95-中醫基礎醫學(二)（包括中醫方劑學、中醫藥物學）.csv,
13,"下列何者是一貫煎的治法？
(A)滋陰疏肝 (B)養血疏肝 (C)滋陰清胃 (D)滋陰降火",A,95-中醫基礎醫學(二)（包括中醫方劑學、中醫藥物學）.csv,
14,"下列何方主治一切實熱火毒，充斥三焦，舌紅苔黃，脈數有力？
(A)清瘟敗毒飲 (B)普濟消毒飲 (C)黃連解毒湯 (D)仙方活命飲",C,95-中醫基礎醫學(二)（包括中醫方劑學、中醫藥物學）.csv,
15,"若見脾胃虛寒，兼有外感表證，瀉痢不止，心下痞鞭，發熱惡寒，表裏不解，協熱下痢者，最宜使
用下列何方？
(A)理中丸 (B)桂枝人參湯 (C)附子理中丸 (D)吳茱萸湯",B,95-中醫基礎醫學(二)（包括中醫方劑學、中醫藥物學）.csv,
16,"下列何者為《蘭室秘藏》清胃散的藥物組成？
(A)當歸、黃芩、丹參、升麻、生地 (B)升麻、生地、當歸、黃連、牡丹皮
(C)黃連、生地、丹參、當歸、升麻 (D)生地、升麻、牡丹皮、黃芩、當歸",B,95-中醫基礎醫學(二)（包括中醫方劑學、中醫藥物學）.csv,
17,"下列何者為《金匱要略》黃耆桂枝五物湯的藥物組成？
(A)大棗、桂枝、炙甘草、生薑、黃耆 (B)桂枝、大棗、黃耆、炙甘草、芍藥
(C)黃耆、大棗、芍藥、生薑、桂枝 (D)桂枝、炙甘草、芍藥、黃耆、生薑
代號：2111
頁次：12－3",C,95-中醫基礎醫學(二)（包括中醫方劑學、中醫藥物學）.csv,
18,"熱毒侵入血分證，症見下痢膿血，裏急後重，舌紅苔黃，脈弦數時，宜用下列何方？
(A)導赤散 (B)白頭翁湯 (C)清胃散 (D)瀉黃散",B,95-中醫基礎醫學(二)（包括中醫方劑學、中醫藥物學）.csv,
19,"病患若見咳嗽，甚則氣急欲喘，皮膚蒸熱，舌紅苔黃，脈細數之症狀，宜使用下列何方？
(A)止嗽散 (B)韋莖湯 (C)瀉白散 (D)定喘湯",C,95-中醫基礎醫學(二)（包括中醫方劑學、中醫藥物學）.csv,
20,"下列關於《醫學發明》所載之復元活血湯的敘述，何者正確？
(A)既有活血去瘀止痛，又有止血的功效 (B)主治證之病機為瘀熱互結於少腹
(C)配用大黃的目的在於蕩滌留瘀敗血 (D)川芎、桃仁均是組成藥物之一",C,95-中醫基礎醫學(二)（包括中醫方劑學、中醫藥物學）.csv,
21,"下列何書籍係由政府主持編寫的第一部方書？
(A)《外台秘要》 (B)《備急千金要方》 (C)《太平聖惠方》 (D)《醫方集解》",C,95-中醫基礎醫學(二)（包括中醫方劑學、中醫藥物學）.csv,
22,"下列各項敘述，何者正確？
(A)《傅青主女科》所載之生化湯是重用桃仁為主（君）藥
(B)《金匱要略》所載之溫經湯可用治瘀熱互結於下焦之痛經
(C)《金匱要略》所載之溫經湯與《傷寒論》的桃仁承氣湯均配伍有桂枝
(D)《傷寒論》所載之桃仁承氣湯配用大黃只為蕩滌實熱",C,95-中醫基礎醫學(二)（包括中醫方劑學、中醫藥物學）.csv,
23,"陳先生所患的脅腹肋痛被診斷是因肝氣鬱滯，氣鬱化火所致，最宜選用下列何方治療？
(A)高良薑、香附 (B)延胡索、川楝子 (C)黃連、吳茱萸 (D)木香、黃連",B,95-中醫基礎醫學(二)（包括中醫方劑學、中醫藥物學）.csv,
24,"下列有關《內外傷辨惑論》厚朴溫中湯的敘述，何者正確？
(A)治痰氣互結，肺胃宣降失常所致之證
(B)適治證患者的舌苔以白膩最為常見
(C)木香、砂仁、乾薑均是藥物組成之一
(D)茯苓、甘草是本方與半夏厚朴湯共有的組成藥物",B,95-中醫基礎醫學(二)（包括中醫方劑學、中醫藥物學）.csv,
25,"酸棗仁湯主治之失眠證的病機為何？
(A)心腎陰虧，陰虛內擾 (B)肝血不足，陰虛內熱 (C)肝鬱化火，內擾心神 (D)心氣不足，心神不安",B,95-中醫基礎醫學(二)（包括中醫方劑學、中醫藥物學）.csv,
26,"安宮牛黃丸的功用為何？
(A)清心通竅，熄風安神 (B)清熱開竅，豁痰解毒 (C)滋陰清熱，定驚安神 (D)清熱解毒，化濁止痙",B,95-中醫基礎醫學(二)（包括中醫方劑學、中醫藥物學）.csv,
27,"下列何方有清熱利濕退黃之功？
(A)茵陳蒿湯 (B)八正散 (C)三仁湯 (D)四妙丸",A,95-中醫基礎醫學(二)（包括中醫方劑學、中醫藥物學）.csv,
28,"指迷茯苓丸中具有一面蕩滌中脘伏痰，一面消融四肢之流痰之作用的佐藥為何？
(A)半夏 (B)茯苓 (C)枳殼 (D)風化硝
代號：2111
頁次：12－4",D,95-中醫基礎醫學(二)（包括中醫方劑學、中醫藥物學）.csv,
29,"25歲男性，九月突覺頭痛身微熱，伴有咳嗽但無痰、口渴咽乾，望其舌紅苔薄白而乾，切其脈浮數、
右脈大。下列何方最適宜？
(A)桑菊飲 (B)清燥救肺湯 (C)桑杏湯 (D)麥門冬湯",C,95-中醫基礎醫學(二)（包括中醫方劑學、中醫藥物學）.csv,
30,"消風散使用下列何項疏風解表止癢的藥物？
(A)銀花、連翹、薄荷、葛根 (B)銀花、連翹、荊芥、桑葉
(C)荊芥、防風、連翹、蟬蛻 (D)荊芥、防風、蟬蛻、牛蒡子",D,95-中醫基礎醫學(二)（包括中醫方劑學、中醫藥物學）.csv,
31,"下列何者既可治療風濕，又可治療水濕？
(A)五苓散 (B)實脾散 (C)真武湯 (D)防己黃耆湯",D,95-中醫基礎醫學(二)（包括中醫方劑學、中醫藥物學）.csv,
32,"下列何者是五苓散與豬苓湯的共同藥物？
(A)茯苓、桂枝 (B)茯苓、白朮 (C)豬苓、滑石 (D)澤瀉、豬苓",D,95-中醫基礎醫學(二)（包括中醫方劑學、中醫藥物學）.csv,
33,"下列何者為二陳湯之運用主證？
(A)咳嗽痰多，清稀色白，舌苔白滑 (B)咳嗽痰多色黃粘難咯，舌紅苔黃膩，脈滑數
(C)五更咳嗽，咳嗽痰多，舌苔白膩，脈濡 (D)咳嗽、痰多色白易咯，舌苔白膩或白潤，脈滑",D,95-中醫基礎醫學(二)（包括中醫方劑學、中醫藥物學）.csv,
34,"香薷，銀花，鮮扁豆花，厚朴，連翹組成下列何方？
(A)新加香薷飲 (B)香薷飲 (C)加味香薷飲 (D)五味香薷飲",A,95-中醫基礎醫學(二)（包括中醫方劑學、中醫藥物學）.csv,
35,"瓜蔞貝母散之功用為何？
(A)清熱滌痰 (B)清氣化痰 (C)燥濕化痰 (D)潤肺化痰",D,95-中醫基礎醫學(二)（包括中醫方劑學、中醫藥物學）.csv,
36,"小陷胸湯之運用主證為何？
(A)胸脘痞悶，按之則痛，舌苔黃膩，脈滑數 (B)咳嗽痰稠，苔白膩，脈滑
(C)大便乾燥，舌苔黃厚，脈滑數有力 (D)癭瘤能推動而軟者，舌紅苔黃膩，脈滑數",A,95-中醫基礎醫學(二)（包括中醫方劑學、中醫藥物學）.csv,
37,"健脾丸之運用主證為何？
(A)脘腹痞悶，食少難消，大便溏薄，苔膩微黃，脈虛弱
(B)心下痞滿，倦怠乏力，大便不調，舌淡苔白，脈弱
(C)脘腹脹滿，噯腐吞酸，厭食，苔厚膩，脈滑
(D)脘腹脹痛，瀉痢，苔黃膩，脈滑數",A,95-中醫基礎醫學(二)（包括中醫方劑學、中醫藥物學）.csv,
38,"陳先生男38歲，幾天前下利經醫生治療仍未癒，現症見身熱，下利臭穢，肛門灼熱，口渴，胸脘煩
熱，喘而汗出，經醫生診察舌紅苔黃，脈數，最宜下列何方？
(A)葛根黃芩黃連湯 (B)白頭翁湯 (C)保和丸 (D)桃花湯
代號：2111
頁次：12－5",A,95-中醫基礎醫學(二)（包括中醫方劑學、中醫藥物學）.csv,
39,"因外感風寒，內傷生冷所造成的身熱無汗，頭痛身疼，項背拘急，胸滿惡食，嘔吐腹痛，最宜下列
何方？
(A)柴平湯 (B)五積散 (C)柴葛解肌湯 (D)防風通聖散",B,95-中醫基礎醫學(二)（包括中醫方劑學、中醫藥物學）.csv,
40,"大建中湯治中陽衰弱，陰寒內盛之證，若裏寒甚，宜加下列何藥？
(A)當歸 (B)蒼朮 (C)厚朴 (D)吳茱萸",D,95-中醫基礎醫學(二)（包括中醫方劑學、中醫藥物學）.csv,
41,"依《本草備要》記載，下列何者用以蕩滌腸胃實熱、積聚，推陳致新而破結軟堅？
(A)大黃 (B)蘆薈 (C)芒硝 (D)巴豆",C,95-中醫基礎醫學(二)（包括中醫方劑學、中醫藥物學）.csv,
42,"下列何者並非石膏之療效？
(A)肝鬱火旺 (B)胃熱嘔吐 (C)肺熱咳嗽 (D)暑熱煩渴",A,95-中醫基礎醫學(二)（包括中醫方劑學、中醫藥物學）.csv,
43,"下列何者非黃連之主治？
(A)腸胃濕熱所致的腹瀉、嘔吐 (B)胃火熾盛的嘔吐、口苦
(C)胃寒嘔吐，脾虛泄瀉 (D)三焦熱盛所致之高熱煩躁、口乾",C,95-中醫基礎醫學(二)（包括中醫方劑學、中醫藥物學）.csv,
44,"依《本草備要》記載，下列何藥大苦大寒，能益肝膽而瀉火，兼入膀胱腎經，除下焦之濕熱？
(A)黃柏 (B)黃連 (C)牡丹皮 (D)龍膽草",D,95-中醫基礎醫學(二)（包括中醫方劑學、中醫藥物學）.csv,
45,"下列何藥生用清熱瀉火，除煩止渴，煆用生肌斂瘡？
(A)知母 (B)梔子 (C)石膏 (D)天花粉",C,95-中醫基礎醫學(二)（包括中醫方劑學、中醫藥物學）.csv,
46,"下列何藥物利水通淋又可清心除煩，常用於小兒夜啼？
(A)瞿麥 (B)燈心草 (C)通草 (D)車前草",B,95-中醫基礎醫學(二)（包括中醫方劑學、中醫藥物學）.csv,
47,"依《本草備要》記載，治痼冷沉寒，能發汗，疏通血脈，宣導百藥，腹中冷痛的藥物是：
(A)附子 (B)肉桂 (C)桂心 (D)黃柏",B,95-中醫基礎醫學(二)（包括中醫方劑學、中醫藥物學）.csv,
48,"利水藥若應用不當，會有何缺點產生？
(A)耗傷津液 (B)腹瀉 (C)氣虛 (D)手足冰冷",A,95-中醫基礎醫學(二)（包括中醫方劑學、中醫藥物學）.csv,
49,"下列何藥能清肺化痰、利咽開音、潤腸通便？
(A)胖大海 (B)羅漢果 (C)麥門冬 (D)藏青果",A,95-中醫基礎醫學(二)（包括中醫方劑學、中醫藥物學）.csv,
50,"下列有關艾葉的敘述，何者正確？
(A)苦辛，生涼熟熱，純陽之性
(B)鮮艾葉配合涼血止血的藥物如鮮生地，可用於血熱妄行的衄血、咯血
(C)散寒止痛宜炒炭用
(D)溫經止血宜生用
代號：2111
頁次：12－6",B,95-中醫基礎醫學(二)（包括中醫方劑學、中醫藥物學）.csv,
51,"依《本草備要》記載，下列何藥能破宿血，生新血，功兼四物，為女科要藥？
(A)丹參 (B)當歸 (C)太子參 (D)玄參",A,95-中醫基礎醫學(二)（包括中醫方劑學、中醫藥物學）.csv,
52,"依《本草備要》記載，下列何藥為諸黃風痺之要藥，兼治風瘡疥癬，女子陰中腫痛？
(A)防風 (B)白鮮皮 (C)秦艽 (D)木瓜",B,95-中醫基礎醫學(二)（包括中醫方劑學、中醫藥物學）.csv,
53,"下列何者並非牡丹皮之療效？
(A)陰虛發熱，有汗骨蒸 (B)血熱妄行，吐血衄血 (C)瘀血阻滯，經閉痛經 (D)肝鬱火旺，發熱頭痛",A,95-中醫基礎醫學(二)（包括中醫方劑學、中醫藥物學）.csv,
54,"下列有關天麻的敘述，何者錯誤？
(A)用治驚風抽搐之證，不論寒證、熱證，皆可配用
(B)血液衰少，及類中風者忌用
(C)用於肝陽上亢所致的眩暈、頭痛等證最為常用
(D)具清熱解毒的功效",D,95-中醫基礎醫學(二)（包括中醫方劑學、中醫藥物學）.csv,
55,"下列何者是陰虛陽亢、煩躁汗多、咳嗽、吐血、精滑者宜慎服的藥物？
(A)芎藭 (B)石菖蒲 (C)冬葵子 (D)決明子",B,95-中醫基礎醫學(二)（包括中醫方劑學、中醫藥物學）.csv,
56,"肺陰不足，勞嗽痰血，宜選用下列何藥治療？
(A)冬蟲夏草 (B)蛤蚧 (C)紫河車 (D)鹿茸",A,95-中醫基礎醫學(二)（包括中醫方劑學、中醫藥物學）.csv,
57,"失眠驚悸兼有陰虛盜汗，最適合選用何藥？
(A)合歡皮 (B)酸棗仁 (C)柏子仁 (D)琥珀",B,95-中醫基礎醫學(二)（包括中醫方劑學、中醫藥物學）.csv,
58,"依《本草備要》記載，下列有關石斛的敘述何者錯誤？
(A)入脾腎二經 (B)暖水臟、平胃氣 (C)療風痹腳弱 (D)治發熱無汗",D,95-中醫基礎醫學(二)（包括中醫方劑學、中醫藥物學）.csv,
59,"下列何藥物為成熟果實並能行氣寬中，化痰消積？
(A)檳榔 (B)枳實 (C)枳殼 (D)川楝子",C,95-中醫基礎醫學(二)（包括中醫方劑學、中醫藥物學）.csv,
60,"台灣市售的何種藥材有以筆筒樹之枝幹代用？
(A)骨碎補 (B)貫眾 (C)狗脊 (D)萆薢",B,95-中醫基礎醫學(二)（包括中醫方劑學、中醫藥物學）.csv,
61,"下列有關川芎藥材來源及炮製功效的敘述，何者正確？
(A)罌粟科，生用祛風止痛，酒炒活血通經 (B)罌粟科，生用祛風止痛，醋炒行氣止痛
(C)繖形科，生用祛風止痛，酒炒活血通經 (D)繖形科，酒炒活血通經，醋炒行氣止痛",C,95-中醫基礎醫學(二)（包括中醫方劑學、中醫藥物學）.csv,
62,"薏苡仁生用、炒用不具下列何功效？
(A)利水祛濕 (B)清肺消癰 (C)健脾止瀉 (D)清心火
代號：2111
頁次：12－7",D,95-中醫基礎醫學(二)（包括中醫方劑學、中醫藥物學）.csv,
63,"下列那一種藥材呈「懷中抱月、觀音座」的特徵？
(A)爐貝 (B)青貝 (C)松潘貝 (D)平貝",C,95-中醫基礎醫學(二)（包括中醫方劑學、中醫藥物學）.csv,
64,"下列何者並非川貝母的功效？
(A)清化熱痰 (B)潤化燥痰 (C)散結消腫 (D)生津止渴",D,95-中醫基礎醫學(二)（包括中醫方劑學、中醫藥物學）.csv,
65,"下列何藥其性味屬辛、苦、寒？
(A)薑黃 (B)鬱金 (C)乳香 (D)莪朮",B,95-中醫基礎醫學(二)（包括中醫方劑學、中醫藥物學）.csv,
66,"下列何藥性苦寒傷胃而滑腸，多服令人瀉？
(A)獨活 (B)黃連 (C)穀精草 (D)知母",D,95-中醫基礎醫學(二)（包括中醫方劑學、中醫藥物學）.csv,
67,"人參、西洋參皆歸於下列何經？
(A)肝經 (B)肺經 (C)腎經 (D)心經",B,95-中醫基礎醫學(二)（包括中醫方劑學、中醫藥物學）.csv,
1,"依據經絡循行，有關頭痛的敘述，下列何者正確？
(A)前額頭痛與手厥陰心包經有關 (B)兩顳側頭痛與足少陽膽經有關
(C)後頭部連頸疼痛與足陽明胃經有關 (D)兩顳側頭痛與手陽明大腸經有關",B,96-中醫基礎醫學(一)（包括中醫醫學史、中醫基礎理論、內經、難經）.csv,
2,"有關脾與胃的生理敘述，下列何者錯誤？
(A)胃氣降，水穀及糟粕得以下行 (B)脾氣升，水穀精微得上輸於肺
(C)胃喜燥惡濕，脾喜潤惡燥 (D)兩者共同完成食物的消化、吸收及精微輸布",C,96-中醫基礎醫學(一)（包括中醫醫學史、中醫基礎理論、內經、難經）.csv,
3,"下列關於血的基本概念中，何者錯誤？
(A)是由中焦受氣取汁，變化而赤 (B)是維持生命活動的基本物質之一
(C)血海是血液運行的管道 (D)是由營和津液所組成的",C,96-中醫基礎醫學(一)（包括中醫醫學史、中醫基礎理論、內經、難經）.csv,
4,"依《素問．陰陽應象大論》，故邪風之至，疾如風雨，故善治者治……；說明病邪深入的規律，下列何
者正確？
(A)善治者治皮毛，其次治筋脈，其次治六腑，其次治五臟 (B)善治者治皮毛，其次治筋脈，其次治肉，其次治骨
(C)善治者治皮毛，其次治肉，其次治脈，其次治骨 (D)善治者治皮毛，其次治筋脈，其次治五臟，其次治六腑",A,96-中醫基礎醫學(一)（包括中醫醫學史、中醫基礎理論、內經、難經）.csv,
5,"婦科胎、產、經、帶等問題，若考慮從奇經八脈方面來治療，應選擇下列何者？
(A)陰蹻與陽蹻 (B)陰維與陽維 (C)宗脈與心脈 (D)衝脈與任脈",D,96-中醫基礎醫學(一)（包括中醫醫學史、中醫基礎理論、內經、難經）.csv,
6,"依《靈樞．經脈》，循行通過頏顙的經脈，為下列何者？
(A)足太陰脾經 (B)足厥陰肝經 (C)足少陰腎經 (D)足少陽膽經",B,96-中醫基礎醫學(一)（包括中醫醫學史、中醫基礎理論、內經、難經）.csv,
7,"下列何者的運行路線是日間在體表，夜間入於體內？
(A)元氣 (B)營氣 (C)衛氣 (D)宗氣",C,96-中醫基礎醫學(一)（包括中醫醫學史、中醫基礎理論、內經、難經）.csv,
8,"《素問．上古天真論》以下列何者的盛衰為中心，分別以女七男八為系數，來描述人體生長壯老過程及
生殖機能？
(A)脾氣 (B)腎氣 (C)心氣 (D)胃氣",B,96-中醫基礎醫學(一)（包括中醫醫學史、中醫基礎理論、內經、難經）.csv,
9,"血液的正常運行，取決於下列那些氣的協調作用？
(A)推動與固攝 (B)溫煦與防禦 (C)氣化與溫煦 (D)氣化與固攝",A,96-中醫基礎醫學(一)（包括中醫醫學史、中醫基礎理論、內經、難經）.csv,
10,"關於津液的敘述，下列何者錯誤？
(A)津液，是機體正常水液的總稱
(B)脾在津液的生成、輸布代謝中處於首當其衝的地位
(C)肺通過肅降的功能，把津液向下向內輸布到腎、膀胱及下部身體
(D)性質較清稀，流動性較大的，散於體表皮膚、肌肉、孔竅，滲入血脈，起滋潤作用的稱作液",D,96-中醫基礎醫學(一)（包括中醫醫學史、中醫基礎理論、內經、難經）.csv,
11,"依《靈樞．癰疽》，因寒邪客於經絡之中，導致血脈不通，而使得衛氣歸之，不得復反而發。為下列何
種疾病之病機？
(A)癰腫 (B)熱厥 (C)筋痿 (D)風水",A,96-中醫基礎醫學(一)（包括中醫醫學史、中醫基礎理論、內經、難經）.csv,
12,"請問由左乳下的「虛里」可以觀察下列何氣的盛衰？
(A)腎氣 (B)胃氣 (C)真氣 (D)宗氣",D,96-中醫基礎醫學(一)（包括中醫醫學史、中醫基礎理論、內經、難經）.csv,
13,"依《素問．痹論》，有關痹證之敘述，下列何者正確？
(A)痹在骨則屈不伸 (B)痹在脈則寒 (C)痹在肉則不仁 (D)痹在筋則血凝而不流",C,96-中醫基礎醫學(一)（包括中醫醫學史、中醫基礎理論、內經、難經）.csv,
14,"那一個臟腑的功能正常，會出現生長發育良好、小便排泄功能正常、髮黑有光澤、骨骼強壯？
(A)心 (B)肝 (C)腎 (D)脾",C,96-中醫基礎醫學(一)（包括中醫醫學史、中醫基礎理論、內經、難經）.csv,
15,"依《素問．至真要大論》，諸濕腫滿屬於下列何臟？
(A)心 (B)肝 (C)脾 (D)肺",C,96-中醫基礎醫學(一)（包括中醫醫學史、中醫基礎理論、內經、難經）.csv,
16,"依據中醫藏象理論，有關女子胞的敘述下列何者正確？
(A)亦稱精室 (B)胞絡者，系于腎 (C)胞脈者，屬肝而絡于胞中 (D)為六腑之一",B,96-中醫基礎醫學(一)（包括中醫醫學史、中醫基礎理論、內經、難經）.csv,
17,"依據中醫藏象理論，有關胃的敘述，下列何者正確？
(A)為受盛之官 (B)喜潤惡燥 (C)主通調水道 (D)主升發",B,96-中醫基礎醫學(一)（包括中醫醫學史、中醫基礎理論、內經、難經）.csv,
18,"依《素問．金匱真言論》，下列何者開竅於二陰？
(A)肝 (B)心 (C)脾 (D)腎",D,96-中醫基礎醫學(一)（包括中醫醫學史、中醫基礎理論、內經、難經）.csv,
19,"依《難經．六十六難》，「主通行三氣，經歷於五藏六府」的是下列何者？
(A)膽 (B)三焦 (C)肺 (D)心
代號：1112
頁次：4－2",B,96-中醫基礎醫學(一)（包括中醫醫學史、中醫基礎理論、內經、難經）.csv,
20,"依《素問．欬論》，關於欬嗽的病機敘述，下列何者錯誤？
(A)肺欬，乃因內外寒邪相合所致
(B)五臟各以其時受病，乘春則肝先受之
(C)肝欬之狀，欬則右脅下痛，陰陰引肩背，甚則不可以動，動則欬劇
(D)治臟者治其俞，治腑者治其合，浮腫者治其經",C,96-中醫基礎醫學(一)（包括中醫醫學史、中醫基礎理論、內經、難經）.csv,
21,"分析藥物性能的陰陽屬性中，下列何者屬於陽？
(A)甘涼 (B)苦寒 (C)辛溫 (D)酸甘",C,96-中醫基礎醫學(一)（包括中醫醫學史、中醫基礎理論、內經、難經）.csv,
22,"「壯水之主以制陽光」是治療陰陽不平衡的狀況，其理論根據屬於下列何者？
(A)陽虛 (B)陰虛 (C)陰陽兩虛 (D)陰虛陽亢",D,96-中醫基礎醫學(一)（包括中醫醫學史、中醫基礎理論、內經、難經）.csv,
23,"依《難經》，下列治損之法何者錯誤？
(A)損其肺者，益其氣 (B)損其心者，調其榮衛 (C)損其脾者，緩其中 (D)損其腎者，益其精",C,96-中醫基礎醫學(一)（包括中醫醫學史、中醫基礎理論、內經、難經）.csv,
24,"經脈氣往上衝逆之病症，常見於下列那條經脈？
(A)督脈 (B)陽維脈 (C)陽蹻脈 (D)衝脈",D,96-中醫基礎醫學(一)（包括中醫醫學史、中醫基礎理論、內經、難經）.csv,
25,"下列何者不是《難經》對於脈診之創見？
(A)診脈的輕重以五段診法 (B)色脈尺膚合參的診法 (C)四季平脈與變脈 (D)懷孕之脈",D,96-中醫基礎醫學(一)（包括中醫醫學史、中醫基礎理論、內經、難經）.csv,
26,"關於奇經八脈的敘述，下列何者錯誤？
(A)不與五臟直接連屬 (B)無陰陽表裡配偶關係
(C)除任脈、督脈與帶脈三脈外，均無專穴 (D)衝脈、陽維、陰維皆屬於奇經八脈",C,96-中醫基礎醫學(一)（包括中醫醫學史、中醫基礎理論、內經、難經）.csv,
27,"關於研究《黃帝內經》醫家之敘述，下列何者正確？
(A)馬蒔是校注素問最早的醫家
(B)楊上善是第一位對內經進行分類研究，注成《黃帝內經太素》
(C)王叔和調整篇目順序，辨認錯簡，增補缺文，重編素問
(D)王冰著《素問玄機原病式》、《素問要旨》，闡明六氣皆從火化之理",B,96-中醫基礎醫學(一)（包括中醫醫學史、中醫基礎理論、內經、難經）.csv,
28,"下列醫史與著作之敘述，何者錯誤？
(A)《醫心方》乃以《諸病源候論》之論，引證方書百餘家
(B)《海藥本草》是一部總結和記述波斯等海外傳入中國藥物的專著
(C)宋元時期，我國醫學和醫學書籍才開始大量輸往日本，在日本形成了「漢方醫學」
(D)鑒真和尚東渡日本傳授中國醫術，對日本醫學發展貢獻很大",C,96-中醫基礎醫學(一)（包括中醫醫學史、中醫基礎理論、內經、難經）.csv,
29,"最早記載動物肝有「補肝明目」功效之書為何？
(A)《千金要方》 (B)《外臺秘要》 (C)《醫心方》 (D)《肘後方》",A,96-中醫基礎醫學(一)（包括中醫醫學史、中醫基礎理論、內經、難經）.csv,
30,"下列關於張元素的敘述，何者正確？
(A)張元素，字好古 (B)師承李東垣，醫旨以扶護元氣為主
(C)創制九味羌活湯以代大青龍湯 (D)守經信古，欲復活古法，尚不失古方的意義",C,96-中醫基礎醫學(一)（包括中醫醫學史、中醫基礎理論、內經、難經）.csv,
31,"下列那些醫者是清代著名溫病醫家？ 馬建中 薛生白 方有執 王士雄
(A) (B) (C) (D)",B,96-中醫基礎醫學(一)（包括中醫醫學史、中醫基礎理論、內經、難經）.csv,
32,"孫思邈提出「療傷寒之主方」，有下列那三種？ 桂枝 麻黃 柴胡 青龍
(A) (B) (C) (D)",B,96-中醫基礎醫學(一)（包括中醫醫學史、中醫基礎理論、內經、難經）.csv,
33,"若要研究「梅毒」在中國傳播發展的歷史，下列那一個病名研究的方向是錯誤的？
(A)楊梅瘡 (B)天泡瘡 (C)虜瘡 (D)廣東瘡",C,96-中醫基礎醫學(一)（包括中醫醫學史、中醫基礎理論、內經、難經）.csv,
34,"關於「眩暈」的病因病機，下列何者正確？
(A)因肝陰血不足，陰虛陽亢，肝陽上擾清竅所致 (B)因脾之陰血不足，統血功能失常所致
(C)因肺之宣發失常，毛孔開闔失常所致 (D)因心火循經脈上炎所致",A,96-中醫基礎醫學(一)（包括中醫醫學史、中醫基礎理論、內經、難經）.csv,
35,"下列有關「氣逆」病機的敘述，何者正確？
(A)指氣的上升過度或下降不及 (B)指氣的升舉無力
(C)常引起血瘀 (D)易導致陰陽離決",A,96-中醫基礎醫學(一)（包括中醫醫學史、中醫基礎理論、內經、難經）.csv,
36,"下列何者是「陰虛火旺」之主要病機？
(A)熱極化火 (B)陽氣鬱滯 (C)陰液大傷，虛火內生 (D)肝氣鬱滯，氣鬱化火",C,96-中醫基礎醫學(一)（包括中醫醫學史、中醫基礎理論、內經、難經）.csv,
37,"37歲陳先生抱怨失眠，伴見口乾、溲頻、胸悶、腹脹、納差等症。依《素問．逆調論》，其病機為何？
(A)胃不和則臥不安 (B)冬刺春分，病不已，令人欲臥不能眠，眠而有見
(C)溺黃赤不臥者，黃疸 (D)賊風虛邪，陽受之，入六府，則身熱不時臥",A,96-中醫基礎醫學(一)（包括中醫醫學史、中醫基礎理論、內經、難經）.csv,
38,"依《素問．陰陽應象大論》，關於情緒導致臟腑功能失調的敘述，下列何者正確？
(A)怒傷肝 (B)喜傷脾 (C)思傷腎 (D)恐傷心",A,96-中醫基礎醫學(一)（包括中醫醫學史、中醫基礎理論、內經、難經）.csv,
39,"關於《內經》病機十九條，下列敘述何者正確？
(A)諸氣膹鬱，皆屬於肺 (B)諸寒收引，皆屬於心 (C)諸濕腫滿，皆屬於腎 (D)諸風掉眩，皆屬於脾",A,96-中醫基礎醫學(一)（包括中醫醫學史、中醫基礎理論、內經、難經）.csv,
40,"依《靈樞．百病始生》，關於「積」形成的病機敘述，下列何者錯誤？
(A)寒邪厥逆於上，致氣機鬱滯不行，日久則成積也
(B)腸胃之絡傷，則血溢於腸外，腸外有寒，汁沫與血相搏，則並合凝聚不得散，而積成矣
(C)氣因寒逆則六經之輸不通，溫氣不行則陰血凝聚，血因氣逆而成積
(D)發生積滯的成因，主要是因暑熱致病
代號：1112
頁次：4－3",D,96-中醫基礎醫學(一)（包括中醫醫學史、中醫基礎理論、內經、難經）.csv,
41,"《素問．調經論篇》中有關神、氣、血、形、志之敘述，下列何者正確？
(A)其共同點表現在實者為氣機阻滯，虛者為精氣不足
(B)在臨床表現方面，脾腎二臟病，常見精神情志的異常
(C)在臨床表現方面，肺臟病，常見陰陽偏頗
(D)在臨床表現方面，肝臟病，常見陽氣不足",A,96-中醫基礎醫學(一)（包括中醫醫學史、中醫基礎理論、內經、難經）.csv,
42,"《難經．第二十九難》所記載奇經八脈之為病，「逆氣而裏急」的是何脈？
(A)任脈 (B)督脈 (C)衝脈 (D)帶脈",C,96-中醫基礎醫學(一)（包括中醫醫學史、中醫基礎理論、內經、難經）.csv,
43,"依《靈樞．經脈》，下列何經脈的病證「是主筋所生病者」？
(A)足太陰之脈 (B)手少陽之脈 (C)足太陽之脈 (D)手太陽之脈",C,96-中醫基礎醫學(一)（包括中醫醫學史、中醫基礎理論、內經、難經）.csv,
44,"依《靈樞．營氣》，有關營氣循行次第，下列敘述何者正確？
(A)手太陰肺經→手厥陰心包經 (B)足厥陰肝經→手太陰肺經
(C)手少陽三焦經→手厥陰心包經 (D)足少陰腎經→足太陽膀胱經",B,96-中醫基礎醫學(一)（包括中醫醫學史、中醫基礎理論、內經、難經）.csv,
45,"依《靈樞．經脈》，當出現耳聾耳閉、咽喉腫痛、說話或吞嚥困難等臨床表現時，應考慮那一經脈出問
題？
(A)手厥陰心包經 (B)手少陽三焦經 (C)足少陽膽經 (D)足厥陰肝經",B,96-中醫基礎醫學(一)（包括中醫醫學史、中醫基礎理論、內經、難經）.csv,
46,"下列何者為肺藏象生理正常時的特點？
(A)情緒穩定、腸胃消化排泄功能正常、指甲堅韌紅潤、筋肉強健靈活
(B)食慾良好、營養充足、肌肉豐滿強壯、水濕代謝正常
(C)呼吸平和順暢、不易外感、皮膚緻密、毛髮光澤
(D)情緒欣快喜樂、面色紅潤、舌色淡紅滋潤、脈象和緩有力跳動正常",C,96-中醫基礎醫學(一)（包括中醫醫學史、中醫基礎理論、內經、難經）.csv,
47,"關於氣虛病機與症狀，下列敘述何者錯誤？
(A)氣虛則衛外無力，肌表不固，而易汗出 (B)氣虛則四肢肌肉失養，周身倦怠乏力
(C)氣虛則清陽不升，清竅失養而精神萎頓，頭昏耳鳴 (D)氣虛則毛孔閉塞，汗不出",D,96-中醫基礎醫學(一)（包括中醫醫學史、中醫基礎理論、內經、難經）.csv,
48,"依《素問．生氣通天論》，下列敘述何者錯誤？
(A)味過於酸，肝氣以津 (B)味過於鹹，大骨氣勞 (C)味過於苦，腎氣不濡 (D)味過於辛，筋脈沮弛",C,96-中醫基礎醫學(一)（包括中醫醫學史、中醫基礎理論、內經、難經）.csv,
49,"關於飲食所傷的致病特點，下列敘述何者錯誤？
(A)多食鹹，則脈凝泣 (B)進食不足，則易化生內熱，引起癰疽瘡毒
(C)飲酒多則內生濕熱而傷陰 (D)傷食則噯腐泛酸，噫敗卵臭",B,96-中醫基礎醫學(一)（包括中醫醫學史、中醫基礎理論、內經、難經）.csv,
50,"關於六淫之中的濕邪，下列敘述何者錯誤？
(A)濕為陰邪，易損傷陽氣 (B)濕性輕揚 (C)濕性黏滯 (D)濕性趨下",B,96-中醫基礎醫學(一)（包括中醫醫學史、中醫基礎理論、內經、難經）.csv,
51,"依《素問．舉痛論》，關於寒氣客於小腸膜原之間之病機描述，下列何者正確？
(A)與炅氣相薄則脈滿，滿則痛不可按
(B)血泣不得注於大經，血氣稽留不得行，故宿昔而成積
(C)厥逆上出，痛而嘔
(D)寒氣客則脈不通，故喘動應手",B,96-中醫基礎醫學(一)（包括中醫醫學史、中醫基礎理論、內經、難經）.csv,
52,"依《難經．四難》，有關心肺脈的特性，下列何者正確？
(A)浮而大散者心也 (B)浮而短濇者心也 (C)浮而大散者肺也 (D)浮而長者心也",A,96-中醫基礎醫學(一)（包括中醫醫學史、中醫基礎理論、內經、難經）.csv,
53,"有關魏晉隋唐名醫之敘述，下列何者錯誤？
(A)晉．葛洪，道號抱朴子，著《肘後方》、《抱朴子》
(B)梁．陶弘景，道號華陽子，著《太素脈經》
(C)隋唐．孫思邈，道號妙應真人，著《千金要方》、《千金翼方》
(D)自葛洪至孫思邈前後約三百五十年間的醫藥養生思想，為道家思想，有人稱此為葛洪時代",B,96-中醫基礎醫學(一)（包括中醫醫學史、中醫基礎理論、內經、難經）.csv,
54,"下列藥政之敘述，何者錯誤？
(A)宋代設太醫局熟藥所於京師，此為官立藥局之始，後又增設和劑惠民藥局，貨藥濟四方
(B)北宋設和劑局與惠民局，惠民局是官辦藥房，製藥以供應和劑局
(C)宋代政府頒行方書，《太平聖惠方》選方一萬六千八百首。北宋末年，《聖濟總錄》選方近二萬
(D)《普濟方》為明代朱橚所主編，共六萬多方",B,96-中醫基礎醫學(一)（包括中醫醫學史、中醫基礎理論、內經、難經）.csv,
55,"關於氣與血的關係，下列敘述何者錯誤？
(A)氣行，血乃流
(B)血虛亦會氣滯
(C)氣陷，血隨氣下，會出現少腹墜脹，面色不華，並見下血、尿血、崩漏的症狀
(D)治療血行失常時，不能在治血藥中配伍降氣、升提等藥物，以防出血",D,96-中醫基礎醫學(一)（包括中醫醫學史、中醫基礎理論、內經、難經）.csv,
56,"關於因水液停貯，導致氣機阻滯之病機，下列敘述何者錯誤？
(A)水飲阻肺，則肺失宣發肅降，而致肺氣壅滯，可見胸滿咳嗽，喘促不能平臥
(B)水氣凌心，則可阻遏心氣和心陽，可見心悸、心慌之症
(C)水飲停滯中焦，阻遏脾胃氣機，而見頭昏困倦，納呆食滯
(D)水飲阻滯經脈，經脈氣機不暢，則可見肢體定處抽搐瞤動",D,96-中醫基礎醫學(一)（包括中醫醫學史、中醫基礎理論、內經、難經）.csv,
57,"依《靈樞．周痹》，關於「眾痹」與「周痹」之比較，下列敘述何者正確？
(A)周痹發作會左右移動 (B)周痹易復發 (C)眾痹之疼痛持久 (D)眾痹發作會上下移動",D,96-中醫基礎醫學(一)（包括中醫醫學史、中醫基礎理論、內經、難經）.csv,
58,"依《素問．奇病論》，「膽癉」之特點不包括下列何項？
(A)口苦 (B)謀慮不決 (C)膽虛 (D)易轉為消渴
代號：1112
頁次：4－4",D,96-中醫基礎醫學(一)（包括中醫醫學史、中醫基礎理論、內經、難經）.csv,
59,"下列有關導致疾病發生的原因，何者錯誤？
(A)病理產物之痰為致病原因之一 (B)癘氣致病指有傳染性的疾病
(C)蟲獸咬傷為外因，房勞為內因 (D)病理產物之瘀血為致病原因之一",C,96-中醫基礎醫學(一)（包括中醫醫學史、中醫基礎理論、內經、難經）.csv,
60,"下列何者並非《素問．湯液醪醴論》中用來治療水腫病的方法？
(A)潔淨府 (B)開神門 (C)繆刺 (D)去菀陳莝",B,96-中醫基礎醫學(一)（包括中醫醫學史、中醫基礎理論、內經、難經）.csv,
61,"依《靈樞．經筋》，循行「起於足小指，上結於踝」的是何經之筋？
(A)足太陽之筋 (B)足少陽之筋 (C)足陽明之筋 (D)足太陰之筋",A,96-中醫基礎醫學(一)（包括中醫醫學史、中醫基礎理論、內經、難經）.csv,
62,"下列何者非《內經》養生基本法則？
(A)不時御神 (B)法于陰陽 (C)和於術數 (D)不妄作勞",A,96-中醫基礎醫學(一)（包括中醫醫學史、中醫基礎理論、內經、難經）.csv,
63,"依《素問．陰陽應象大論》，「在志為憂」是屬何臟的生理情志？
(A)肝 (B)脾 (C)肺 (D)心",C,96-中醫基礎醫學(一)（包括中醫醫學史、中醫基礎理論、內經、難經）.csv,
64,"《三國演義》中周瑜吐血一症，其病機為何？
(A)思則氣結 (B)寒則氣收 (C)怒則氣上 (D)恐則氣下",C,96-中醫基礎醫學(一)（包括中醫醫學史、中醫基礎理論、內經、難經）.csv,
65,"十二經脈中，手三陰循行在手臂後路（靠小指側）的是何經？
(A)肺經 (B)心經 (C)心包經 (D)三焦經",B,96-中醫基礎醫學(一)（包括中醫醫學史、中醫基礎理論、內經、難經）.csv,
66,"當人活動時血歸於各經脈，但當人靜臥時血歸於那一個臟腑？
(A)心 (B)肝 (C)脾 (D)腎",B,96-中醫基礎醫學(一)（包括中醫醫學史、中醫基礎理論、內經、難經）.csv,
67,"先天原氣是以下列何者為主要通路，送達五臟六腑？
(A)血脈 (B)三焦 (C)膀胱 (D)經絡",B,96-中醫基礎醫學(一)（包括中醫醫學史、中醫基礎理論、內經、難經）.csv,
68,"《靈樞．本神》中提及人思慮的過程，下列敘述何者正確？
(A)用來辨識外來刺激的是「神」 (B)心中產生初步的意念是「意」
(C)將產生的意念長存記憶是「智」 (D)依據記憶而思考如何變通是「慮」",B,96-中醫基礎醫學(一)（包括中醫醫學史、中醫基礎理論、內經、難經）.csv,
69,"下列何者為「奇恒之腑」？
(A)三焦 (B)膀胱 (C)膽 (D)命門",C,96-中醫基礎醫學(一)（包括中醫醫學史、中醫基礎理論、內經、難經）.csv,
70,"下列以五行學說闡釋人體組織結構生理功能的敘述中，何者錯誤？
(A)以五行的抽象屬性類比五臟的生理功能
(B)以五行的推演繹絡方法，將人體內外環境聯結成一個整體
(C)以五行的生剋制化闡釋五臟的生理聯繫
(D)以經絡為中心推演人體結構功能的五行屬性",D,96-中醫基礎醫學(一)（包括中醫醫學史、中醫基礎理論、內經、難經）.csv,
71,"中醫所說乙癸同源與下列那個概念相當？
(A)水生木 (B)木生火 (C)火生土 (D)土生金",A,96-中醫基礎醫學(一)（包括中醫醫學史、中醫基礎理論、內經、難經）.csv,
72,"應用陰陽理論於疾病的治療中，說明熱者寒之，下列敘述何者錯誤？
(A)陽勝則熱多屬實熱證，宜用寒涼藥以損其有餘之陽 (B)用藥之陰，以制病之陽
(C)治熱以寒 (D)以溫熱藥補其不足之陽",D,96-中醫基礎醫學(一)（包括中醫醫學史、中醫基礎理論、內經、難經）.csv,
73,"在《難經》分類上，厥頭痛的病機為何？
(A)手三陽之脈受風寒致氣逆 (B)髓海有病 (C)五臟氣紊亂 (D)心氣紊亂",A,96-中醫基礎醫學(一)（包括中醫醫學史、中醫基礎理論、內經、難經）.csv,
74,"下列何者不是宋代由國家頒行的方書？
(A)太平聖惠方 (B)太平惠民和劑局方 (C)聖濟總錄 (D)衛生寶鑑",D,96-中醫基礎醫學(一)（包括中醫醫學史、中醫基礎理論、內經、難經）.csv,
75,"下列醫家與著作之敘述何者正確？
(A)李用粹所著的《類證治裁》是首先類證論治的專書 (B)朱丹溪以症為首，再尋因脈治，而著《症因脈治》
(C)武之望以《女科證治準繩》為基礎編著《女科經綸》(D)唐大烈主編的《吳醫匯講》是最早的中醫雜誌",D,96-中醫基礎醫學(一)（包括中醫醫學史、中醫基礎理論、內經、難經）.csv,
76,"請以年代先後順序排列下述醫家： 董奉 葛洪 王燾 竇材
(A) (B) (C) (D)",A,96-中醫基礎醫學(一)（包括中醫醫學史、中醫基礎理論、內經、難經）.csv,
77,"有關「陽虛則寒」的病機，下列敘述何者正確？
(A)陰液不足和滋養、寧靜功能減退，以及陽氣相對亢盛所致
(B)陰寒之邪獨盛於內，而出現寒邪積於胸腹，血脈凝滯不暢所致
(C)陽氣虛衰，陽虛不能制陰，陽氣的溫煦功能減弱所致
(D)上焦肺氣宣發不利，腠理閉塞，汗不得出，陽氣鬱盛於體表所致",C,96-中醫基礎醫學(一)（包括中醫醫學史、中醫基礎理論、內經、難經）.csv,
78,"關於「因虛而致實」的病機，下列敘述何者正確？
(A)因機體虛損，臟腑功能減弱，氣血運行不暢，導致瘀血痰濁滯留體內
(B)主要由於邪氣盛未能及時治療，導致抗禦致病邪氣能力低下
(C)主要由於邪氣亢盛，正氣未衰，正邪相爭所致
(D)主要由於正氣不足，抗禦致病邪氣能力低下，正邪相爭不明顯",A,96-中醫基礎醫學(一)（包括中醫醫學史、中醫基礎理論、內經、難經）.csv,
79,"依《靈樞．癰疽》，下列有關癰與疽的敘述，何者錯誤？
(A)疽者，其表皮不紅不澤 (B)癰者，表皮紅腫薄而光澤
(C)癰者，骨髓不為焦枯，五藏不為所傷 (D)疽者，其熱氣較輕，著於肌膚",D,96-中醫基礎醫學(一)（包括中醫醫學史、中醫基礎理論、內經、難經）.csv,
80,"有關引起「脘腹痛」的病因病機，下列敘述何者錯誤？
(A)因脾氣虛，運化無力所致 (B)因胃中宿食停滯所致
(C)因肺氣失宣，肺氣不時上逆所致 (D)因脾胃虛寒，失其溫煦，寒凝氣滯所致",C,96-中醫基礎醫學(一)（包括中醫醫學史、中醫基礎理論、內經、難經）.csv,
1,"下列何方具有發表溫裏，順氣化痰，活血消積之功用？
(A)五積散 (B)麻黃附子細辛湯 (C)防風通聖散 (D)清金化痰丸",A,96-中醫基礎醫學(二)（包括中醫方劑學、中醫藥物學）.csv,
2,"下列何者為《傷寒論》三物白散之組成？
(A)大黃、生薑、甘草 (B)巴豆、貝母、桔梗 (C)附子、乾薑、巴戟天 (D)大黃、知母、蘇梗",B,96-中醫基礎醫學(二)（包括中醫方劑學、中醫藥物學）.csv,
3,"長於健脾益氣，滲濕止瀉的方劑為下列何者？
(A)五苓散 (B)四君子湯 (C)胃苓湯 (D)參苓白朮散",D,96-中醫基礎醫學(二)（包括中醫方劑學、中醫藥物學）.csv,
4,"關於六味地黃丸的方義，下列何者錯誤？
(A)山萸肉滋腎陰 (B)山藥補肺氣 (C)澤瀉配熟地瀉腎降濁 (D)丹皮配山萸肉瀉肝火",B,96-中醫基礎醫學(二)（包括中醫方劑學、中醫藥物學）.csv,
5,"下列何者既治痹證，又治腳氣？
(A)大秦艽湯 (B)獨活寄生湯 (C)當歸拈痛湯 (D)九味羌活湯",C,96-中醫基礎醫學(二)（包括中醫方劑學、中醫藥物學）.csv,
6,"下列何者具有利水清熱養陰的功用？
(A)豬苓湯 (B)五苓散 (C)八正散 (D)六味地黃丸",A,96-中醫基礎醫學(二)（包括中醫方劑學、中醫藥物學）.csv,
7,"小青龍湯之主（君）藥為下列何者？
(A)細辛、乾薑 (B)五味子、白芍 (C)麻黃、桂枝 (D)半夏、五味子",C,96-中醫基礎醫學(二)（包括中醫方劑學、中醫藥物學）.csv,
8,"四逆湯加白朮、大棗治療中寒發厥心痛，名為何方？
(A)朮附湯 (B)甘草乾薑湯 (C)回陽救急湯 (D)當歸四逆湯",A,96-中醫基礎醫學(二)（包括中醫方劑學、中醫藥物學）.csv,
9,"大柴胡湯中白芍與柴胡、枳實之配伍作用為何？
(A)和胃降逆止嘔 (B)調和氣血，治氣滯作痛
(C)急下存陰，治腹中實痛 (D)加強通降胃氣",B,96-中醫基礎醫學(二)（包括中醫方劑學、中醫藥物學）.csv,
10,"新加香薷飲之運用主證為何？
(A)身熱，口渴，頭目昏脹，舌紅苔薄白 (B)體倦少氣，口渴汗多，脈虛數
(C)身熱，心煩，口渴，小便短赤，舌苔黃 (D)惡寒無汗，口渴面赤，舌苔白膩",D,96-中醫基礎醫學(二)（包括中醫方劑學、中醫藥物學）.csv,
11,"清氣化痰丸之運用主證為何？
(A)咳嗽痰稠色黃，咯出不暢，苔黃膩，脈滑數 (B)胸脅作痛，咳痰帶血，舌紅苔黃，脈弦數
(C)咳促，皮膚蒸熱，舌紅苔黃 (D)痰停中脘，上攻於臂，舌苔白膩，脈弦滑",A,96-中醫基礎醫學(二)（包括中醫方劑學、中醫藥物學）.csv,
12,"陽明寒嘔腹痛，厥陰頭痛乾嘔，少陰吐利肢冷，均與胃氣虛寒，濁陰上逆有關，宜用下列何方？
(A)附子理中丸 (B)理中丸 (C)吳茱萸湯 (D)大建中湯",C,96-中醫基礎醫學(二)（包括中醫方劑學、中醫藥物學）.csv,
13,"下列何敘述不具有反佐之性質？
(A)白通加豬膽汁湯之人尿、豬膽汁 (B)左金丸中之吳茱萸
(C)寒藥熱服 (D)上病下治",D,96-中醫基礎醫學(二)（包括中醫方劑學、中醫藥物學）.csv,
14,"下列何者不是消風散的功用？
(A)化瘀 (B)清熱 (C)祛濕 (D)養血",A,96-中醫基礎醫學(二)（包括中醫方劑學、中醫藥物學）.csv,
15,"下列何方主治不能食，口乾咽燥，舌紅少苔，脈細數者？
(A)甘露飲 (B)益胃湯 (C)玉女煎 (D)橘皮竹茹湯",B,96-中醫基礎醫學(二)（包括中醫方劑學、中醫藥物學）.csv,
16,"依《傷寒論》，十棗湯之組成為何？
(A)甘遂、大戟、芫花、葶藶子、大棗 (B)甘遂、大戟、芫花、甘草
(C)甘遂、大戟、芫花、大棗 (D)甘遂、大戟、芫花、葶藶子、甘草
代號：2112
頁次：8－2",C,96-中醫基礎醫學(二)（包括中醫方劑學、中醫藥物學）.csv,
17,"有一女音樂家近日口渴心煩，夜間潮熱，肢蒸盜汗，舌紅少苔，脈細數，經醫師診斷為肝腎陰虧，
虛火內擾，宜用下列何方？
(A)白虎加人參湯 (B)炙甘草湯 (C)黃耆鱉甲散 (D)清骨散",D,96-中醫基礎醫學(二)（包括中醫方劑學、中醫藥物學）.csv,
19,"下列何方具有益氣清肺，止咳定喘之功用？
(A)定喘湯 (B)百合固金湯 (C)咳血方 (D)人參蛤蚧散",D,96-中醫基礎醫學(二)（包括中醫方劑學、中醫藥物學）.csv,
20,"下列何方組成中沒有白芍？
(A)羚角鉤藤湯 (B)鎮肝熄風湯 (C)大秦艽湯 (D)天麻鉤藤飲",D,96-中醫基礎醫學(二)（包括中醫方劑學、中醫藥物學）.csv,
21,"一心臟病患者二週來胸脅脹滿，眩暈心悸，短氣咳嗽，診見舌苔白滑，脈弦滑，下列何者為最佳
治療？
(A)苓桂朮甘湯 (B)半夏白朮天麻湯 (C)苓甘五味薑辛湯 (D)小陷胸湯",A,96-中醫基礎醫學(二)（包括中醫方劑學、中醫藥物學）.csv,
22,"脾運化失常，濕聚成痰，引動肝風，形成風痰上擾清陽、暈眩頭痛，最宜下列何方？
(A)止嗽散 (B)定癇丸 (C)半夏白朮天麻湯 (D)瓜蔞貝母散",C,96-中醫基礎醫學(二)（包括中醫方劑學、中醫藥物學）.csv,
23,"35 歲男性，一週來一身面目俱黃，黃色鮮明，伴有腹痛便秘，口渴，小便不利，望其舌苔黃膩，切
其脈沉數。下列何方最適宜？
(A)甘露消毒丹 (B)茵陳蒿湯 (C)黃連解毒湯 (D)茵陳五苓散",B,96-中醫基礎醫學(二)（包括中醫方劑學、中醫藥物學）.csv,
24,"下列何者為《傷寒六書》再造散之組成藥物？
(A)黃耆、人參、桂枝、甘草、熟附子、細辛、羌活、防風、川芎、煨生薑、芍藥
(B)黃耆、人參、桂枝、甘草、熟附子、細辛、羌活、防風、川芎、煨生薑、大棗
(C)黃耆、人參、桂枝、甘草、熟附子、細辛、羌活、防風、川芎、煨生薑、陳皮
(D)黃耆、人參、甘草、熟附子、細辛、羌活、防風、川芎、煨生薑、肉桂、大棗",A,96-中醫基礎醫學(二)（包括中醫方劑學、中醫藥物學）.csv,
25,"萆薢分清飲中益智仁與烏藥的配伍意義為何？
(A)溫腎縮尿 (B)理氣散寒 (C)溫中散寒 (D)溫脾攝唾",A,96-中醫基礎醫學(二)（包括中醫方劑學、中醫藥物學）.csv,
26,"血府逐瘀湯的藥物組成，包括下列那些？丹參、枳實 赤芍、牛膝 桃仁、紅花 柴胡、
桔梗
(A)  (B) (C) (D)",D,96-中醫基礎醫學(二)（包括中醫方劑學、中醫藥物學）.csv,
27,"有關以下四個理氣方劑：暖肝煎 橘皮竹茹湯 丁香柿蒂湯 瓜蔞薤白白酒湯，其主治
病機、功效或適應證分別是：呃逆，舌淡苔白，脈沉遲 胸陽不振，氣滯痰阻 肝腎陰寒，
氣機阻滯 降逆止呃，益氣清熱。下列配對何者正確？
(A)─；─；─；─ (B)─；─；─；─
(C)─；─；─；─ (D)─；─；─；─",C,96-中醫基礎醫學(二)（包括中醫方劑學、中醫藥物學）.csv,
28,"症見：怠惰嗜臥，四肢不收，肢體酸重疼痛，心不思食，大便不調，小便頻，口苦舌乾，脈濡數，
最宜下列何方？
(A)補中益氣湯 (B)八珍湯 (C)升陽益胃湯 (D)六君子湯",C,96-中醫基礎醫學(二)（包括中醫方劑學、中醫藥物學）.csv,
29,"43 歲男性患者因劇烈腹痛經急診住院，經檢查診斷為急性胰臟炎，西醫處置後會診中醫；症見：腹
部硬滿痛，按之痛甚，大便 3 日未解，口渴，煩躁眠差，苔黃乾質紅，脈沉緊有力。最宜用下列何
方治療？
(A)大陷胸湯 (B)大黃牡丹皮湯 (C)調胃承氣湯 (D)黃龍湯
代號：2112
頁次：8－3",A,96-中醫基礎醫學(二)（包括中醫方劑學、中醫藥物學）.csv,
30,"下列何者為導痰湯之運用主證？
(A)痰涎壅盛，飲食少思，舌苔厚膩，脈滑 (B)咳嗽喘逆，痰多食少，舌淡苔白膩，脈滑
(C)中風、舌強不能言、舌紅少苔、脈濡數 (D)咳嗽、咯痰難出，咽喉乾燥，舌紅苔少，脈數",A,96-中醫基礎醫學(二)（包括中醫方劑學、中醫藥物學）.csv,
31,"下列有關《丹溪心法》小薊飲子的敘述，何者正確？
(A)小便澀痛，小腹脹痛是本方之運用主證 (B)適應症之病機為下焦瘀熱，損傷膀胱血絡
(C)涼血化瘀藥有小薊、茜草、地榆 (D)清熱瀉濁藥有萆薢、滑石、黃柏",B,96-中醫基礎醫學(二)（包括中醫方劑學、中醫藥物學）.csv,
32,"下列何者為《太平惠民和劑局方》牡蠣散的藥物組成？
(A)黃耆、牡蠣、防風、白朮 (B)防風、麻黃、白朮、牡蠣
(C)牡蠣、黃耆、麻黃、浮小麥 (D)黃耆、浮小麥、牡蠣、麻黃根",D,96-中醫基礎醫學(二)（包括中醫方劑學、中醫藥物學）.csv,
33,"一建築師最近身體不適，經醫師問診有胸脅苦滿，目眩，口燥，咽乾，心煩喜嘔，往來寒熱，望診
舌苔薄白，脈診見弦脈，最宜用下列何方？
(A)四逆散 (B)逍遙散 (C)小柴胡湯 (D)白朮芍藥散",C,96-中醫基礎醫學(二)（包括中醫方劑學、中醫藥物學）.csv,
34,"有一位老師最近常有噯氣嘔吐，吞酸嘈雜之情形，經醫師問診有口苦咽乾，脅肋疼痛，望診舌紅苔
黃，脈診見弦數，宜用下列何方？
(A)瀉青丸 (B)左金丸 (C)龍腦丸 (D)清胃散",B,96-中醫基礎醫學(二)（包括中醫方劑學、中醫藥物學）.csv,
35,"桂枝茯苓丸除了桂枝和茯苓，尚包括那些組成藥物？芍藥 丹皮 紅花 桃仁
(A) (B) (C) (D)",B,96-中醫基礎醫學(二)（包括中醫方劑學、中醫藥物學）.csv,
36,"下列何者在方劑分類上屬於補益劑？
(A)參附湯 (B)炙甘草湯 (C)鱉甲煎丸 (D)健脾丸",B,96-中醫基礎醫學(二)（包括中醫方劑學、中醫藥物學）.csv,
37,"金鎖固精丸之主藥（君藥）為何？
(A)龍骨 (B)芡實 (C)牡蠣 (D)沙苑蒺藜",D,96-中醫基礎醫學(二)（包括中醫方劑學、中醫藥物學）.csv,
38,"下列何項不是黃連解毒湯的主治證？
(A)熱毒壅盛三焦之大熱煩燥 (B)熱擾神明之錯語不眠
(C)陰虛陽亢之口瘡 (D)熱壅肌肉之癰疽疔毒",C,96-中醫基礎醫學(二)（包括中醫方劑學、中醫藥物學）.csv,
39,"治療身熱夜甚，神煩不寐，斑疹隱隱，舌絳而乾，脈細數，最宜選用下列何方？
(A)《溫病條辨》化斑湯 (B)《疫疹一得》清瘟敗毒飲
(C)《溫病條辨》清營湯 (D)《和劑局方》紫雪丹",C,96-中醫基礎醫學(二)（包括中醫方劑學、中醫藥物學）.csv,
40,"生脈散的功用為下列何者？
(A)滋陰降火 (B)回陽益氣救脫 (C)益氣固表止汗 (D)益氣養陰，生津斂汗",D,96-中醫基礎醫學(二)（包括中醫方劑學、中醫藥物學）.csv,
41,"下列何藥性甘、苦、寒，用於治療消渴病？
(A)石膏 (B)知母 (C)淡竹葉 (D)梔子",B,96-中醫基礎醫學(二)（包括中醫方劑學、中醫藥物學）.csv,
42,"依《本草備要》，下列何藥能暖子宮又主金瘡折跌，止痛生肌，在女科和外科為上劑？
(A)續斷 (B)狗脊 (C)骨碎補 (D)鎖陽",A,96-中醫基礎醫學(二)（包括中醫方劑學、中醫藥物學）.csv,
43,"下列何藥能利濕退黃、清熱解毒、散瘀止痛、化痰止咳？
(A)薏苡仁 (B)茵陳 (C)虎杖 (D)金錢草",C,96-中醫基礎醫學(二)（包括中醫方劑學、中醫藥物學）.csv,
44,"下列何藥適用於陽萎兼有風濕病症？
(A)威靈仙 (B)海金沙 (C)巴戟天 (D)胡蘆巴",C,96-中醫基礎醫學(二)（包括中醫方劑學、中醫藥物學）.csv,
45,"大青能清熱解毒，善解下列那二經之實火熱毒？
(A)心肺 (B)心胃 (C)肺胃 (D)脾胃",B,96-中醫基礎醫學(二)（包括中醫方劑學、中醫藥物學）.csv,
46,"下列有關乳香、沒藥的敘述，何者錯誤？
(A)兩者都具有活血止痛的功效
(B)乳香功擅散血化瘀，沒藥偏於活血伸筋
(C)氣味辛烈，對胃腸道有較強刺激性，易致噁心嘔吐
(D)乳香、沒藥配合，外敷患處，有消腫止痛、去腐生肌之效
代號：2112
頁次：8－4",B,96-中醫基礎醫學(二)（包括中醫方劑學、中醫藥物學）.csv,
47,"下列何者並非竹茹的臨床應用？
(A)肺熱咳嗽，咯痰黃稠 (B)痰火內擾，心煩不安 (C)血熱所致的齒齦出血 (D)胃寒嘔吐",D,96-中醫基礎醫學(二)（包括中醫方劑學、中醫藥物學）.csv,
57,"依《本草備要》，何種症狀不宜服用吳茱萸？
(A)胃脘疼痛，喜熱惡寒者 (B)血虛有火者
(C)產後餘血者 (D)肝經濕寒者",B,96-中醫基礎醫學(二)（包括中醫方劑學、中醫藥物學）.csv,
58,"下列何種補氣藥具利水功能？
(A)人參 (B)西洋參 (C)白朮 (D)黨參",C,96-中醫基礎醫學(二)（包括中醫方劑學、中醫藥物學）.csv,
59,"黃柏除具有清熱燥濕，瀉火解毒等功效外，尚有下列何功效？
(A)制君火 (B)退虛熱 (C)瀉丙火 (D)去表熱",B,96-中醫基礎醫學(二)（包括中醫方劑學、中醫藥物學）.csv,
60,"黃芩用於清上焦熱，宜如何炮製？
(A)薑製 (B)酒製 (C)醋製 (D)蜜製",B,96-中醫基礎醫學(二)（包括中醫方劑學、中醫藥物學）.csv,
68,"下列何藥具有利水滲濕、清腎火之功效？
(A)薏苡仁 (B)澤瀉 (C)車前子 (D)滑石",B,96-中醫基礎醫學(二)（包括中醫方劑學、中醫藥物學）.csv,
69,"製川烏的炮製應以何法較適當？
(A)黑豆酒蒸 (B)黑豆甘草煮 (C)甘草水煮 (D)酒醋蒸",B,96-中醫基礎醫學(二)（包括中醫方劑學、中醫藥物學）.csv,
70,"下列有關蒼朮炮製功效的敘述，何者錯誤？
(A)生用祛風燥濕，治風濕痺痛 (B)生用祛風燥濕，米泔水製燥濕健脾
(C)生用清熱解毒，米泔水製燥濕健脾 (D)米泔水製燥濕健脾，炒焦固腸止瀉",C,96-中醫基礎醫學(二)（包括中醫方劑學、中醫藥物學）.csv,
71,"大便溏瀉者忌服下列何藥？
(A) 人參 (B)肉蓯蓉 (C)淫羊藿 (D)扁豆",B,96-中醫基礎醫學(二)（包括中醫方劑學、中醫藥物學）.csv,
72,"下列何藥可以養肺胃陰又能治心煩失眠？
(A)沙參 (B)玉竹 (C)天門冬 (D)麥門冬",D,96-中醫基礎醫學(二)（包括中醫方劑學、中醫藥物學）.csv,
73,"下列何藥物內服過量可引起中毒，表現劇烈頭痛，嘔吐腹瀉，甚至驚厥抽搐，終因呼吸衰竭而死亡？
(A)烏梅 (B)川椒 (C)石榴皮 (D)吳茱萸",C,96-中醫基礎醫學(二)（包括中醫方劑學、中醫藥物學）.csv,
74,"下列何種藥物敷臍，可用於小便不通及腸梗阻？
(A)琥珀 (B)熊膽 (C)鹽 (D)麝香",D,96-中醫基礎醫學(二)（包括中醫方劑學、中醫藥物學）.csv,
75,"下列何藥物具熄風止痙，祛風定驚之效，可用於高熱，驚厥，抽搐，破傷風？
(A)白殭蠶 (B)斑蝥 (C)蜈蚣 (D)海蛇",A,96-中醫基礎醫學(二)（包括中醫方劑學、中醫藥物學）.csv,
76,"下列何藥能瀉肺平喘，利水消腫？
(A)桑白皮 (B)大腹皮 (C)茯苓皮 (D)地骨皮",A,96-中醫基礎醫學(二)（包括中醫方劑學、中醫藥物學）.csv,
77,"一病人肺寒喘咳，痰多清稀，下列何藥物可以溫肺化飲？
(A)杏仁 (B)細辛 (C)桔梗 (D)貝母",B,96-中醫基礎醫學(二)（包括中醫方劑學、中醫藥物學）.csv,
78,"下列何藥能治肝陽上亢之頭痛、眩暈，並為治瘰癧和癭瘤之常用藥？
(A)浙貝 (B)玄參 (C)海藻 (D)夏枯草",D,96-中醫基礎醫學(二)（包括中醫方劑學、中醫藥物學）.csv,
79,"能化濕行氣，溫中止嘔，止痛安胎的藥物是何者？
(A)砂仁 (B)藿香 (C)佩蘭 (D)厚朴",A,96-中醫基礎醫學(二)（包括中醫方劑學、中醫藥物學）.csv,
80,"甘遂、大戟的共同功效是何者？
(A)瀉水逐飲、殺蟲療瘡 (B)瀉水逐飲、去積蝕瘡 (C)瀉水逐飲、消腫散結 (D)瀉水逐飲、去痰利咽",C,96-中醫基礎醫學(二)（包括中醫方劑學、中醫藥物學）.csv,
1,"下列有關針灸的敘述，何者錯誤？
(A) 《靈樞》又稱《針經》
(B) 《甲乙經》為甄權所撰
(C) 孫思邈《千金要方》、《千金翼方》若干篇專論針灸之法，並最早提出阿是穴
(D) 唐代王燾《外臺秘要》，以針法深奧，經云針能殺生人而不能起死人，故書僅載灸法",B,97-中醫基礎醫學(一)（包括中醫醫學史、中醫基礎理論、內經、難經）.csv,
2,"下列那位醫家曾於江浙遭逢霍亂疫情，而著有霍亂專書？
(A) 王孟英 (B) 惲鐵樵 (C) 吳又可 (D) 薛雪",A,97-中醫基礎醫學(一)（包括中醫醫學史、中醫基礎理論、內經、難經）.csv,
3,"下列醫家及其學說之敘述，何者正確？
(A) 張介賓發展了臟腑辨證，並總結了辨證用藥規律
(B) 李東垣重視調理脾胃，以養胃陽與胃陰並重著稱
(C) 王海藏提出「陽非有餘、真陰不足」之論點
(D) 戴原禮推求闡發朱震亨未盡之意而作《推求師意》",D,97-中醫基礎醫學(一)（包括中醫醫學史、中醫基礎理論、內經、難經）.csv,
4,"下列何者為現存最早的中醫骨傷科專書？
(A) 《傷科大成》 (B) 《永類鈐方》
(C) 《世醫得效方》 (D) 《仙授理傷續斷秘方》",D,97-中醫基礎醫學(一)（包括中醫醫學史、中醫基礎理論、內經、難經）.csv,
5,"現存最早的中醫口腔咽喉科專書，是何人所著？
(A) 薛己 (B) 鄭梅澗 (C) 陳司成 (D) 陳自明",A,97-中醫基礎醫學(一)（包括中醫醫學史、中醫基礎理論、內經、難經）.csv,
7,"下列脈學專著何者是根據《脈經》所載，以正《脈訣》之失，且簡明易曉，流傳甚廣？
(A) 《瀕湖脈學》 (B) 《太素脈訣》 (C) 《診家直訣》 (D) 《脈語》",A,97-中醫基礎醫學(一)（包括中醫醫學史、中醫基礎理論、內經、難經）.csv,
8,"下列有關診斷學的著作，何者錯誤？
(A) 張景岳提出《十問篇》 (B) 晉王叔和作《脈經》
(C) 明李時珍作《瀕湖脈學》 (D) 滑壽作《診家正眼》",D,97-中醫基礎醫學(一)（包括中醫醫學史、中醫基礎理論、內經、難經）.csv,
9,"關於《諸病源候論》之敘述，下列何者錯誤？
(A) 是隋太醫博士巢元方等所撰，是統述病理的專著
(B) 每病皆有論，述其源候
(C) 每病皆有方藥，方藥對其他醫家影響深遠
(D) 諸病之末有附以養生方導引法",C,97-中醫基礎醫學(一)（包括中醫醫學史、中醫基礎理論、內經、難經）.csv,
10,"如果將經脈比喻為台灣的溪流，則奇經八脈應屬下列何者？
(A) 台灣海峽 (B) 大甲溪 (C) 雙龍瀑布 (D) 日月潭
代號：1112
頁次：6－2",D,97-中醫基礎醫學(一)（包括中醫醫學史、中醫基礎理論、內經、難經）.csv,
11,"依據《難經》，「太陰之至，緊大而長」，是指何種脈象？
(A) 病脈 (B) 平脈
(C) 王脈 (D) 《傷寒論》中太陰經之死脈",C,97-中醫基礎醫學(一)（包括中醫醫學史、中醫基礎理論、內經、難經）.csv,
12,"人之面部耐寒的原因為何？
(A) 腦為神室 (B) 陽經上於頭面 (C) 衛氣出於頭 (D) 腦髓液之充盈",B,97-中醫基礎醫學(一)（包括中醫醫學史、中醫基礎理論、內經、難經）.csv,
13,"《難經》中「脈有輕重，何謂也？」，下列何者錯誤？
(A) 以菽之重量比擬指法用力輕重 (B) 即指脈之浮中沉之意
(C) 指病脈中之陰症陽症不同 (D) 分五段，以候五臟",C,97-中醫基礎醫學(一)（包括中醫醫學史、中醫基礎理論、內經、難經）.csv,
14,"《難經》中關於大便泄瀉的疾病，下列敘述何者錯誤？
(A) 胃泄者，飲食不化，腹脹滿 (B) 脾泄者，泄注，食即嘔吐逆
(C) 大腸泄，大便色白，腸鳴切痛 (D) 小腸泄，溲而便膿血，少腹痛",A,97-中醫基礎醫學(一)（包括中醫醫學史、中醫基礎理論、內經、難經）.csv,
15,"關於四季刺法的淺深描述，認為應隨時令變化，而調整下針劑量，下列相關敘述何者錯誤？
(A) 春夏時，陽氣在上，故當淺取之
(B) 秋冬時，人氣在下，故當深取之
(C) 長夏時，陽氣在上，故當得心肺陽氣後，將針插至深部
(D) 除了時令變化要調整外，體型之肥瘦、體質壯衰，初病與久病皆要考慮",C,97-中醫基礎醫學(一)（包括中醫醫學史、中醫基礎理論、內經、難經）.csv,
16,"陰陽的基本內容中，依《素問．陰陽應象大論》記載：「地氣上為雲，天氣下為雨，雨出地氣，雲
出天氣……」，對於清陽與濁陰影響身體的部位，下列原文何者正確？
(A) 清陽發腠理，濁陰走五藏 (B) 清陽充五藏，濁陰走六府
(C) 清陽充於表，濁陰走於裏 (D) 清陽上於頭，濁陰走於足",A,97-中醫基礎醫學(一)（包括中醫醫學史、中醫基礎理論、內經、難經）.csv,
17,"下列疾病與症狀發展過程中，何者不是陰陽的轉化？
(A) 熱邪壅肺的實熱證，在熱極傷氣陰的情況下，變為厥脫證
(B) 風寒外束的寒證感冒，入裏變為熱證
(C) 疲倦無力的氣虛變為虛寒怕冷的陽虛
(D) 白稀痰變為黃黏痰",C,97-中醫基礎醫學(一)（包括中醫醫學史、中醫基礎理論、內經、難經）.csv,
18,"五行學說中木的特性為何？
(A) 潤下 (B) 炎上 (C) 曲直 (D) 從革",C,97-中醫基礎醫學(一)（包括中醫醫學史、中醫基礎理論、內經、難經）.csv,
19,"《類經》中所述，「動極者鎮之以靜，陰亢者勝之以陽」的治療方式，符合陰陽理論中的那個作用？
(A) 對立制約 (B) 互根互用 (C) 消長平衡 (D) 相互轉化",A,97-中醫基礎醫學(一)（包括中醫醫學史、中醫基礎理論、內經、難經）.csv,
20,"八綱辨證中，下列敘述何者錯誤？
(A) 熱為陽 (B) 寒為陰 (C) 表為陰 (D) 虛為陰",C,97-中醫基礎醫學(一)（包括中醫醫學史、中醫基礎理論、內經、難經）.csv,
21,"依據《類證治裁．喘症》的敘述，「肺為氣之主」，而下列何臟為「氣之根」？
(A) 肝 (B) 脾 (C) 腎 (D) 心",C,97-中醫基礎醫學(一)（包括中醫醫學史、中醫基礎理論、內經、難經）.csv,
22,"依據《難經．四十四難》關於「七衝門」的記載，「大腸小腸會」為下列何者？
(A) 賁門 (B) 幽門 (C) 闌門 (D) 魄門",C,97-中醫基礎醫學(一)（包括中醫醫學史、中醫基礎理論、內經、難經）.csv,
23,"依據《素問．靈蘭秘典論》的敘述，為「州都之官，津液藏焉，氣化則能出」的是下列何者？
(A) 小腸 (B) 胃 (C) 大腸 (D) 膀胱",D,97-中醫基礎醫學(一)（包括中醫醫學史、中醫基礎理論、內經、難經）.csv,
24,"依據《素問．宣明五氣篇》中「五味所入」的敘述，鹹味入於下列何臟？
(A) 肝 (B) 心 (C) 肺 (D) 腎
代號：1112
頁次：6－3",D,97-中醫基礎醫學(一)（包括中醫醫學史、中醫基礎理論、內經、難經）.csv,
25,"依據《靈樞．本輸》的敘述，「津液之府」是指下列何者？
(A) 小腸 (B) 大腸 (C) 胃 (D) 膀胱",D,97-中醫基礎醫學(一)（包括中醫醫學史、中醫基礎理論、內經、難經）.csv,
26,"依據《素問．六節藏象論》的敘述，「其華在髮，其充在骨」指的是下列何者？
(A) 心 (B) 肝 (C) 脾 (D) 腎",D,97-中醫基礎醫學(一)（包括中醫醫學史、中醫基礎理論、內經、難經）.csv,
27,"依據中醫藏象理論，有關脾的特性與功能，下列敘述何者錯誤？
(A) 脾主升清 (B) 脾喜濕惡燥 (C) 脾主運化 (D) 脾藏意",B,97-中醫基礎醫學(一)（包括中醫醫學史、中醫基礎理論、內經、難經）.csv,
28,"依據中醫藏象理論，有關膀胱的敘述下列何者正確？
(A) 為津液之府 (B) 不約為癃 (C) 為受盛之官 (D) 為奇恒之府",A,97-中醫基礎醫學(一)（包括中醫醫學史、中醫基礎理論、內經、難經）.csv,
29,"依據《素問．靈蘭秘典論》的敘述，「君主之官，神明出焉」指的是下列何臟？
(A) 肝 (B) 心 (C) 腎 (D) 膽",B,97-中醫基礎醫學(一)（包括中醫醫學史、中醫基礎理論、內經、難經）.csv,
30,"下列奇恒之腑中，何者與心關係最為密切？
(A) 膽 (B) 脈 (C) 骨 (D) 髓",B,97-中醫基礎醫學(一)（包括中醫醫學史、中醫基礎理論、內經、難經）.csv,
31,"關於「宗氣」的生理特性，下列敘述何者正確？
(A) 宗氣，是積於胸中之氣。胸中又稱「膻中」，亦稱為「血海」
(B) 脾之大絡，名曰虛里，貫膈絡肺，出於左乳下。其動應衣，脈宗氣也
(C) 宗氣留於海，其下者，注於氣街
(D) 由肺從自然界吸入的清氣與先天原氣相互結合而成",C,97-中醫基礎醫學(一)（包括中醫醫學史、中醫基礎理論、內經、難經）.csv,
32,"《素問．上古天真論》中提及，能藏五臟六腑之精者為下列何者？
(A) 腎 (B) 命門 (C) 三焦 (D) 天癸",A,97-中醫基礎醫學(一)（包括中醫醫學史、中醫基礎理論、內經、難經）.csv,
33,"下列何者為「腎」藏象生理表現正常時的特點？
(A) 食慾良好、營養充足、肌肉豐滿強壯、水濕代謝正常
(B) 呼吸平和順暢、不易外感、皮膚緻密、毛髮光澤
(C) 情緒欣快喜樂、面色紅潤、舌色淡紅滋潤、脈象和緩有力跳動正常
(D) 生長發育良好、小便排泄功能正常、髮黑有光澤、骨骼強壯",D,97-中醫基礎醫學(一)（包括中醫醫學史、中醫基礎理論、內經、難經）.csv,
34,"下列何者不是用來評估「肝」藏象生理活動的特點？
(A) 情緒是否穩定 (B) 胸 脇 、兩乳或少腹等部位是否脹痛不舒服
(C) 筋膜、肌腱活動是否順暢 (D) 皮膚是否容易瘀青出血",D,97-中醫基礎醫學(一)（包括中醫醫學史、中醫基礎理論、內經、難經）.csv,
35,"七竅須有五臟之氣相通才有作用，依據《靈樞．脈度》的敘述，下列何者錯誤？
(A) 肺氣通於鼻，鼻便能呼吸分辨氣味 (B) 脾氣通於舌，舌便能品嚐分辨味道
(C) 肝氣通於目，目便能看見分辨顏色 (D) 腎氣通於耳，耳便能聽聞分辨聲音",B,97-中醫基礎醫學(一)（包括中醫醫學史、中醫基礎理論、內經、難經）.csv,
36,"「下焦」的生理功能為何？
(A) 腐熟運化水穀 (B) 傳化水穀糟粕，排泄二便
(C) 宣發布散精氣於全身 (D) 受納水穀",B,97-中醫基礎醫學(一)（包括中醫醫學史、中醫基礎理論、內經、難經）.csv,
37,"運作人體水液代謝的臟腑順序為何？
(A) 飲→胃→脾→肺→心→三焦→腎及膀胱 (B) 飲→胃→脾→肺→心→三焦
(C) 飲→胃→脾→心→三焦→腎及膀胱 (D) 飲→胃→脾→肺→三焦→腎及膀胱",D,97-中醫基礎醫學(一)（包括中醫醫學史、中醫基礎理論、內經、難經）.csv,
38,"下列何臟腑參與將食物化生成血？
(A) 心、肺、脾、胃、中焦 (B) 心、肺、脾、胃、下焦
(C) 肝、肺、脾、胃、中焦 (D) 心、肝、脾、胃、上焦",A,97-中醫基礎醫學(一)（包括中醫醫學史、中醫基礎理論、內經、難經）.csv,
39,"所謂「水火相濟」的生理意義是指下列何者？
(A) 肝腎之間陰質互相資生 (B) 肺腎之間陰質互相資生
(C) 心腎之間陰陽互相影響 (D) 肝腎之間陰陽互相影響
代號：1112
頁次：6－4",C,97-中醫基礎醫學(一)（包括中醫醫學史、中醫基礎理論、內經、難經）.csv,
40,"肺系是指下列何者？
(A) 舌本 (B) 口咽 (C) 鼻 (D) 氣管",D,97-中醫基礎醫學(一)（包括中醫醫學史、中醫基礎理論、內經、難經）.csv,
41,"關於心與脾兩臟之間的生理關聯性，下列敘述何者正確？
(A) 心主血脈，但要藉由脾氣幫助來推動血液 (B) 兩者的關係主要表現在神志方面
(C) 兩者主要關聯性是血液的生成與運行 (D) 心與脾一同完成水液的代謝",C,97-中醫基礎醫學(一)（包括中醫醫學史、中醫基礎理論、內經、難經）.csv,
42,"養生的具體要求在保全人的精氣神，下列何者不是從神養生的方法？
(A) 恬惔虛無，精神內守 (B) 志閑而少欲，心安而不懼
(C) 辯列星辰，逆從陰陽 (D) 高下不相慕",C,97-中醫基礎醫學(一)（包括中醫醫學史、中醫基礎理論、內經、難經）.csv,
43,"下列有關氣血津液之敘述，何者錯誤？
(A) 人臥血歸於肝
(B) 善治血者，不求之有形之血，而求之無形之氣
(C) 當歸補血湯，從補無形之氣著手，以達陽生陰長
(D) 對神的影響，津液勝於氣血",D,97-中醫基礎醫學(一)（包括中醫醫學史、中醫基礎理論、內經、難經）.csv,
44,"「滋臟腑，安神魂，潤顏色」，是下列何者的生理功能？
(A) 氣 (B) 血 (C) 精 (D) 津液",B,97-中醫基礎醫學(一)（包括中醫醫學史、中醫基礎理論、內經、難經）.csv,
45,"下列何者是營氣的主要生理功能？
(A) 調節腠理開合 (B) 溫養臟腑 (C) 護衛肌表 (D) 化生血液",D,97-中醫基礎醫學(一)（包括中醫醫學史、中醫基礎理論、內經、難經）.csv,
46,"《靈樞．天年》認為人至二十歲，血氣始盛，肌肉方長，故喜歡：
(A) 趨 (B) 走 (C) 步 (D) 坐",A,97-中醫基礎醫學(一)（包括中醫醫學史、中醫基礎理論、內經、難經）.csv,
47,"下列關於血與津液的敘述，何者錯誤？
(A) 大汗、大吐、大瀉下、久痢脫液，脈外津液嚴重不足，血量就會減少
(B) 奪血者無汗，奪汗者無血
(C) 亡血家不可發汗
(D) 血行脈中，津液和衛氣相同行於脈外",D,97-中醫基礎醫學(一)（包括中醫醫學史、中醫基礎理論、內經、難經）.csv,
48,"關於津液的敘述，下列何者錯誤？
(A) 津液的生成輸布與排泄，以脾肺腎三臟所主，與肝無關
(B) 津液輸布於全身的通道，則是三焦
(C) 津液的運行，全靠氣的推動，氣行津行，氣滯則津停
(D) 脾主為胃行其津液",A,97-中醫基礎醫學(一)（包括中醫醫學史、中醫基礎理論、內經、難經）.csv,
49,"17 歲陳同學踢足球導致內踝上五寸之右小腿脛骨內前緣瘀傷，依經絡循行理論，治療時應取下列何
經最適宜？
(A) 肝 (B) 脾 (C) 腎 (D) 膽",A,97-中醫基礎醫學(一)（包括中醫醫學史、中醫基礎理論、內經、難經）.csv,
50,"依據《靈樞．營氣》，與營氣循行次第有關的奇經，為下列何者？
(A) 督脈 (B) 陰蹻脈 (C) 陽維脈 (D) 衝脈",A,97-中醫基礎醫學(一)（包括中醫醫學史、中醫基礎理論、內經、難經）.csv,
51,"下列何者並非瘀血證的特點？
(A) 產生肌膚甲錯 (B) 產生出血症狀 (C) 在體表形成腫瘍 (D) 酸痛移走不定",D,97-中醫基礎醫學(一)（包括中醫醫學史、中醫基礎理論、內經、難經）.csv,
52,"依據《靈樞．經脈》的描述，足太陰脾經有問題時會出現下列那些臨床表現？
(A) 舌根強硬，吃東西會嘔吐，胃脘處疼痛，腹脹，容易噯氣
(B) 齒痛，頸腫
(C) 咽痛，頸前方腫，不可以回頭，肩膀和上臂好像被拔折似的不舒服
(D) 肺脹滿，喘咳，缺盆中痛
代號：1112
頁次：6－5",A,97-中醫基礎醫學(一)（包括中醫醫學史、中醫基礎理論、內經、難經）.csv,
53,"下列何者不是「奇經八脈」的生理功能？
(A) 進一步密切聯繫十二經脈 (B) 連綴四肢百骸
(C) 調節十二經氣血 (D) 聯繫奇恒之腑",B,97-中醫基礎醫學(一)（包括中醫醫學史、中醫基礎理論、內經、難經）.csv,
54,"下列何經脈循行有連接「目系」？
(A) 手少陰心經 (B) 手太陰肺經 (C) 足少陰腎經 (D) 足太陰脾經",A,97-中醫基礎醫學(一)（包括中醫醫學史、中醫基礎理論、內經、難經）.csv,
55,"依據《素問．奇病論》，引起口甘的病機為何？
(A) 五味入口，藏於胃，肝為之行其精氣，津液在肺，故令人口甘
(B) 五味入口，藏於脾，腎為之行其精氣，津液在胃，故令人口甘
(C) 五味入口，藏於腎，肝為之行其精氣，津液在腎，故令人口甘
(D) 五味入口，藏於胃，脾為之行其精氣，津液在脾，故令人口甘",D,97-中醫基礎醫學(一)（包括中醫醫學史、中醫基礎理論、內經、難經）.csv,
56,"依據《靈樞．營氣》的描述，有關營氣循行次第，下列敘述何者正確？
(A) 足太陰脾經→足陽明胃經 (B) 手太陽小腸經→手少陰心經
(C) 手少陽三焦經→足少陽膽經 (D) 足少陰腎經→足太陽膀胱經",C,97-中醫基礎醫學(一)（包括中醫醫學史、中醫基礎理論、內經、難經）.csv,
57,"依據《靈樞．經脈》記載，下列何經脈的病證「是主液所生病者」？
(A) 足太陰之脈 (B) 手少陽之脈 (C) 足太陽之脈 (D) 手太陽之脈",D,97-中醫基礎醫學(一)（包括中醫醫學史、中醫基礎理論、內經、難經）.csv,
58,"《難經．二十九難》所記載奇經八脈之為病，「腹滿，腰溶溶若坐水中」的是：
(A) 陰蹻 (B) 陰維 (C) 衝脈 (D) 帶脈",D,97-中醫基礎醫學(一)（包括中醫醫學史、中醫基礎理論、內經、難經）.csv,
59,"十二經脈中，手三陰循行在手臂中路的是：
(A) 肺經 (B) 心經 (C) 心包經 (D) 三焦經",C,97-中醫基礎醫學(一)（包括中醫醫學史、中醫基礎理論、內經、難經）.csv,
60,"關於痰飲致病的特點，下列敘述何者錯誤？
(A) 痰在經絡筋骨，稱為梅核氣 (B) 痰濁上犯於頭，可見昏冒、眩暈
(C) 痰火擾心，則發癲狂 (D) 痰迷心竅，則神昏痴呆",A,97-中醫基礎醫學(一)（包括中醫醫學史、中醫基礎理論、內經、難經）.csv,
61,"《素問．調經論》：「厥氣上逆，寒氣積於胸中而不瀉，不瀉則溫氣去，寒獨留，則血凝泣。」，
其所敘述的是下列何種病機？
(A) 陽虛外寒 (B) 陽虛內寒 (C) 陰盛內寒 (D) 陰盛外寒",C,97-中醫基礎醫學(一)（包括中醫醫學史、中醫基礎理論、內經、難經）.csv,
62,"《素問．調經論》中有關陰虛生內熱之病因病機敘述，下列何者正確？
(A) 因勞倦過度，損傷脾胃，脾胃運化無力，升降不行，氣機阻滯而化熱所致
(B) 陰寒之氣，積於胸中而不瀉，則中上二焦之陽氣消而寒氣獨留於上
(C) 因寒邪客於肌表，衛陽鬱遏而發熱
(D) 因寒邪客於肌表，寒凝腠閉，宣發失司，衛氣不能達於體表而寒邪獨留",A,97-中醫基礎醫學(一)（包括中醫醫學史、中醫基礎理論、內經、難經）.csv,
63,"下列關於寒邪之敘述，何者正確？
(A) 寒邪易傷陰液 (B) 寒性收引 (C) 寒多動血 (D) 寒性趨下",B,97-中醫基礎醫學(一)（包括中醫醫學史、中醫基礎理論、內經、難經）.csv,
64,"下列有關《素問．生氣通天論》對於陰陽的敘述，何者錯誤？
(A) 陰者，藏精而起亟也 (B) 陽者，衛外而為固也
(C) 陰強不能密，陽氣乃絕 (D) 陽不勝其陰，則五臟氣爭，九竅不通",C,97-中醫基礎醫學(一)（包括中醫醫學史、中醫基礎理論、內經、難經）.csv,
65,"關於六淫之中的火熱之邪，下列敘述何者正確？
(A) 火性黏滯 (B) 火熱易傷津 (C) 火性趨下 (D) 火多夾濕",B,97-中醫基礎醫學(一)（包括中醫醫學史、中醫基礎理論、內經、難經）.csv,
66,"下列何者為傷於暑邪之症狀？
(A) 起居如驚，神氣乃浮 (B) 煩則喘喝，靜則多言 (C) 大筋緛短，小筋弛長 (D) 腫脹",B,97-中醫基礎醫學(一)（包括中醫醫學史、中醫基礎理論、內經、難經）.csv,
67,"依據《素問．風論》，下列何者並非風邪中人之病機？
(A) 腠理開則寒 (B) 腠理閉則熱 (C) 其熱也，消肌肉 (D) 其寒也，目黃
代號：1112
頁次：6－6",D,97-中醫基礎醫學(一)（包括中醫醫學史、中醫基礎理論、內經、難經）.csv,
68,"依據《靈樞．水脹》，「腸覃」之特點為何？
(A) 濕氣客於腸外 (B) 與營氣相搏 (C) 推之可移 (D) 月事不以時下",C,97-中醫基礎醫學(一)（包括中醫醫學史、中醫基礎理論、內經、難經）.csv,
69,"依據《素問．厥論》，關於「熱厥」病機的敘述，下列何者正確？
(A) 陽氣衰於下 (B) 陰氣衰於下 (C) 陽氣衰於上 (D) 陰氣衰於上",B,97-中醫基礎醫學(一)（包括中醫醫學史、中醫基礎理論、內經、難經）.csv,
70,"依據《素問．痹論》，對於「痹」之病因與分類，下列敘述何者正確？
(A) 風濕熱三氣雜至，合而為痹 (B) 風氣勝者為肌痹
(C) 寒氣勝者為骨痹 (D) 濕氣勝者為著痹",D,97-中醫基礎醫學(一)（包括中醫醫學史、中醫基礎理論、內經、難經）.csv,
71,"關於「血燥」之病機，下列敘述何者正確？
(A) 血脈中的津液不足 (B) 多由於寒邪所傷 (C) 舌象易見瘀斑 (D) 有陽氣暴脫之危險",A,97-中醫基礎醫學(一)（包括中醫醫學史、中醫基礎理論、內經、難經）.csv,
72,"下列何者為「陰虛」的病理表現？
(A) 易生表寒 (B) 易生內熱 (C) 溫化功能減弱 (D) 經久不癒，終累及脾",B,97-中醫基礎醫學(一)（包括中醫醫學史、中醫基礎理論、內經、難經）.csv,
73,"關於《素問．熱論》「兩感於寒」的病機，下列敘述何者正確？
(A) 太陽經之邪未盡傳於陽明經謂之 (B) 表裏同病，內外俱傷謂之
(C) 太陽經證罷，直中太陰經謂之 (D) 太陽與少陽經證同時發病謂之",B,97-中醫基礎醫學(一)（包括中醫醫學史、中醫基礎理論、內經、難經）.csv,
74,"情志抑鬱不暢，肝失疏泄，氣鬱化火。為下列何者之病機？
(A) 五志過極化火 (B) 邪鬱化火 (C) 陽氣過盛化火 (D) 陰虛火旺",A,97-中醫基礎醫學(一)（包括中醫醫學史、中醫基礎理論、內經、難經）.csv,
75,"關於「喘」的病因病機，下列敘述何者錯誤？
(A) 因肺熱蘊盛，氣機壅阻所致 (B) 因肺腎兩虛，腎不納氣所致
(C) 因痰濁壅盛，肺失清肅，肺氣上逆為喘所致 (D) 因痰火化熱，肝火犯胃，胃氣不降所致",D,97-中醫基礎醫學(一)（包括中醫醫學史、中醫基礎理論、內經、難經）.csv,
76,"關於內風與外風之敘述，下列何者錯誤？
(A) 內風是機體陽氣亢逆變動而形成的一種病理狀態
(B) 內風是由於氣血津液及臟腑等生理功能所引起的類似風邪致病的綜合性病機變化
(C) 腦血管意外性疾病（Cerebrovascularaccident）皆為外風所致
(D) 外風是指自然界風邪對人體的致病作用及機體的反應狀態而言",C,97-中醫基礎醫學(一)（包括中醫醫學史、中醫基礎理論、內經、難經）.csv,
77,"關於引起血熱之病因病機，下列敘述何者錯誤？
(A) 外感寒邪，入裏化熱，傷及血分，可導致血熱
(B) 外感溫熱邪氣，入裏化熱，傷及血分，可導致血熱
(C) 情志鬱結，五志過極，鬱久化火，傷及血分，可導致血熱
(D) 腎陽不足，四肢厥冷，血脈不通，可導致血熱",D,97-中醫基礎醫學(一)（包括中醫醫學史、中醫基礎理論、內經、難經）.csv,
78,"關於氣滯導致的病變，下列敘述何者錯誤？
(A) 因氣滯影響血液的運行，則可引起血瘀
(B) 因氣滯影響津液的運行，則可形成水濕、痰飲等病理產物
(C) 因氣滯於肝，則可引起腎中陽氣減弱
(D) 因氣滯於機體某一局部，則可引起局部的脹、滿或疼痛",C,97-中醫基礎醫學(一)（包括中醫醫學史、中醫基礎理論、內經、難經）.csv,
79,"《素問．厥論》中有關熱厥的病機，下列敘述何者錯誤？
(A) 酒入於胃，則絡脈滿而經脈虛 (B) 數醉飽以入房，氣聚於脾中不得散
(C) 熱盛於中，故熱遍於身，內熱而溺赤 (D) 手足為之冷",D,97-中醫基礎醫學(一)（包括中醫醫學史、中醫基礎理論、內經、難經）.csv,
80,"關於「心悸怔忡」的病因病機敘述，下列何者錯誤？
(A) 心陰、心血虧損，血不養心，心無所主，而悸動不安
(B) 因心火上炎，導致血熱而迫血妄行所致
(C) 因心陽、心氣虛損，血液運行無力所致
(D) 因痰瘀阻滯心脈，氣血運行不暢，心動失常所致",B,97-中醫基礎醫學(一)（包括中醫醫學史、中醫基礎理論、內經、難經）.csv,
1,"下列關於醫家「張從正」的敘述，何者正確？
(A)著有《醫門法律》 (B)重視社會環境與精神因素等致病作用
(C)對於虛弱的病患，主張有攻無補 (D)於羅天益門下受業，後從劉守真學醫",B,97-中醫基礎醫學(一)（包括中醫醫學史、中醫基礎理論、內經、難經）.csv,
2,"依《靈樞．水脹》，下列關於膚脹之敘述，何者正確？
(A)熱氣客於皮膚之間 (B)腹大身不腫 (C)按其腹，隨手而起 (D)腹色不變",D,97-中醫基礎醫學(一)（包括中醫醫學史、中醫基礎理論、內經、難經）.csv,
3,"小兒熱痙攣屬於下列何種病機？
(A)血虛生風 (B)肝陽化風 (C)熱極生風 (D)陰虛動風",C,97-中醫基礎醫學(一)（包括中醫醫學史、中醫基礎理論、內經、難經）.csv,
4,"依《素問．金匱真言論》，仲夏善病胸脇，長夏善病洞泄寒中，秋善病風瘧，冬善病何者？
(A)痹厥 (B)鼽衂 (C)石水 (D)黑膽",A,97-中醫基礎醫學(一)（包括中醫醫學史、中醫基礎理論、內經、難經）.csv,
5,"下列有關亡陰證的敘述，何者錯誤？
(A)陰液大量耗損 (B)邪熱久留，煎灼陰液
(C)亡陰之後可迅速導致亡陽 (D)臨床表現為手足逆冷、脈微欲絕",D,97-中醫基礎醫學(一)（包括中醫醫學史、中醫基礎理論、內經、難經）.csv,
6,"由於熱結腸胃、痰食壅滯，使得陽氣不能外達於表，因而產生肢冷、倦怠之現象為下列何種病機？
(A)真實假虛 (B)因虛致實 (C)正氣不足 (D)正邪相爭",A,97-中醫基礎醫學(一)（包括中醫醫學史、中醫基礎理論、內經、難經）.csv,
7,"依據中醫藏象理論，下列何者不是心的生理功能？
(A)主血脈 (B)主神志 (C)為五臟六腑之大主 (D)主唾液",D,97-中醫基礎醫學(一)（包括中醫醫學史、中醫基礎理論、內經、難經）.csv,
8,"依據中醫藏象理論，下列有關小腸的敘述，何者錯誤？
(A)主受盛 (B)主化物 (C)主腐熟水穀 (D)主泌別清濁",C,97-中醫基礎醫學(一)（包括中醫醫學史、中醫基礎理論、內經、難經）.csv,
9,"下列醫學史著作之敘述，何者正確？
(A)王吉民與李約瑟於1932年，用英文合寫《中國醫史》一書
(B)秦伯未所著《醫學史綱》是我國第一部中西醫史合編的醫史著作
(C)李濤的《中國醫學源流論》由日人山本成之助譯成日文出版
(D)我國第一部系統的醫學史專著是陳邦賢的《中國醫學史》",D,97-中醫基礎醫學(一)（包括中醫醫學史、中醫基礎理論、內經、難經）.csv,
10,"依據中醫藏象理論，下列與血有關的敘述，何者錯誤？
(A)肝藏血 (B)肺行血 (C)心主血 (D)脾統血",B,97-中醫基礎醫學(一)（包括中醫醫學史、中醫基礎理論、內經、難經）.csv,
11,"依《素問．至真要大論》，諸氣膹鬱皆屬於何臟？
(A)心 (B)肝 (C)肺 (D)腎",C,97-中醫基礎醫學(一)（包括中醫醫學史、中醫基礎理論、內經、難經）.csv,
12,"下列何者不是用來評估「脾」藏象生理活動的特點？
(A)排便是否有未消化的食物 (B)呼吸方式是否正常
(C)是否痰多或水腫 (D)是否體格削瘦、肌肉無力",B,97-中醫基礎醫學(一)（包括中醫醫學史、中醫基礎理論、內經、難經）.csv,
13,"下列何者不是奇恒之腑？
(A)腦 (B)骨髓 (C)膽 (D)三焦",D,97-中醫基礎醫學(一)（包括中醫醫學史、中醫基礎理論、內經、難經）.csv,
14,"《靈樞．本神》中提及人思慮的過程，下列敘述何者錯誤？
(A)用來辨識外來刺激的是「心」 (B)心中產生初步的意念是「意」
(C)將產生的意念長存記憶是「智」 (D)依據記憶而思考如何變通是「思」",C,97-中醫基礎醫學(一)（包括中醫醫學史、中醫基礎理論、內經、難經）.csv,
15,"月經來潮的生理表現是下列那些臟腑與腎、女子胞及衝任二脈共同完成？
(A)心、脾、肝 (B)心、肺、脾 (C)心、肺、肝 (D)肺、脾、肝",A,97-中醫基礎醫學(一)（包括中醫醫學史、中醫基礎理論、內經、難經）.csv,
16,"參與將食物化生成血的一連串藏象生理中，不包括下列何者？
(A)脾胃運化水穀 (B)肝藏血
(C)心變化水穀精微而赤為血 (D)水穀精微上輸於肺脈",B,97-中醫基礎醫學(一)（包括中醫醫學史、中醫基礎理論、內經、難經）.csv,
17,"依《靈樞．海論》，所述人之四海，下列何者正確？
(A)胃者，氣之海 (B)膻中者，血之海 (C)衝脈者，十二經之海 (D)骨者，髓之海",C,97-中醫基礎醫學(一)（包括中醫醫學史、中醫基礎理論、內經、難經）.csv,
18,"有關肝主藏血的生理作用，下列敘述何者正確？
(A)包括儲藏血液與調節血量兩方面 (B)因為藏血所以能制約肝陰
(C)生成血液然後儲藏 (D)將血液封藏於脈管之中運行
代號：1112
頁次：4－2",A,97-中醫基礎醫學(一)（包括中醫醫學史、中醫基礎理論、內經、難經）.csv,
19,"下列何者為膀胱生理表現不正常時的症狀？
(A)生育能力下降、小便黃、腰痠膝無力 (B)小便不利、小便不通順、尿頻尿急、小便失禁
(C)水腫、痰多、腹瀉 (D)口苦、嘔吐苦水、黃疸",B,97-中醫基礎醫學(一)（包括中醫醫學史、中醫基礎理論、內經、難經）.csv,
20,"冬令進補是藉由補充下列何種精氣來調整或強化身體的機能？
(A)先天精氣 (B)呼吸精氣 (C)水穀精氣 (D)腎中原氣",C,97-中醫基礎醫學(一)（包括中醫醫學史、中醫基礎理論、內經、難經）.csv,
21,"下列有關元氣的敘述，何者錯誤？
(A)以胃氣為其主要組成部分
(B)經過三焦輸送到全身
(C)是人體最根本、最重要的氣，亦是人體生命活動的原動力
(D)流行於全身，無處不到",A,97-中醫基礎醫學(一)（包括中醫醫學史、中醫基礎理論、內經、難經）.csv,
22,"關於氣血津液的相互關係，下列敘述何者正確？
(A)氣能生血、行血、攝血，氣為血之母 (B)氣能生津、行津，惟不能攝津
(C)血和津液來源相同，功能相似，但不能相互轉化 (D)氣能生血，血能藏氣",D,97-中醫基礎醫學(一)（包括中醫醫學史、中醫基礎理論、內經、難經）.csv,
23,"下列何者不是氣的生理功能？
(A)溫煦 (B)滋潤 (C)固攝 (D)防禦",B,97-中醫基礎醫學(一)（包括中醫醫學史、中醫基礎理論、內經、難經）.csv,
24,"依《素問．四氣調神大論》，人應順應四時氣候變化調理健康，因而提出下列何種養生原則？
(A)春夏養陽 (B)秋冬養陽 (C)春夏養形 (D)秋冬養形",A,97-中醫基礎醫學(一)（包括中醫醫學史、中醫基礎理論、內經、難經）.csv,
25,"依《素問．靈蘭秘典論》，主明則下安，以此養生則壽，歿世不殆。文中的「主」是指何者？
(A)腎 (B)心 (C)肝 (D)脾",B,97-中醫基礎醫學(一)（包括中醫醫學史、中醫基礎理論、內經、難經）.csv,
26,"氣不能內守，大量外逸稱為：
(A)氣逆 (B)氣脫 (C)氣陷 (D)氣閉",B,97-中醫基礎醫學(一)（包括中醫醫學史、中醫基礎理論、內經、難經）.csv,
27,"45歲陳太太抱怨大腿內側前緣常有刺痛或麻木感，依經絡循行分布理論，應屬下列何經之病症？
(A)肝 (B)脾 (C)腎 (D)膀胱",B,97-中醫基礎醫學(一)（包括中醫醫學史、中醫基礎理論、內經、難經）.csv,
28,"依《靈樞．經脈》，循行通過腦的經脈，為下列何者？
(A)足太陽膀胱經 (B)足少陽膽經 (C)手少陽三焦經 (D)手太陽小腸經",A,97-中醫基礎醫學(一)（包括中醫醫學史、中醫基礎理論、內經、難經）.csv,
29,"依《素問．骨空論》，任脈有問題時所出現的臨床表現為何？
(A)男子內結七疝、女子帶下瘕聚 (B)逆氣裏急
(C)脊強反折 (D)胃脘痛，食不下，食則嘔",A,97-中醫基礎醫學(一)（包括中醫醫學史、中醫基礎理論、內經、難經）.csv,
30,"依《靈樞．經脈》，當出現想要登高大聲唱歌、脫光衣服到處走，好像發狂一樣的臨床表現時，應考慮是
由下列那一經脈出問題？
(A)手少陰心經 (B)足厥陰肝經 (C)手厥陰心包經 (D)足陽明胃經",D,97-中醫基礎醫學(一)（包括中醫醫學史、中醫基礎理論、內經、難經）.csv,
31,"下列有關經筋的敘述，何者錯誤？
(A)經筋即經脈之氣所結、聚、散、絡的肌肉 (B)經筋是經脈所連屬的筋肉
(C)經筋的功能主要是連綴四肢百骸，主司關節運動 (D)經筋是經脈及其所屬絡脈在體表的分布部位",D,97-中醫基礎醫學(一)（包括中醫醫學史、中醫基礎理論、內經、難經）.csv,
32,"依《靈樞．經脈》，凡診絡脈，手魚絡赤是指下列何者？
(A)喉痺 (B)支膈 (C)胃中有熱 (D)睪腫卒疝",C,97-中醫基礎醫學(一)（包括中醫醫學史、中醫基礎理論、內經、難經）.csv,
33,"依《難經．二十八難》，奇經八脈之循行：起於跟中，循內踝上行，至咽喉，交貫衝脈。所指何脈？
(A)陰蹻 (B)陽蹻 (C)陰維 (D)陽維",A,97-中醫基礎醫學(一)（包括中醫醫學史、中醫基礎理論、內經、難經）.csv,
34,"依《靈樞．經脈》，經脈的病證：是動則病齒痛，頸腫。病屬何經？
(A)肺經 (B)大腸經 (C)胃經 (D)脾經",B,97-中醫基礎醫學(一)（包括中醫醫學史、中醫基礎理論、內經、難經）.csv,
35,"下列有關巫與醫的敘述，何者錯誤？
(A)《說苑》：苗父之為醫也，以菅為席，以芻為狗，北面而祝，發十言耳，諸扶而來者、輿而來者，皆
平復如故
(B)祝由科也是醫學的旁門，隋唐太醫署設有咒禁師。宋代禁止巫祝，祝由歸于金鏃兼書禁科之內，清代
完全取消，其術漸失傳
(C)《黃帝內經》並沒有提到祝由是一種治病的方法
(D)《千金翼方禁經》：百藥之長，不如吾之膏唾；…唾百蟲之毒，毒自消滅；唾百瘡之毒，生肌斷血，連
筋續骨…",C,97-中醫基礎醫學(一)（包括中醫醫學史、中醫基礎理論、內經、難經）.csv,
36,"下列何者並非痰飲致病特點？
(A)痰阻於肺，阻塞氣道，肺氣宣降不利 (B)痰濕困脾，則發神昏譫語
(C)痰阻於心，心血不暢，常見胸悶心悸 (D)痰濁上犯於頭，可見眩冒、眩暈",B,97-中醫基礎醫學(一)（包括中醫醫學史、中醫基礎理論、內經、難經）.csv,
37,"暑邪為夏季之主氣，下列何者並非其致病特點？
(A)暑多夾濕 (B)暑邪易傷津耗氣 (C)暑為陽邪，其性炎熱 (D)暑性黏滯",D,97-中醫基礎醫學(一)（包括中醫醫學史、中醫基礎理論、內經、難經）.csv,
38,"下列何者為腎的主要生理功能？
(A)主血脈、主神志 (B)主運化、主升清 (C)主疏泄、主藏血 (D)主生殖、主水",D,97-中醫基礎醫學(一)（包括中醫醫學史、中醫基礎理論、內經、難經）.csv,
39,"依《素問．生氣通天論》，下列敘述何者錯誤？
(A)陽者，衛外而固也 (B)陽不勝其陰，則脈流薄疾，并乃狂
(C)陽強不能密，陰氣乃絕 (D)陰陽離決，精氣乃絕",B,97-中醫基礎醫學(一)（包括中醫醫學史、中醫基礎理論、內經、難經）.csv,
40,"下列關於情緒影響臟腑之敘述，何者正確？
(A)恐傷肝 (B)怒傷脾 (C)喜傷心 (D)憂傷腎
代號：1112
頁次：4－3",C,97-中醫基礎醫學(一)（包括中醫醫學史、中醫基礎理論、內經、難經）.csv,
41,"下列有關脾陽虛病機之敘述，何者正確？
(A)可導致腎陰虛 (B)多食燒烤炸辣食物引起 (C)運化水濕失常 (D)常見大便乾結",C,97-中醫基礎醫學(一)（包括中醫醫學史、中醫基礎理論、內經、難經）.csv,
42,"依《素問．熱論》，下列有關外感熱病的敘述，何者錯誤？
(A)人之傷於寒者，則為病熱
(B)陽明者，諸陽之屬，其脈連風府，故為諸陽主氣
(C)兩感於寒而病者，必不免於死
(D)外感熱病首先犯太陽經脈",B,97-中醫基礎醫學(一)（包括中醫醫學史、中醫基礎理論、內經、難經）.csv,
43,"風寒入裏鬱滯而化熱化火，為下列何種病機？
(A)陰虛火旺 (B)陽氣過盛化火 (C)五志過極化火 (D)邪鬱化火",D,97-中醫基礎醫學(一)（包括中醫醫學史、中醫基礎理論、內經、難經）.csv,
44,"關於健忘的病因病機，下列敘述何者錯誤？
(A)肺氣不降 (B)心的氣血虧損 (C)脾氣不足 (D)髓海空虛",A,97-中醫基礎醫學(一)（包括中醫醫學史、中醫基礎理論、內經、難經）.csv,
45,"關於實證的病機，下列敘述何者正確？
(A)主要由於邪氣亢盛，正氣已衰，正虛邪盛所致
(B)主要由於邪氣亢盛，正氣未衰，正邪相爭所致
(C)主要由於正氣不足，抗禦致病邪氣能力低下所致
(D)主要由於邪氣盛未能及時治療，導致抗禦致病邪氣能力低下",B,97-中醫基礎醫學(一)（包括中醫醫學史、中醫基礎理論、內經、難經）.csv,
46,"由於津液大量流失，氣失其依附而隨津液外泄，從而導致陽氣暴脫，為下列何證之病機？
(A)水飲停滯中焦，而見頭昏困倦，納食呆滯 (B)發汗過多而亡陽
(C)水氣凌心，而見心悸、心慌之症 (D)水飲阻滯經脈，而肢體困倦",B,97-中醫基礎醫學(一)（包括中醫醫學史、中醫基礎理論、內經、難經）.csv,
47,"有關血瘀之病因病機，下列敘述何者錯誤？
(A)氣機鬱滯，血行受阻而成瘀 (B)氣虛無力行血，停滯而為血瘀
(C)邪熱入血，煎灼津液而成瘀 (D)正經之血脈，流行不止而為瘀",D,97-中醫基礎醫學(一)（包括中醫醫學史、中醫基礎理論、內經、難經）.csv,
48,"依《內經》，臟腑之陰陽概念中，背為陽，陽中之陽為何臟腑？
(A)肝 (B)心 (C)脾 (D)肺",B,97-中醫基礎醫學(一)（包括中醫醫學史、中醫基礎理論、內經、難經）.csv,
49,"依《靈樞．癰疽》，下列何者是形成癰腫的病機？
(A)風寒濕邪壓迫分肉，使津液凝聚而為癰腫
(B)寒氣入侵經脈，導致脈絡收縮，血氣衰少而成癰腫
(C)血泣則不通，不通則衛氣歸之，不得復反而成癰腫
(D)肝氣熱，則膽泄口苦筋膜乾，筋急而攣發為癰腫",C,97-中醫基礎醫學(一)（包括中醫醫學史、中醫基礎理論、內經、難經）.csv,
50,"依《素問．痹論》，下列有關營衛與痹證的敘述，何者錯誤？
(A)榮者，乃水穀之精氣，和調於五藏，灑陳於六府，乃能入行於脈中也
(B)衛者，水穀之悍氣也，其氣慓疾滑利，不能入於脈也
(C)營衛氣順，不與風寒濕三氣合亦可為痹
(D)衛氣循于皮膚之中，以及分肉之間，熏於肓膜，散於胸腹",C,97-中醫基礎醫學(一)（包括中醫醫學史、中醫基礎理論、內經、難經）.csv,
51,"有關陽盛則熱的病機，下列敘述何者正確？
(A)寒飲食入胃，客於肺胃，而致陽氣不得外達所致
(B)上焦肺氣宣發不利，腠理閉塞，汗不得出，陽氣鬱盛於體表所致
(C)陰寒之邪獨盛於內，而出現寒邪積於胸腹，血脈凝滯不暢所致
(D)陰液不足致滋養、寧靜功能減退，以及陽氣相對亢盛所致",B,97-中醫基礎醫學(一)（包括中醫醫學史、中醫基礎理論、內經、難經）.csv,
52,"王先生，42歲，平日勞力工作忙碌。近月來納呆疲倦，每日晚間開始發熱37.5~38℃，無咽痛、流涕、咳
嗽，二便平。診其脈浮大，沈取無力。其病機與那位醫家學說最接近？
(A)張介賓 (B)李杲 (C)葉桂 (D)薛己",B,97-中醫基礎醫學(一)（包括中醫醫學史、中醫基礎理論、內經、難經）.csv,
53,"下列那一位醫師提出「『陰、陽、風、雨、晦、明』六氣如有過度，則生六疾。」首次述及令人致病的
外來因素？
(A)文摯 (B)淳于意 (C)醫竘 (D)醫和",D,97-中醫基礎醫學(一)（包括中醫醫學史、中醫基礎理論、內經、難經）.csv,
54,"下列有關王清任學術思想的敘述，何者正確？
(A)深感「業醫診病，當先明陰陽」 (B)認為「靈機記性，不在腦，在心」
(C)認為「頭面四肢按之跳動者皆是血管」 (D)強調「治病要訣，在明白氣血」",D,97-中醫基礎醫學(一)（包括中醫醫學史、中醫基礎理論、內經、難經）.csv,
55,"下列醫家與著作之敘述，何者正確？
(A)王好古撰《宣明論方》 (B)張潔古撰《湯液本草》
(C)寇宗奭撰《本草衍義》 (D)李東垣撰《本草衍義補遺》",C,97-中醫基礎醫學(一)（包括中醫醫學史、中醫基礎理論、內經、難經）.csv,
56,"下列何者是我國官方頒行的第一部藥典，而且也是世界上最早的官方藥典？
(A)《神農本草經》 (B)《新修本草》 (C)《開寶本草》 (D)《蜀本草》",B,97-中醫基礎醫學(一)（包括中醫醫學史、中醫基礎理論、內經、難經）.csv,
57,"何時首度設立「校正醫書局」，為我國古典醫籍保存和傳播作出了重要貢獻？
(A)隋代 (B)唐代 (C)宋代 (D)元代",C,97-中醫基礎醫學(一)（包括中醫醫學史、中醫基礎理論、內經、難經）.csv,
58,"下列關於金元醫家的敘述，何者正確？
(A)劉完素倡導「六氣皆從火化」說，火熱是傷寒諸症的重要病因
(B)張元素倡「陽常有餘陰常不足」說及「相火論」，治療力主滋陰降火
(C)張子和創立脾胃內傷學說並自成補土一派
(D)李杲治病的主要論點是六門三法，強調「病由邪生，攻邪已病」
代號：1112
頁次：4－4",A,97-中醫基礎醫學(一)（包括中醫醫學史、中醫基礎理論、內經、難經）.csv,
59,"下列有關歷代醫政之敘述，何者正確？
(A)《周禮》設疾醫以掌醫之政令，聚毒藥以供醫事 (B)醫學分科始於周代
(C)唐代始於醫博士之外，有按摩博士、咒禁博士 (D)宋代才始設針科",B,97-中醫基礎醫學(一)（包括中醫醫學史、中醫基礎理論、內經、難經）.csv,
60,"下列關於研究傷寒論醫家的敘述，何者錯誤？
(A)宋龐安時撰《傷寒總病論》，傷寒論有病症而無方者，乃撰此書，使每證均有論有方，引證諸說
(B)宋朱肱《傷寒類證活人書》，設一百問答，以暢仲景奧義，本仲景之論，而兼諸家之說
(C)金成無己撰《註解傷寒論》，是現存全面注釋傷寒論最早的專著
(D)清唐容川撰《傷寒來蘇集》，逐條注釋，補正諸家之誤",D,97-中醫基礎醫學(一)（包括中醫醫學史、中醫基礎理論、內經、難經）.csv,
61,"《難經》以三菽、六菽比擬把脈的方法，下列何者正確？
(A)指力之輕重 (B)脈之強弱 (C)脈管的形狀 (D)脈的次數",A,97-中醫基礎醫學(一)（包括中醫醫學史、中醫基礎理論、內經、難經）.csv,
62,"依《難經》，脈象受四時的影響，係以下列何氣為本？
(A)心氣 (B)肺氣 (C)胃氣 (D)肝氣",C,97-中醫基礎醫學(一)（包括中醫醫學史、中醫基礎理論、內經、難經）.csv,
63,"依《難經》，下列關於用針得氣的敘述，何者錯誤？
(A)下針之前必乘氣至乃可入針 (B)下針之後必候氣至乃行補瀉
(C)退針之時必令氣去乃可出針 (D)針下感覺輕浮、虛滑者為氣至",D,97-中醫基礎醫學(一)（包括中醫醫學史、中醫基礎理論、內經、難經）.csv,
64,"依《難經》，下列有關診斷虛實的敘述，何者正確？
(A)脈之虛實：沉者為實，濡者為虛 (B)預後之虛實：出者為虛，入者為實
(C)診之虛實：癢者為虛，痛者為實 (D)外痛內快，為外虛內實",C,97-中醫基礎醫學(一)（包括中醫醫學史、中醫基礎理論、內經、難經）.csv,
65,"下列關於經脈氣血流注的敘述，何者錯誤？
(A)厥陰復還注手太陰 (B)陽明注足陽明、太陰
(C)其始上焦，注手太陰肺經 (D)太陰注手少陰、太陽",C,97-中醫基礎醫學(一)（包括中醫醫學史、中醫基礎理論、內經、難經）.csv,
66,"八會穴在治療上的應用，下列敘述何者錯誤？
(A)為治療外感病由表入裏，取其侵犯組織的會穴治療 (B)腑會太倉，臟會季肋，髓會三陰交
(C)腑會太倉是指中脘穴，臟會季肋是指章門穴 (D)五臟有病取章門穴，六腑有病取中脘穴",B,97-中醫基礎醫學(一)（包括中醫醫學史、中醫基礎理論、內經、難經）.csv,
67,"依《難經》，下列關於五臟六腑之募穴和俞穴的敘述，何者正確？
(A)募穴在胸腹部 (B)俞穴在背部督脈上
(C)臟腑有病，病性屬陰，會反應於募穴上 (D)無法治療臟腑實質器官病變功能",A,97-中醫基礎醫學(一)（包括中醫醫學史、中醫基礎理論、內經、難經）.csv,
68,"行於足陽明胃經旁而上行的是下列何經脈？
(A)衝脈 (B)陽蹻脈 (C)陽維脈 (D)帶脈",A,97-中醫基礎醫學(一)（包括中醫醫學史、中醫基礎理論、內經、難經）.csv,
69,"《素問．陰陽應象大論》篇中討論不同外邪入侵人體不同部位，下列何者正確？
(A)溫熱陽邪，多從鼻喉入肺衛，易傷六腑 (B)寒濕陰邪，多從皮毛入侵，主要傷五臟
(C)水穀寒熱不適，清濁不分，飢飽不時，易傷六腑 (D)溫熱陽邪，多從皮毛入肺衛，易傷五臟",C,97-中醫基礎醫學(一)（包括中醫醫學史、中醫基礎理論、內經、難經）.csv,
70,"以陰陽理論分析藥物五味，下列何者屬於陰？
(A)辛甘淡 (B)酸苦鹹 (C)辛甘鹹 (D)酸辛淡",B,97-中醫基礎醫學(一)（包括中醫醫學史、中醫基礎理論、內經、難經）.csv,
71,"以痛瀉藥方治療腹瀉，其病機與下列何種五行之生剋關係相當？
(A)土虛木乘 (B)土虛金乘 (C)土虛水乘 (D)土虛火乘",A,97-中醫基礎醫學(一)（包括中醫醫學史、中醫基礎理論、內經、難經）.csv,
72,"益火之源以消陰翳是治療陰陽失衡的方法，根據陰陽理論，其失衡應屬於下列何者？
(A)陰虛 (B)陽虛 (C)陰陽兩虛 (D)陰虛陽亢",B,97-中醫基礎醫學(一)（包括中醫醫學史、中醫基礎理論、內經、難經）.csv,
73,"《傷寒論》是以下列何者為綱，說明熱病的表裏、陰陽、寒熱、虛實的進退變化？
(A)臟腑 (B)三陰三陽 (C)氣血津液 (D)外感六淫",B,97-中醫基礎醫學(一)（包括中醫醫學史、中醫基礎理論、內經、難經）.csv,
74,"關於培土制水之治療法，下列敘述何者錯誤？
(A)補益脾氣，促進運化水濕 (B)可消除水濕滯留
(C)適用於腎水泛濫，而致水腫脹滿之證 (D)脾土虛弱，心氣不足者可用此法",D,97-中醫基礎醫學(一)（包括中醫醫學史、中醫基礎理論、內經、難經）.csv,
75,"筋得以靈活運動，主要是肝的那一個生理功能？
(A)肝陰 (B)肝陽 (C)肝氣 (D)肝血",D,97-中醫基礎醫學(一)（包括中醫醫學史、中醫基礎理論、內經、難經）.csv,
76,"依《難經．五十六難》，五藏之積：久不愈，令人四肢不收，發黃疸。是何臟之積？
(A)心 (B)脾 (C)肝 (D)膽",B,97-中醫基礎醫學(一)（包括中醫醫學史、中醫基礎理論、內經、難經）.csv,
77,"依《素問．四氣調神大論》，違背養生原則則損傷臟腑，下列敘述何者錯誤？
(A)此春氣之應，養生之道也，逆之則傷肝，夏為寒變，奉長者少
(B)此夏氣之應，養化之道也，逆之則傷脾，秋為納呆，奉收者少
(C) 此秋氣之應，養收之道也，逆之則傷肺，冬為飱泄，奉藏者少
(D) 此冬氣之應，養藏之道也，逆之則傷腎，春為痿厥，奉生者少",B,97-中醫基礎醫學(一)（包括中醫醫學史、中醫基礎理論、內經、難經）.csv,
78,"依《素問．宣明五氣論》，酸味入於下列何臟？
(A)肝 (B)心 (C)肺 (D)腎",A,97-中醫基礎醫學(一)（包括中醫醫學史、中醫基礎理論、內經、難經）.csv,
79,"依《素問．金匱真言論》，開竅於目的是下列何者？
(A)肝 (B)心 (C)肺 (D)腎",A,97-中醫基礎醫學(一)（包括中醫醫學史、中醫基礎理論、內經、難經）.csv,
80,"依《素問．六節藏象論》，封藏之本，精之處，是指下列何藏？
(A)肝 (B)肺 (C)腎 (D)脾",C,97-中醫基礎醫學(一)（包括中醫醫學史、中醫基礎理論、內經、難經）.csv,
1,"下列何項配伍不具有消痞散結作用？
(A) 半夏、黃連 (B) 乾薑、黃芩 (C) 半夏、黃芩 (D) 白芍、甘草",D,97-中醫基礎醫學(二)（包括中醫方劑學、中醫藥物學）.csv,
2,"下列何者為《傷寒論》小青龍湯之組成？
(A) 麻黃去節、桂枝去皮、細辛、五味子、半夏、白芍、炙甘草、生薑
(B) 麻黃去節、桂枝去皮、細辛、五味子、半夏、白芍、炙甘草、乾薑
(C) 麻黃去節、桂枝去皮、杏仁、細辛、五味子、半夏、白芍、炙甘草、生薑
(D) 麻黃去節、桂枝去皮、杏仁、細辛、五味子、半夏、白芍、炙甘草、乾薑",B,97-中醫基礎醫學(二)（包括中醫方劑學、中醫藥物學）.csv,
3,"下列何者為《和劑局方》香蘇散之藥物組成？
(A) 香附、紫蘇葉、陳皮、炙甘草 (B) 木香、紫蘇葉、陳皮、炙甘草
(C) 香附、紫蘇葉、陳皮、厚朴、炙甘草 (D) 木香、紫蘇葉、陳皮、厚朴、炙甘草",A,97-中醫基礎醫學(二)（包括中醫方劑學、中醫藥物學）.csv,
4,"下列何人用藥喜用軍事佈陣，而創「八陣」之法？
(A) 徐之才 (B) 張景岳 (C) 汪昂 (D) 孫思邈",B,97-中醫基礎醫學(二)（包括中醫方劑學、中醫藥物學）.csv,
5,"下列何者非大陷胸湯之組成？
(A) 大黃 (B) 芒硝 (C) 甘遂 (D) 葶藶子",D,97-中醫基礎醫學(二)（包括中醫方劑學、中醫藥物學）.csv,
6,"56 歲女性患者自訴感冒已久，曾至中西醫診所就診仍不愈，症見惡寒重發熱輕，頭痛，身倦乏力，
昏昏欲睡，溲清，苔白潤質淡體胖，脈沉細遲。最宜下列何方治療？
(A) 人參敗毒散 (B) 參蘇飲 (C) 蔥白七味飲 (D) 麻黃附子細辛湯",D,97-中醫基礎醫學(二)（包括中醫方劑學、中醫藥物學）.csv,
7,"五味消毒飲與仙方活命飲，兩方共有的藥物為何？
(A) 紫花地丁 (B) 野菊花 (C) 蒲公英 (D) 金銀花",D,97-中醫基礎醫學(二)（包括中醫方劑學、中醫藥物學）.csv,
8,"李先生是糖尿病患者，上週曾因感冒接受西醫治療，今天因身熱汗多，氣逆飲嘔，煩渴喜飲，虛羸
少氣而來求診，醫者診其脈來虛數，見其舌紅少津苔少。試問本病例最適宜選用下列何方治療？
(A) 益胃湯 (B) 白虎加人參湯 (C) 竹葉石膏湯 (D) 知柏地黃丸
代號：2112
頁次：10－2",C,97-中醫基礎醫學(二)（包括中醫方劑學、中醫藥物學）.csv,
9,"補中益氣湯之主（君）藥為何？
(A) 人參 (B) 黃耆 (C) 當歸 (D) 白朮",B,97-中醫基礎醫學(二)（包括中醫方劑學、中醫藥物學）.csv,
10,"《內外傷辨惑論》當歸補血湯中黃耆與當歸的劑量比為下列何者？
(A) 2：1 (B) 3：1 (C) 4：1 (D) 5：1",D,97-中醫基礎醫學(二)（包括中醫方劑學、中醫藥物學）.csv,
11,"下列何者是腎氣丸與右歸丸的共同藥物？
(A) 澤瀉、丹皮 (B) 山萸肉、附子 (C) 山藥、茯苓 (D) 桂枝、熟地黃",B,97-中醫基礎醫學(二)（包括中醫方劑學、中醫藥物學）.csv,
12,"下列何方屬金水相生法？
(A) 生脈散 (B) 百合固金湯 (C) 地黃飲子 (D) 一貫煎",B,97-中醫基礎醫學(二)（包括中醫方劑學、中醫藥物學）.csv,
13,"一模特兒見肝鬱血虛證，臨經腹痛，脈弦虛，最宜用下列何方？
(A) 歸脾湯 (B) 小建中湯 (C) 四逆散 (D) 黑逍遙散",D,97-中醫基礎醫學(二)（包括中醫方劑學、中醫藥物學）.csv,
14,"吳茱萸及五味子所組成之方劑，名為何方？
(A) 二神丸 (B) 五味子散 (C) 吳茱丸 (D) 桃花湯",B,97-中醫基礎醫學(二)（包括中醫方劑學、中醫藥物學）.csv,
15,"理中丸治療中焦虛寒證，若腹痛重者，最宜加下列何藥以緩急止痛？
(A) 川楝子 (B) 半夏 (C) 白芍 (D) 厚朴",C,97-中醫基礎醫學(二)（包括中醫方劑學、中醫藥物學）.csv,
16,"一司機出現心下痞滿但不痛，有乾嘔，腸鳴下利之症狀，舌苔薄黃而膩，脈弦數，最宜用下列何方？
(A) 蒿芩清膽湯 (B) 保和丸 (C) 半夏瀉心湯 (D) 葛根黃芩黃連湯",C,97-中醫基礎醫學(二)（包括中醫方劑學、中醫藥物學）.csv,
17,"有一患者罹病，經醫師望診為面赤、舌紅，問診為口渴、心胸煩熱、小便赤澀，切診為脈數，最宜
用下列何方？
(A) 瀉黃散 (B) 瀉青丸 (C) 瀉白散 (D) 導赤散",D,97-中醫基礎醫學(二)（包括中醫方劑學、中醫藥物學）.csv,
19,"《丹溪心法》咳血方之主治證的病因病機為何？
(A) 燥邪傷肺 (B) 肝火灼肺 (C) 腎虛爍肺 (D) 風熱壅肺",B,97-中醫基礎醫學(二)（包括中醫方劑學、中醫藥物學）.csv,
20,"《普濟本事方》所載之槐花散的藥物組成，下列何者正確？ 槐花、側柏葉  黃芩、地榆炭
 枳殼、荊芥穗
(A)   (B)   (C)   (D)   ",B,97-中醫基礎醫學(二)（包括中醫方劑學、中醫藥物學）.csv,
21,"下列有關旋覆代赭石湯的敘述，何者正確？
(A) 功用是行氣散結，清熱止呃 (B) 適治證患者的脈象以弦數有力最為常見
(C) 生薑的方義在於祛痰散結，降逆止嘔 (D) 人參、大棗是組方的兩個次（臣）藥",C,97-中醫基礎醫學(二)（包括中醫方劑學、中醫藥物學）.csv,
22,"下列各項敘述，何者正確？
(A) 三稜、水蛭、白芨均屬破血消瘀藥
(B) 丹參、益母草、五靈脂均屬寒性活血藥
(C) 氣滯血瘀，結於心胃乃《時方歌括》丹參飲之方劑辨證
(D) 人參、黃耆、當歸為《金匱要略》鱉甲煎丸配用以補氣養血之佐藥",C,97-中醫基礎醫學(二)（包括中醫方劑學、中醫藥物學）.csv,
23,"下列有關桂枝茯苓丸的敘述，何者正確？
(A) 產後惡露不行，少腹冷痛喜按之證，最宜本方主治
(B) 桂枝是為溫陽化飲兼解表邪
(C) 茯苓能消痰利水，滲濕健脾助消癥
(D) 桃仁、紅花均是本方組成藥物之一",C,97-中醫基礎醫學(二)（包括中醫方劑學、中醫藥物學）.csv,
24,"下列有關《丹溪心法》越鞠丸的敘述，何者正確？
(A) 主治之六鬱證是以氣鬱為主 (B) 共由六味藥物等分組成
(C) 原創是以川芎為主（君）藥 (D) 主治證若血鬱偏重，當以當歸為主（君）藥",A,97-中醫基礎醫學(二)（包括中醫方劑學、中醫藥物學）.csv,
25,"下列有關定喘湯的敘述，何者正確？
(A) 表邪化熱，肺熱熾盛是主治證之病機
(B) 痰黃濃臭，寒熱往來是運用本方之主要症狀之一
(C) 麻黃與蘇子是方中主（君）藥
(D) 防麻黃辛散太過而傷肺，是配伍白果的方義之一",D,97-中醫基礎醫學(二)（包括中醫方劑學、中醫藥物學）.csv,
26,"酸棗仁湯的藥物組成，除了酸棗仁外，尚包括下列何者？
(A) 當歸、貝母、茯苓、大棗 (B) 生地、柏子仁、豬苓、夜交藤
(C) 川芎、知母、茯苓、甘草 (D) 珍珠母、茯神、合歡皮、川貝母
代號：2112
頁次：10－4",C,97-中醫基礎醫學(二)（包括中醫方劑學、中醫藥物學）.csv,
27,"下列各項敘述，何者正確？
(A) 蘇合香丸主治痰熱內閉心包證
(B) 安宮牛黃丸的功效能清熱開竅，豁痰解毒
(C) 紫雪丹主治之證的舌象以舌色淡紅苔白膩最常見
(D) 小兒回春丹是以昏迷深重，舌絳少苔，脈細數為主證及辨證關鍵",B,97-中醫基礎醫學(二)（包括中醫方劑學、中醫藥物學）.csv,
28,"下列有關補陽還五湯的敘述，何者正確？
(A) 治氣滯血瘀所致之中風後遺諸證
(B) 適治證若兼見語言不利者，可加菖蒲、遠志開竅化痰
(C) 組方是以當歸尾為主（君）藥
(D) 本 方 用 以 通 經 活 絡 的 蟲類藥是 地 鼈 蟲",B,97-中醫基礎醫學(二)（包括中醫方劑學、中醫藥物學）.csv,
29,"下列何者是藿香正氣散的功效？
(A) 燥濕運脾，行氣和胃 (B) 解表化濕，理氣和中 (C) 宣暢氣機，清利濕熱 (D) 利濕化濁，清熱解毒",B,97-中醫基礎醫學(二)（包括中醫方劑學、中醫藥物學）.csv,
30,"三仁湯中杏仁、白蔻仁與薏苡仁三藥配伍的意義為何？
(A) 宣上暢中滲下 (B) 透熱於上 (C) 化濕於中 (D) 滲濕於下",A,97-中醫基礎醫學(二)（包括中醫方劑學、中醫藥物學）.csv,
31,"下列何者具有平肝熄風，清熱活血，補益肝腎的功效？
(A) 阿膠雞子黃湯 (B) 三甲復脈湯 (C) 天麻鉤藤飲 (D) 大定風珠",C,97-中醫基礎醫學(二)（包括中醫方劑學、中醫藥物學）.csv,
32,"下列組成藥物中何者沒有牡丹皮？
(A) 養陰清肺湯 (B) 腎氣丸 (C) 青蒿鱉甲湯 (D) 清燥救肺湯",D,97-中醫基礎醫學(二)（包括中醫方劑學、中醫藥物學）.csv,
33,"30 歲女性，患慢性咽炎 5 年，長期咳唾涎沫、氣喘短氣、咽乾口燥，舌乾紅少苔，脈虛數。下列何
方最適宜？
(A) 杏蘇散 (B) 桑杏湯 (C) 養陰清肺湯 (D) 麥門冬湯",D,97-中醫基礎醫學(二)（包括中醫方劑學、中醫藥物學）.csv,
34,"苓桂朮甘湯的功用為何？
(A) 行氣溫中，燥濕除滿 (B) 健脾滲濕，溫化寒飲 (C) 利水滲濕，溫陽化氣 (D) 溫壯脾腎，利水消腫",B,97-中醫基礎醫學(二)（包括中醫方劑學、中醫藥物學）.csv,
35,"下列何者是大秦艽湯的功用？
(A) 祛風清熱，養血活血 (B) 疏散風熱，滋陰益氣 (C) 辛散祛風，益氣活血 (D) 溫經散寒，養血通絡",A,97-中醫基礎醫學(二)（包括中醫方劑學、中醫藥物學）.csv,
36,"40 歲女性，近 3 日小便混赤，溺時澀痛，淋漓不暢，伴有小腹急滿，口燥咽乾，望其舌苔黃膩，切
其脈滑數。下列何方最適宜？
(A) 豬苓湯 (B) 小薊飲子 (C) 導赤散 (D) 八正散",D,97-中醫基礎醫學(二)（包括中醫方劑學、中醫藥物學）.csv,
37,"滌痰湯之功用為何？
(A) 理氣化痰，清膽和胃 (B) 燥濕化痰，理氣和中 (C) 燥濕化痰，行氣開鬱 (D) 燥濕化痰，滌痰開竅
代號：2112
頁次：10－5",D,97-中醫基礎醫學(二)（包括中醫方劑學、中醫藥物學）.csv,
38,"止嗽散組成中入肺經，一宣一降，以復肺氣之宣降，增強主（君）藥之止咳化痰之作用，為下列何
者？
(A) 紫菀、百部 (B) 桔梗、白前 (C) 桔梗、荊芥 (D) 桔梗、紫菀",B,97-中醫基礎醫學(二)（包括中醫方劑學、中醫藥物學）.csv,
39,"枳朮丸中荷葉與枳實之配伍作用為何？
(A) 健運祛濕以助運化 (B) 消食化痰以除痞滿 (C) 養胃升清 (D) 升清降濁",D,97-中醫基礎醫學(二)（包括中醫方劑學、中醫藥物學）.csv,
40,"下列何方具有和解少陽，內瀉熱結之功用？
(A) 小柴胡湯 (B) 柴胡白虎湯 (C) 柴平湯 (D) 大柴胡湯",D,97-中醫基礎醫學(二)（包括中醫方劑學、中醫藥物學）.csv,
41,"白豆蔻能化濕行氣，溫中止嘔，在主治嘔吐方面以何者適宜？
(A) 胃氣上逆之嘔吐 (B) 胃寒濕阻之氣滯嘔吐 (C) 食積不消之胃熱嘔吐 (D) 氣滯妊娠惡阻嘔吐",B,97-中醫基礎醫學(二)（包括中醫方劑學、中醫藥物學）.csv,
42,"下列何藥能治濕熱所致之黃疸、足痿、小便灼熱及帶下黃稠？
(A) 黃柏 (B) 黃連 (C) 牛膝 (D) 白果",A,97-中醫基礎醫學(二)（包括中醫方劑學、中醫藥物學）.csv,
43,"蒲公英為治下列何者之要藥？
(A) 清熱涼血 (B) 散風止癢 (C) 乳癰腸癰 (D) 跌打損傷",C,97-中醫基礎醫學(二)（包括中醫方劑學、中醫藥物學）.csv,
44,"依《本草備要》記載，下 列 何 藥治 心 煩 懊 憹 不 眠 ，五黃，五淋，亡血，津枯？
(A) 茵陳 (B) 大黃 (C) 黃連 (D) 梔子",D,97-中醫基礎醫學(二)（包括中醫方劑學、中醫藥物學）.csv,
45,"下列何者有清除氣分實熱或邪熱在肝、心、胃、肺等臟腑的功效？
(A) 清熱涼血藥 (B) 清熱瀉火藥 (C) 清熱燥濕藥 (D) 清熱解毒藥",B,97-中醫基礎醫學(二)（包括中醫方劑學、中醫藥物學）.csv,
46,"臨床上，金錢草常用於：
(A) 利水排石 (B) 消渴解暑 (C) 消積除脹 (D) 活血化瘀",A,97-中醫基礎醫學(二)（包括中醫方劑學、中醫藥物學）.csv,
47,"下列何藥物止血效果最好？
(A) 生薑 (B) 乾薑 (C) 炮薑 (D) 高良薑",C,97-中醫基礎醫學(二)（包括中醫方劑學、中醫藥物學）.csv,
48,"下列何藥物除用於消食除脹外，還可以用於定喘化痰？
(A) 杏仁 (B) 萊菔子 (C) 木香 (D) 雞內金",B,97-中醫基礎醫學(二)（包括中醫方劑學、中醫藥物學）.csv,
49,"下列有關丹參的敘述，何者錯誤？
(A) 用治月經不調、血滯經閉、產後瘀滯腹痛、心腹疼痛、癥瘕積聚等
(B) 用治肝脾腫大及冠心病
(C) 孕婦慎用，無瘀血或有出血傾向的患者慎用
(D) 用治咽喉腫痛，藥食中毒",D,97-中醫基礎醫學(二)（包括中醫方劑學、中醫藥物學）.csv,
50,"下列何藥能清化熱痰、清心定驚？
(A) 半夏 (B) 竹茹 (C) 天竹黃 (D) 石菖蒲",C,97-中醫基礎醫學(二)（包括中醫方劑學、中醫藥物學）.csv,
51,"下列各項敘述，何者錯誤？
(A) 紫菀能化痰止咳 (B) 款冬能下氣、止咳化痰
(C) 蘇子能止咳平喘、降氣化痰、潤腸通便 (D) 葶藶子能止咳平喘、清熱利濕、活血化瘀
代號：2112
頁次：10－6",D,97-中醫基礎醫學(二)（包括中醫方劑學、中醫藥物學）.csv,
52,"下列有關三七臨床用途的敘述，何者錯誤？
(A) 用於跌打損傷內外傷出血 (B) 用於癰疽腫痛
(C) 用於冠心病心絞痛 (D) 用於水腫腳氣",D,97-中醫基礎醫學(二)（包括中醫方劑學、中醫藥物學）.csv,
53,"下列有關川芎之敘述，何者錯誤？
(A) 血中氣藥，具通達氣血功效，用 於 血瘀 氣 滯 所致的 胸 脇 腹諸痛
(B) 祛風止痛之功頗佳，為治頭痛要藥
(C) 對外感風熱頭痛，常配白芷、防風、細辛等
(D) 臨床有用其治冠心病心絞痛及缺血性腦血管病",C,97-中醫基礎醫學(二)（包括中醫方劑學、中醫藥物學）.csv,
54,"下列何藥物具清熱息風定驚，平喘，通絡，利尿之效，可解熱，鎮痙，止喘？
(A) 蛤蚧 (B) 紫菀 (C) 款冬花 (D) 地龍",D,97-中醫基礎醫學(二)（包括中醫方劑學、中醫藥物學）.csv,
55,"關於蘇合香的應用，下列敘述何者錯誤？
(A) 用於高熱昏厥者 (B) 為中樞神經興奮藥 (C) 自汗虛脫者不宜用 (D) 孕婦慎用",A,97-中醫基礎醫學(二)（包括中醫方劑學、中醫藥物學）.csv,
56,"下列何藥物不具有治療久瀉、久痢，殺蟲或驅蟲的功效？
(A) 椿皮 (B) 石榴皮 (C) 烏梅 (D) 五倍子",D,97-中醫基礎醫學(二)（包括中醫方劑學、中醫藥物學）.csv,
57,"下列何藥物可供內服外用？
(A) 升藥 (B) 硼砂 (C) 鉛丹 (D) 輕粉",B,97-中醫基礎醫學(二)（包括中醫方劑學、中醫藥物學）.csv,
58,"在外科常被用於癰疽瘡瘍的補血藥為何？
(A) 當歸 (B) 熟地 (C) 雞血藤 (D) 何首烏",A,97-中醫基礎醫學(二)（包括中醫方劑學、中醫藥物學）.csv,
59,"下列何藥能補益肝腎又能涼血止血？
(A) 山茱萸 (B) 苧麻根 (C) 墨旱蓮 (D) 側柏葉",C,97-中醫基礎醫學(二)（包括中醫方劑學、中醫藥物學）.csv,
61,"白朮、山藥、薏仁、茯苓均可用於治療下列何種病證？
(A) 脾虛泄瀉 (B) 表虛自汗 (C) 心悸失眠 (D) 瘡瘍膿腫",A,97-中醫基礎醫學(二)（包括中醫方劑學、中醫藥物學）.csv,
62,"下列有關淫羊藿功效的敘述何者錯誤？
(A) 生用清熱解毒 (B) 治中風偏癱 (C) 羊油製溫腎壯陽 (D) 治陽痿不孕",A,97-中醫基礎醫學(二)（包括中醫方劑學、中醫藥物學）.csv,
63,"下列何藥宜用煨法？
(A) 遠志 (B) 天南星 (C) 天麻 (D) 升麻
代號：2112
頁次：10－7",C,97-中醫基礎醫學(二)（包括中醫方劑學、中醫藥物學）.csv,
77,"依《本草備要》記載，紫蘇葉不具下列何功效？
(A) 發汗解肌 (B) 解魚蟹毒 (C) 清肝明目 (D) 開胃益脾",C,97-中醫基礎醫學(二)（包括中醫方劑學、中醫藥物學）.csv,
78,"下列何藥具有解熱、鎮痛及止癢之功能？
(A) 桑枝 (B) 五加皮 (C) 絡石藤 (D) 蠶沙",A,97-中醫基礎醫學(二)（包括中醫方劑學、中醫藥物學）.csv,
79,"荊芥不具下列何功效？
(A) 止血 (B) 發汗解熱 (C) 利尿 (D) 透疹",C,97-中醫基礎醫學(二)（包括中醫方劑學、中醫藥物學）.csv,
80,"下列何者為治濕痰之要藥？
(A) 黃芩 (B) 半夏 (C) 瓜蔞 (D) 知母",B,97-中醫基礎醫學(二)（包括中醫方劑學、中醫藥物學）.csv,
1,"王老先生在得知自己僅有的一塊地被兒子賣掉且在賭桌上輸光光時，當場昏倒失去意識。根據《素
問．生氣通天論》，下列敘述何者最恰當？
(A)王老先生在得知這件事情時，因心情非常鬱悶而致肝氣不疏
(B)王老先生之所以昏倒是因為氣血無法上頭
(C)王老先生之所以昏厥的病因病機近似於《黃帝內經》中所提到的「煎厥」
(D)王老先生甦醒後可能會有不定程度的言語或肢體運動障礙",D,98-中醫基礎醫學(一)（包括中醫醫學史、中醫基礎理論、內經、難經）.csv,
2,"王老先生的女兒在大陸經商，為了表示孝心，過年回台前經人介紹自大陸買了中藥想幫父親調理身
體。王老先生在服用了兩個月後，開始覺得手腳容易抽筋、無力，且人變得容易疲倦。請問所買的
中藥最可能的主要藥材為何？
(A)杏仁 (B)茯苓 (C)珍珠母 (D)薄荷",D,98-中醫基礎醫學(一)（包括中醫醫學史、中醫基礎理論、內經、難經）.csv,
3,"對於商周時代發展出來的醫學相關論述，下列何者錯誤？
(A)飲食調味：「凡和，春多酸，夏多苦，秋多辛，冬多鹹，調以滑甘。」
(B)飲食衛生：「色惡不食，臭惡不食，失飪不食，不時不食。」
(C)傳染病紀錄：「春季行夏令，民多瘧疾。」
(D)醫學倫理與醫學教育：「醫不三世，不服其藥。」",C,98-中醫基礎醫學(一)（包括中醫醫學史、中醫基礎理論、內經、難經）.csv,
4,"有關魏晉南北朝時期的醫學文獻整理研究成果，下列何者錯誤？
(A)呂廣注《八十一難經》，啟注疏經典理論醫著之端
(B)王叔和整理《傷寒雜病論》，目的在「今搜采仲景舊論，錄其證候、診脈、聲色，對病真方有神
驗者，擬防世急也。」
(C)陳延之作《內經訓解》，是已知有關《黃帝內經》的最早校注本
(D)陶弘景作《神農本草經集注》，是南北朝以前藥物學的總整理著作",C,98-中醫基礎醫學(一)（包括中醫醫學史、中醫基礎理論、內經、難經）.csv,
5,"有關宋朝醫家與其著作之配對，下列何者正確？蘇轍－《蘇沈良方》 宋慈－《洗冤集錄》
王執中－《針灸資生經》 朱肱－《南陽活人書》
(A) (B) (C)僅 (D)僅",B,98-中醫基礎醫學(一)（包括中醫醫學史、中醫基礎理論、內經、難經）.csv,
6,"有關李杲補土學說的論述，下列何者錯誤？
(A)主張「人以胃土為本」，「有胃氣則生，無胃氣則死。」
(B)脾胃受傷之因主要有「飲食不節」、「勞役過度」、「精神刺激」，並能相互影響
(C)主要治則為「調理脾胃、升舉清陽、補益腎氣」，處方如「升陽益胃湯」、「六味地黃丸」
(D)師從張元素，遭逢戰亂後，創立以「內傷脾胃」學說為主體的理論體系
代號：1112
頁次：8－2",C,98-中醫基礎醫學(一)（包括中醫醫學史、中醫基礎理論、內經、難經）.csv,
7,"有關醫家劉守真的相關資料，下列何者錯誤？
(A)著有《內經運氣要旨論》、《醫學啟源》等書
(B)獨好《素問》，結合「病機十九條」，提倡傷寒火熱病機理論，善用寒涼藥物
(C)主張六氣化火，認為疾病的成因或結果都會導致火的發生
(D)重視「五運六氣」，但不拘於其規律模式",A,98-中醫基礎醫學(一)（包括中醫醫學史、中醫基礎理論、內經、難經）.csv,
8,"清代有不少重要的中醫婦科典籍，以下配對何者正確？《濟陰綱目》－武之望 《女科經綸》
－蕭慎齋 《女科證治準繩》－王士雄 《達生篇》－陳修園
(A) (B) (C) (D)",A,98-中醫基礎醫學(一)（包括中醫醫學史、中醫基礎理論、內經、難經）.csv,
9,"有關金元的醫事制度，下列何者錯誤？
(A)元代太醫院為獨立的最高醫事機構，掌宮中之醫藥事宜
(B)太醫院的名稱始於金代
(C)廣惠司和回回藥物院是採用印度醫學的醫療機構
(D)元代的醫師官階於歷代中最高",C,98-中醫基礎醫學(一)（包括中醫醫學史、中醫基礎理論、內經、難經）.csv,
10,"有關明代《傷寒論》研究的成果，下列敘述何者錯誤？
(A)本時期醫家開始強調文本編次真偽的問題，故產生了「錯簡重訂」與「維護舊論」兩種主張
(B)明代研究《傷寒論》諸家，涉及內容廣泛，有的重在約論經義；有的偏於訂正注家之誤
(C)張志聰認為世傳《傷寒論》不合辨證處甚多，太陽三篇尤為混亂，故重加考訂，以還叔和之故，
通仲景之源
(D)方有執著《傷寒論條辨》，提出「風傷衛、寒傷營、風寒兩傷營衛」為太陽病大綱",C,98-中醫基礎醫學(一)（包括中醫醫學史、中醫基礎理論、內經、難經）.csv,
11,"下列有關中醫近代發展之敘述，何者錯誤？
(A)1914年，教育總長汪大燮把中醫教育排斥於醫學課程之外
(B)1929年，余雲岫提議「廢止舊醫以掃除醫事衛生之障礙案」
(C)1931年，國醫館呈請行政院核准以三月十四日為法定「國醫節」
(D)1972年於「大學法」中增列「中醫學系」，中醫教育在立法上始正式納入大學教育系統",C,98-中醫基礎醫學(一)（包括中醫醫學史、中醫基礎理論、內經、難經）.csv,
12,"有關惲樹珏對中西醫匯通的嘗試，下列學術主張何者錯誤？
(A)發展中醫應吸取西醫之長，與之化合
(B)中西醫匯通應講求實效，醫學不可流於紙上談兵
(C)兩種醫學文化背景不同，各有其基礎與專擅之處
(D)宜保留藏象生理與經脈理論，廢除陰陽五行",D,98-中醫基礎醫學(一)（包括中醫醫學史、中醫基礎理論、內經、難經）.csv,
13,"依據《素問．陰陽應象大論》所述，有關五臟變動中，下列何者錯誤？
(A)肝之變動為握 (B)心之變動為笑 (C)肺之變動為咳 (D)腎之變動為慄",B,98-中醫基礎醫學(一)（包括中醫醫學史、中醫基礎理論、內經、難經）.csv,
14,"依據五行生尅規律，下列敘述何者錯誤？
(A)七傳，傳其所勝 (B)土為水之所勝 (C)水為火之所不勝 (D)間臟，傳其子",B,98-中醫基礎醫學(一)（包括中醫醫學史、中醫基礎理論、內經、難經）.csv,
15,"某65歲男性患者有高血壓病史，長期服用降血壓藥已數十年。退休後陸續出現頭暈、健忘、腰膝酸
軟。近一月來頭暈頭痛加重，耳鳴耳聾，頭重腳輕，失眠而情緒不定而就醫。請問此病患的治療最
宜下列何種治法？
(A)瀉火補水 (B)抑木制水 (C)滋水涵木 (D)佐金平木
代號：1112
頁次：8－3",C,98-中醫基礎醫學(一)（包括中醫醫學史、中醫基礎理論、內經、難經）.csv,
16,"根據五行學說，下列敘述何者錯誤？
(A)「亢則害，承乃制，制則生化」說明五行相尅關係
(B)「見肝之病，知肝傳脾」說明木乘土
(C)「木火刑金」屬於五行相侮傳變
(D)「心病及肺」屬於五行相乘傳變",A,98-中醫基礎醫學(一)（包括中醫醫學史、中醫基礎理論、內經、難經）.csv,
17,"某8歲女童，三周前咳嗽、咽痛、發高燒至40℃不退，伴隨咳喘氣粗，痰黃稠，口渴喜冷飲，煩躁不
安。入院檢查診斷為支氣管肺炎。昨日清晨 3 點出現大汗淋漓，面色蒼白，四肢冰冷，體溫下降，舌
紫苔白，脈微細欲絕。請問女童的前後病症，說明下列陰陽何種關係？
(A)對立制約 (B)消長平衡 (C)相互轉換 (D)互根互用",C,98-中醫基礎醫學(一)（包括中醫醫學史、中醫基礎理論、內經、難經）.csv,
18,"某 50 歲男性患者有 10 年氣喘病史，近年每逢冬天則咳喘，長年不癒。近日氣喘發作，喉中痰鳴，
痰多稀白，胸悶氣短乏力，自汗出，動則喘促嚴重，伴有飲食不佳，大便溏薄，一日數次，舌淡苔
白滑，脈滑數無力。根據上述症狀，下列敘述何者錯誤？
(A)屬於子病及母傳變 (B)宜金水相生法治療
(C)依相生規律確定治療方法 (D)發作期以化痰平喘為主",B,98-中醫基礎醫學(一)（包括中醫醫學史、中醫基礎理論、內經、難經）.csv,
19,"傷寒論：「病常自汗出者，此為營氣和。營氣和者，外不諧，以衛氣不共營氣諧和故爾。」說的是
衛氣的那個作用？
(A)溫分肉 (B)充皮膚 (C)肥腠理 (D)司開合",D,98-中醫基礎醫學(一)（包括中醫醫學史、中醫基礎理論、內經、難經）.csv,
20,"宗氣是由下列何種身體之氣所組成？十二經脈中流行之經氣 脾胃所吸收之水穀之氣 肺所
吸入之大氣中之清氣 腎所具有之原氣
(A) (B) (C) (D)",B,98-中醫基礎醫學(一)（包括中醫醫學史、中醫基礎理論、內經、難經）.csv,
21,"據《素問．宣明五氣篇》所論，若久視，則造成下列何者的損害？
(A)血 (B)筋 (C)氣 (D)骨",A,98-中醫基礎醫學(一)（包括中醫醫學史、中醫基礎理論、內經、難經）.csv,
23,"據《素問．五藏生成篇》所論，五臟之精氣表現於外有其徵象，肝之榮華表現於何處？
(A)筋 (B)爪 (C)毛 (D)目",B,98-中醫基礎醫學(一)（包括中醫醫學史、中醫基礎理論、內經、難經）.csv,
24,"肺具有通調水道的功能，主要是依賴於肺的何項作用？
(A)司呼吸 (B)朝百脈 (C)主宣發和肅降 (D)能潤養皮毛",C,98-中醫基礎醫學(一)（包括中醫醫學史、中醫基礎理論、內經、難經）.csv,
25,"就藏象學說的理論，下列何種症狀與肝系統最無關係？
(A)筋攣拘急 (B)小便癃閉 (C)疝瘕 (D)多夢易驚",B,98-中醫基礎醫學(一)（包括中醫醫學史、中醫基礎理論、內經、難經）.csv,
26,"汗，乃體內津液布護於肌表，其不由何者排出體外？
(A)氣門 (B)氣孔 (C)玄府 (D)鬼門",B,98-中醫基礎醫學(一)（包括中醫醫學史、中醫基礎理論、內經、難經）.csv,
27,"就血與津液的關係，若病失血，則使用下列何法較沒有副作用？
(A)發汗 (B)利下 (C)湧吐 (D)清熱",D,98-中醫基礎醫學(一)（包括中醫醫學史、中醫基礎理論、內經、難經）.csv,
28,"津液的生成、輸布及排泄與下列那組臟腑最有關係？
(A)脾、胃、肺 (B)脾、肝、腎 (C)脾、肺、腎 (D)脾、胃、腎
代號：1112
頁次：8－4",C,98-中醫基礎醫學(一)（包括中醫醫學史、中醫基礎理論、內經、難經）.csv,
29,"在五臟六腑中，下列何組臟腑與女子胞的功能正常的行使最有關係？
(A)心、肝、腎 (B)脾、肝、腎
(C)心、肝、脾、腎 (D)心、肝、脾、肺、腎",C,98-中醫基礎醫學(一)（包括中醫醫學史、中醫基礎理論、內經、難經）.csv,
30,"據《靈樞．決氣篇》論述，穀入氣滿，淖澤注於骨，骨屬曲伸泄澤，補益腦髓，皮膚潤澤的是：
(A)氣 (B)血 (C)津 (D)液",D,98-中醫基礎醫學(一)（包括中醫醫學史、中醫基礎理論、內經、難經）.csv,
31,"某患者由於要設計一套軟體系統而常常要加班，近兩三個月出現心悸失眠，睡則多夢，頭暈眩，又
胃口很差，常感腹脹，倦怠乏力，面色不華。就藏象學說之理論，此患者病機當為下列何者？
(A)心腎不交 (B)木旺克土 (C)心脾兩虛 (D)土壅木鬱",C,98-中醫基礎醫學(一)（包括中醫醫學史、中醫基礎理論、內經、難經）.csv,
32,"中醫治情志病，有以情治情，據《素問．陰陽應象大論》對藏象之論述，治過思而生之病，當以何
情治療？
(A)怒 (B)恐 (C)憂 (D)思",A,98-中醫基礎醫學(一)（包括中醫醫學史、中醫基礎理論、內經、難經）.csv,
33,"有關中醫營衛之理論，下列敘述何者錯誤？
(A)營出於中焦，衛出於下焦 (B)十二經脈有營衛，奇經八脈亦有營衛
(C)口之氣養衛，鼻之氣養營 (D)營氣衛氣，無非藉資於宗氣",C,98-中醫基礎醫學(一)（包括中醫醫學史、中醫基礎理論、內經、難經）.csv,
34,"據《素問．靈蘭祕典論》對藏象之論述，下列何者正確？
(A)心者，君主之官，謀慮出焉 (B)大腸者，受盛之官，化物出焉
(C)腎者，作強之官，津液藏焉 (D)三焦者，決瀆之官，水道出焉",D,98-中醫基礎醫學(一)（包括中醫醫學史、中醫基礎理論、內經、難經）.csv,
35,"依據《靈樞．經脈篇》中有關經脈與臟腑之間的聯繫，下列何者錯誤？
(A)足厥陰經、足少陽經和足太陽經與肝相連繫
(B)手少陰經、手太陽經、足太陰經和足少陰經與心相連繫
(C)手太陽經、手足太陰經、足厥陰經和足陽明經與胃相連繫
(D)手太陰經、手足少陰經、足厥陰經和手陽明經與肺相連繫",A,98-中醫基礎醫學(一)（包括中醫醫學史、中醫基礎理論、內經、難經）.csv,
37,"71歲患者右上眼瞼下垂約10年，初起僅僅覺得眼皮較累，逐漸僅能抬起一半，爾後兩眼大小不一。
他醫曾給予補中益氣湯而未見效果。今右上眼瞼仍下垂，怕冷，食慾尚可，二便平，舌淡紅苔薄白，
脈沉細。以經絡理論分析，以下列何經治療最合適？
(A)陽維 (B)陰維 (C)陽蹻 (D)陰蹻",C,98-中醫基礎醫學(一)（包括中醫醫學史、中醫基礎理論、內經、難經）.csv,
38,"依《難經》記載，足太陰氣絕的證候，可見：
(A)骨枯，骨髓不溫，齒長而垢，髮無潤澤 (B)脈不榮口唇，肌肉不滑澤
(C)皮毛焦，津液去，皮節傷 (D)脈不通，血不流",B,98-中醫基礎醫學(一)（包括中醫醫學史、中醫基礎理論、內經、難經）.csv,
40,"患者數週前因行走不慎，以致於左足背外側緣至第4、5趾間疼痛至今，X光檢查無異常。現在走路
不順暢，著地則疼痛更加嚴重，同時伴有口乾口苦、噁心感，舌紅苔薄黃，脈弦。以經絡理論分析，
以下列何經治療最合適？
(A)足厥陰經 (B)足太陽經 (C)足少陽經 (D)足陽明經",C,98-中醫基礎醫學(一)（包括中醫醫學史、中醫基礎理論、內經、難經）.csv,
41,"依據《靈樞．經脈篇》中說明，當患者出現顫抖發冷，常常伸腰呵欠，顏面暗黑，腹脹滿，胸部滿，
病發則討厭與人接觸，則醫師應考慮下列何條經脈出了問題？
(A)足太陰經 (B)足少陰經 (C)足陽明經 (D)足厥陰經",C,98-中醫基礎醫學(一)（包括中醫醫學史、中醫基礎理論、內經、難經）.csv,
42,"下列經脈何者不經過「眼睛」？
(A)手厥陰經 (B)足厥陰經 (C)任脈 (D)手少陰經",A,98-中醫基礎醫學(一)（包括中醫醫學史、中醫基礎理論、內經、難經）.csv,
43,"14歲游泳國手勤練肌力，造成左膝下三寸之脛骨內前緣腫痛，依經絡循行當以何經治療最適宜？
(A)足太陰經 (B)足少陰經 (C)足厥陰經 (D)足陽明經",A,98-中醫基礎醫學(一)（包括中醫醫學史、中醫基礎理論、內經、難經）.csv,
46,"某50歲男性患者，三週前輕度左側腦出血，經住院治療後病情穩定。患者除易受驚嚇外，僅右下肢
內踝上2寸，沿腓腸肌內側緣上行至膝內側緣常常發生不自主跳動，經檢查後並無其它明顯病變。醫師
依據《靈樞．經脈篇》中經脈循行辨證，宜以下列何經治療之？
(A)足少陰經 (B)足厥陰經 (C)足太陰經 (D)足陽明經",A,98-中醫基礎醫學(一)（包括中醫醫學史、中醫基礎理論、內經、難經）.csv,
48,"關於「心悸」的論述，下列何者錯誤？
(A)「心悸」是指患者自覺心中跳動、心慌不安
(B)心悸包括「驚悸」與「怔忡」，「怔忡」是指外在無所驚恐時，亦有心悸之症狀表現
(C)心悸形成的主要內因為心血虛致魂不守舍
(D)「驚悸」日久可轉為「怔忡」",C,98-中醫基礎醫學(一)（包括中醫醫學史、中醫基礎理論、內經、難經）.csv,
49,"關於「肺痿」之症狀及病因病機論述，下列何者錯誤？
(A)肺痿者肺葉痿弱不用，多因寒在上焦 (B)肺臟虛損多因久咳傷肺
(C)肺痿者可見口吐濁沫 (D)肺痿者可見皮膚枯燥
代號：1112
頁次：8－6",A,98-中醫基礎醫學(一)（包括中醫醫學史、中醫基礎理論、內經、難經）.csv,
50,"關於「腸癰」之病因病機論述，下列何者錯誤？
(A)此症總因濕毒瘀血結滯腸內而成 (B)其始發熱惡寒，小腹滿痛，反側不便
(C)病位包括小腸與大腸 (D)以手進行腹診時，熱者為無膿",D,98-中醫基礎醫學(一)（包括中醫醫學史、中醫基礎理論、內經、難經）.csv,
51,"關於「痰飲」所停留之病位與其症狀之論述，下列何者錯誤？
(A)痰飲在肺則咳 (B)痰飲在心則喘 (C)痰飲在胸則痞 (D)痰飲在頭則眩",B,98-中醫基礎醫學(一)（包括中醫醫學史、中醫基礎理論、內經、難經）.csv,
52,"某懷孕九個月女性患者在興高采烈等待小寶寶出生時，突然出現音啞不能說話的症狀。下列相關敘
述何者最不恰當？
(A)不需立即治療，等生產完症狀即可能消失
(B)這是因為貫舌本之經絡其精氣供應出現障礙所致
(C)等生產完需儘速接受全身檢查，評估是否有腫瘤侵犯聲帶及腦神經
(D)左尺之脈象應以滑脈為主",C,98-中醫基礎醫學(一)（包括中醫醫學史、中醫基礎理論、內經、難經）.csv,
53,"王小姐考完中醫高考後，買了 5 盒冰淇淋獨享，隔天王小姐出現腹痛的症狀。下列相關敘述何者最
不恰當？
(A)王小姐吃了5盒冰淇淋後，造成熱氣鬱留於小腸，而致小腸中痛
(B)王小姐可伴隨出現口渴的症狀
(C)王小姐可伴隨出現嘔吐的症狀
(D)王小姐可伴隨出現腹瀉的症狀",A,98-中醫基礎醫學(一)（包括中醫醫學史、中醫基礎理論、內經、難經）.csv,
54,"關於「咳嗽」之病因病機論述，下列何者錯誤？
(A)「寒飲食入胃」可以是引起肺寒的原因
(B)五臟六腑有了病變，但肺氣仍正常宣發肅降，此時不會有咳嗽的症狀
(C)「咳嗽」主要是因為肺氣不宣，而「喘」主要是因為肺氣不降
(D)咳嗽且有痰出，是因為胃內津液停滯形成痰飲所致",D,98-中醫基礎醫學(一)（包括中醫醫學史、中醫基礎理論、內經、難經）.csv,
55,"《素問．生氣通天論》：「是以聖人陳陰陽，筋脈和同，骨髓堅固，氣血皆從。」當體內的陰陽失
衡時，會出現的狀況不包括下列何者？
(A)當陰陽平衡時，內外調和，病邪便不能影響人體
(B)當陽不勝其陰，會產生五臟氣爭，九竅不通的病理現象
(C)當陰不勝其陽，會表現出脈流薄疾，更嚴重還可能出現狂症
(D)當血不勝其氣，會表現出脈流遲緩，更嚴重還可能出現鬱症",D,98-中醫基礎醫學(一)（包括中醫醫學史、中醫基礎理論、內經、難經）.csv,
56,"張仲景創制「麻黃湯」，此方所欲治療的病機，最符合《素問．調經論》中所描述的何種病機？
陰虛生內熱 陰盛生內寒 陽虛生外寒 陽盛生外熱
(A) (B) (C) (D)",C,98-中醫基礎醫學(一)（包括中醫醫學史、中醫基礎理論、內經、難經）.csv,
58,"關於《素問．痹論》對於榮衛氣與痹病之關係的敘述，下列何者錯誤？
(A)有寒故痛
(B)病久榮衛行澀，經絡空疏，故不仁
(C)營衛氣不與風寒濕相合，不為痹。陰氣多故寒；陽氣多故為痹熱；濕甚故多汗
(D)骨痹、筋痹、脈痹、肌痹、皮痹日久不已，復感於邪，則內舍於六腑
代號：1112
頁次：8－7",D,98-中醫基礎醫學(一)（包括中醫醫學史、中醫基礎理論、內經、難經）.csv,
59,"依《素問．病能論篇》所記載關於胃脘癰的症狀與病機，下列何者正確？
(A)若出現腰痛與四肢無力，則為不治之病 (B)其脈當沉細，病機為氣逆與熱聚於胃而不行
(C)人迎脈浮數，病機為腎陰虛 (D)診療胃脘癰，要重視腎脈，可了解疾病的預後",B,98-中醫基礎醫學(一)（包括中醫醫學史、中醫基礎理論、內經、難經）.csv,
60,"依《素問．調經論》所記載，關於寒濕外邪，影響人體所產生的病證變化，下列何者錯誤？
(A)榮血濇滯，衛氣散失 (B)皮膚縱緩，肌肉堅緊
(C)病位如果按之，則覺得舒服而不感到痛 (D)其脈堅大",D,98-中醫基礎醫學(一)（包括中醫醫學史、中醫基礎理論、內經、難經）.csv,
61,"依《難經》所記載五臟之積，其發生的病位與症狀特性，下列何者正確？
(A)腎之積，發於少腹，久不已，令人喘逆 (B)心之積，發於左胸前，久不已，令人癲狂
(C)肺之積，發於右脇上，久不已，令人氣陷 (D)肝之積，發於兩側脇肋，久不已，令人氣滯",A,98-中醫基礎醫學(一)（包括中醫醫學史、中醫基礎理論、內經、難經）.csv,
62,"依《難經》說明「泄」有不同病因與症狀表現，下列何者正確？
(A)有胃泄、脾泄、大腸泄、小腸泄、大瘕泄 (B)脾泄者，為飲食不化
(C)胃泄者，為腹脹滿，食即嘔吐逆 (D)大腸泄者，為便膿血，少腹痛",A,98-中醫基礎醫學(一)（包括中醫醫學史、中醫基礎理論、內經、難經）.csv,
63,"臨床上出現病患脈象為弦勁堅，同時症狀出現譫語神昏，不能答問，疼痛拒按，依《難經》所記載，
下列何者正確？
(A)虛實夾雜 (B)為虛證
(C)為實證 (D)以症狀表現為主，較不重視脈象",C,98-中醫基礎醫學(一)（包括中醫醫學史、中醫基礎理論、內經、難經）.csv,
64,"關於水腫病的病機與治療原則，依《素問．湯液醪醴論篇》所記載，下列何者正確？
(A)與寒邪及濕邪較有相關性 (B)與五臟陽氣遏抑不布無相關性
(C)吐法與攻下為治療原則 (D)發汗與利小便為治療原則",D,98-中醫基礎醫學(一)（包括中醫醫學史、中醫基礎理論、內經、難經）.csv,
65,"依《素問．至真要大論》所記載，若病患遭遇寒性病因，症狀表現出現筋脈拘急與關節屈伸不利，
在臟腑病位是屬於下列何者？
(A)心 (B)脾 (C)肺 (D)腎",D,98-中醫基礎醫學(一)（包括中醫醫學史、中醫基礎理論、內經、難經）.csv,
66,"若病患產生眩暈、身體動搖、抽搐、頭目昏花的症狀時，依《素問．至真要大論》所記載，係與下
列何者的臟腑功能異常有關？
(A)膽 (B)肝 (C)心 (D)脾",B,98-中醫基礎醫學(一)（包括中醫醫學史、中醫基礎理論、內經、難經）.csv,
67,"依《素問．宣明五氣篇》對於五氣所病的描述，下列何者正確？
(A)胃氣上逆為吞酸 (B)胃氣病則為氣逆與恐懼
(C)中焦病容易水液泛濫為水腫 (D)肺氣病容易呵欠噴嚏",B,98-中醫基礎醫學(一)（包括中醫醫學史、中醫基礎理論、內經、難經）.csv,
68,"臨床上評估病患昏厥的症狀表現，依《素問．厥論篇》所記載，其病機主要為下列何者？
(A)陰氣盛於上與陽氣厥，出現昏厥的表現
(B)陽氣盛於上與邪氣逆，逆則陽氣亂，出現昏厥的表現
(C)陰氣盛於上，則下虛與昏厥不知人
(D)陽氣盛於上，則下實與昏厥不知人",B,98-中醫基礎醫學(一)（包括中醫醫學史、中醫基礎理論、內經、難經）.csv,
69,"臨床上若病人產生脛縱而不任地的表現，依《素問．痿論》所描述，其病機的表現下列何者正確？
(A)為心氣熱所產生的痿症 (B)為脾氣熱，產生肌肉不仁的肉痿
(C)為下脈實，實則生脈熱 (D)為膽泄與筋膜乾，產生筋痿
代號：1112
頁次：8－8",A,98-中醫基礎醫學(一)（包括中醫醫學史、中醫基礎理論、內經、難經）.csv,
70,"對於痹症的各種不同症狀表現，有不同的病機產生，依《素問．痹論篇》的記載，下列何者正確？
(A)若病患有感覺異常與無疼痛表現時，常因榮衛循行澀滯與皮膚不榮
(B)產生痛的症狀時，常因為濕氣多
(C)產生痹熱者，常因陽氣與陰氣皆多，陰陽相爭
(D)在於肉則寒，在於皮則不仁",A,98-中醫基礎醫學(一)（包括中醫醫學史、中醫基礎理論、內經、難經）.csv,
71,"對於五臟痛症的病因病機，依《素問．舉痛論》所記載，下列何者正確？
(A)邪氣客於脈外，則氣不通 (B)邪氣客於脈中，則血少
(C)寒氣入經，則血氣運行遲緩，澀而不通 (D)屬實者因脈絡收縮，血氣不足",C,98-中醫基礎醫學(一)（包括中醫醫學史、中醫基礎理論、內經、難經）.csv,
72,"對於熱病有病邪遺留未盡與遷延不癒，依《素問．熱論篇》所記載的病因，下列何者正確？
(A)治療初期，引熱邪內陷 (B)猶有殘熱在臟腑內外，仍勉強多食
(C)氣陰兩虛而持續化熱 (D)過用清熱解毒藥物，傷其正氣",B,98-中醫基礎醫學(一)（包括中醫醫學史、中醫基礎理論、內經、難經）.csv,
73,"臨床上病患症狀與脈象之間的相關性，依《難經》所記載其預後的表現，下列何者正確？
(A)病患出現大腹而瀉，為脾虛表現，脈象出現微細而濇，為難治
(B)病患出現目開而渴與心下牢，為心虛表現，脈象出現緊實而數，為難治
(C)病患出現閉目不欲見人，為肝虛表現，脈象出現肺脈浮濇而短，為難治
(D)病患出現譫言妄語與身熱，脈象出現洪大，為難治",C,98-中醫基礎醫學(一)（包括中醫醫學史、中醫基礎理論、內經、難經）.csv,
74,"若病人已產生骨痿不能起於床，其病變與治療原則，依《難經》所記載，下列何者正確？
(A)上部無脈，下部有脈，其人當吐，不吐者死
(B)治療為緩其中與調其榮衛，同時會有頭痛目眩與胸滿短氣的症狀
(C)在損脈之為病是五損損於骨，治療為益其精
(D)若為至脈之病，從下上者，骨痿不能起於床者死",C,98-中醫基礎醫學(一)（包括中醫醫學史、中醫基礎理論、內經、難經）.csv,
75,"據《素問．四氣調神大論》，何季節的保養要特別注意不應常生氣？
(A)春 (B)長夏 (C)夏 (D)秋",C,98-中醫基礎醫學(一)（包括中醫醫學史、中醫基礎理論、內經、難經）.csv,
76,"據《靈樞．五味篇》，肝病禁何味？
(A)酸 (B)辛 (C)甘 (D)苦",B,98-中醫基礎醫學(一)（包括中醫醫學史、中醫基礎理論、內經、難經）.csv,
77,"據《素問．上古天真論》對於疾病的預防，其重點在於內守下列何者？
(A)臟腑 (B)筋肉 (C)真氣 (D)精神",D,98-中醫基礎醫學(一)（包括中醫醫學史、中醫基礎理論、內經、難經）.csv,
78,"據《素問．上古天真論》，人能年老而有子，除了其天壽夠且氣脈通外，下列何內臟的氣必須是有
餘的？
(A)脾 (B)肺 (C)腎 (D)肝",C,98-中醫基礎醫學(一)（包括中醫醫學史、中醫基礎理論、內經、難經）.csv,
79,"據《素問．四氣調神大論》，何季節日夜生活作息的遵循法則是一樣的？
(A)秋冬 (B)冬春 (C)春夏 (D)夏秋",C,98-中醫基礎醫學(一)（包括中醫醫學史、中醫基礎理論、內經、難經）.csv,
80,"下列何者是《素問．四氣調神大論》所認為夏三月的養生方法？
(A)無泄皮膚，使氣亟奪 (B)生而勿殺，予而勿奪
(C)收斂神氣，無外其志 (D)使氣得泄，若所愛在外",D,98-中醫基礎醫學(一)（包括中醫醫學史、中醫基礎理論、內經、難經）.csv,
1,"有關當歸補血湯的敘述，下列何者錯誤？
(A) 當歸與黃耆的用量比是5：1 (B)肌熱面赤、渴喜溫飲是主治症狀之一
(C)洪大而虛，重按無力是主治之脈象 (D)有形之血，生於無形之氣是組方原則",A,98-中醫基礎醫學(二)（包括中醫方劑學、中醫藥物學）.csv,
2,"下列各項敘述，何者錯誤？
(A)四物湯的功效是補血調血
(B)歸脾湯是以益氣補血，健脾養心為組方依據
(C)玉屏風散主治營衛不和之表虛自汗證
(D)益氣聰明湯可用治中氣不足，清陽不升之耳鳴、耳聾",C,98-中醫基礎醫學(二)（包括中醫方劑學、中醫藥物學）.csv,
3,"下列各項敘述，何者錯誤？
(A)《丹溪心法》大補陰丸以滋陰降火為組方依據
(B)知母、黃柏是《丹溪心法》大補陰丸與《醫宗金鑑》知柏八味丸共同的組成之一
(C)《丹溪心法》大補陰丸可治肝腎陰虛，相火亢盛之咳嗽咯血
(D)《丹溪心法》大補陰丸主治患者的尺脈細數無力",D,98-中醫基礎醫學(二)（包括中醫方劑學、中醫藥物學）.csv,
4,"下列各項敘述，何者正確？
(A)百合固金湯以當歸養血潤燥，並治咳逆上氣；且配白芍以養血和血
(B)補肺阿膠散主治肺腎陰虧，虛火上炎之證
(C)阿膠、麥門冬是炙甘草湯與補肺阿膠散共同的組成之一
(D)炙甘草湯可主治虛勞咳吐黃稠粘痰之證",A,98-中醫基礎醫學(二)（包括中醫方劑學、中醫藥物學）.csv,
5,"下列各項敘述，何者錯誤？
(A)《小兒藥證直訣》六味地黃丸加五味子主治腎陰虛氣喘，呃逆之證
(B)《金匱要略》腎氣丸的組成藥物中，桂枝、炮附子的用量最小
(C)牛膝、五味子是《濟生方》腎氣丸與《濟生方》十補丸共同的組成之一
(D)麥冬、五味子是《壽世保元》八仙長壽丸的組成之一",C,98-中醫基礎醫學(二)（包括中醫方劑學、中醫藥物學）.csv,
6,"溫病後期，邪伏陰分，而見夜熱早涼，熱退無汗，舌紅苔少，脈細數，最宜使用下列何方？
(A)清骨散 (B)蒿芩清膽湯 (C)秦艽鱉甲湯 (D)青蒿鱉甲湯",D,98-中醫基礎醫學(二)（包括中醫方劑學、中醫藥物學）.csv,
7,"下列各項敘述，何者錯誤？
(A)清熱解毒，消散疔瘡是五味消毒飲的功效
(B)龍膽瀉肝湯主治熱毒壅盛三焦之證
(C)天花粉、沒藥、白芷是仙方活命飲的組成之一
(D)五味消毒飲與龍膽瀉肝湯沒有共同的藥物組成",B,98-中醫基礎醫學(二)（包括中醫方劑學、中醫藥物學）.csv,
8,"治療自汗的方劑，下列何者正確？當歸六黃湯 局方牡蠣散 桂枝湯 玉屏風散 柏子
仁丸
(A) (B) (C) (D)",B,98-中醫基礎醫學(二)（包括中醫方劑學、中醫藥物學）.csv,
9,"《千金方》葦莖湯之組成含下列何者？
(A)桃仁、杏仁 (B)瓜蔞仁、麻子仁
(C)冬瓜仁、薏苡仁 (D)郁李仁、桃仁",C,98-中醫基礎醫學(二)（包括中醫方劑學、中醫藥物學）.csv,
10,"下列何者是主治四肢厥逆證的方劑？當歸四逆湯 小建中湯 大建中湯 大承氣湯 四
逆散
(A) (B) (C) (D)
代號：2112
頁次：8－2",D,98-中醫基礎醫學(二)（包括中醫方劑學、中醫藥物學）.csv,
12,"某32歲女性，手足厥冷，但不過膝、不過肘，面色白，口不渴，舌淡苔白，脈沉細，最宜使用下
列何方藥？
(A)附子、乾薑、炙甘草
(B)當歸、桂枝、白芍、細辛、通草、大棗、炙甘草
(C)黃耆、桂枝、白芍、大棗、生薑
(D)柴胡、白芍、枳實、炙甘草",B,98-中醫基礎醫學(二)（包括中醫方劑學、中醫藥物學）.csv,
13,"有關《備急千金要方》溫脾湯的敘述，下列何者錯誤？
(A)該方功用為溫補脾陽，攻下冷積 (B)方中劑量最大者為附子
(C)煎藥時，大黃當後下 (D)主治證的脈象為沉弦而遲",B,98-中醫基礎醫學(二)（包括中醫方劑學、中醫藥物學）.csv,
14,"患者感冒當日出現惡寒較重，發熱較輕，未曾就醫，次日證見惡寒漸輕，身熱增盛，無汗頭痛，目
疼鼻乾，心煩不眠，眼眶痛，舌苔薄黃，脈浮微洪者，治宜以下列何者所組成的方藥？
(A)防風、白芷、黃芩、石膏、秦艽、甘草、細辛、川芎、白芍、羌活、生地、白朮、茯苓、獨活、
當歸
(B)杏仁、生薑、麻黃、大棗、炙甘草、石膏、桂枝
(C)牛蒡子、石膏、防風、荊芥、生地、蟬蛻、知母、苦參、蒼朮、胡麻、木通、甘草、當歸
(D)白芍、羌活、桔梗、白芷、葛根、黃芩、石膏、柴胡、甘草",D,98-中醫基礎醫學(二)（包括中醫方劑學、中醫藥物學）.csv,
15,"有關增液承氣湯的敘述，下列何者錯誤？
(A)主治證的脈象為細數
(B)治宜甘涼濡潤之增陰液，鹹苦潤下之泄熱通便法為依據
(C)方中君（主）藥為大黃
(D)該方功用為滋陰增液，泄熱通便",C,98-中醫基礎醫學(二)（包括中醫方劑學、中醫藥物學）.csv,
16,"下列何者不屬於扶正解表劑？
(A)再造散 (B)蔥白七味飲 (C)加減葳蕤湯 (D)真人養臟湯",D,98-中醫基礎醫學(二)（包括中醫方劑學、中醫藥物學）.csv,
17,"下列敘述，何者錯誤？
(A)參蘇飲的君（主）藥為蘇葉、葛根 (B)升麻葛根湯的君（主）藥為升麻
(C)柴葛解肌湯的君（主）藥為柴胡、葛根 (D)香蘇散的君（主）藥為香附",D,98-中醫基礎醫學(二)（包括中醫方劑學、中醫藥物學）.csv,
19,"下列何者屬於「十劑」中的「澀劑」？
(A)溫經湯 (B)磁朱丸 (C)平胃散 (D)真人養臟湯",D,98-中醫基礎醫學(二)（包括中醫方劑學、中醫藥物學）.csv,
20,"黃連解毒湯主治之症狀含下列何者？身熱夜甚，口渴 煩躁，錯語不眠 下痢，濕熱黃疸
(A) (B) (C) (D)
代號：2112
頁次：8－3",C,98-中醫基礎醫學(二)（包括中醫方劑學、中醫藥物學）.csv,
21,"某36歲女性，主訴頭頂痛加劇，嘔吐心煩3天，患者近兩年來經常頭痛，以頭頂痛為甚，伴有脘悶
欲嘔，心煩，渴不欲飲，四肢不溫，舌淡苔白滑，脈弦細，最宜使用下列何者所組成之方藥？
(A)吳茱萸、人參、生薑、大棗
(B)人參、白朮、乾薑、炙甘草
(C)桂枝湯倍芍藥，加飴糖
(D)川芎、荊芥、白芷、羌活、細辛、防風、薄荷、甘草",A,98-中醫基礎醫學(二)（包括中醫方劑學、中醫藥物學）.csv,
22,"下列何者為血府逐瘀湯、少腹逐瘀湯、膈下逐瘀湯、身痛逐瘀湯四個逐瘀湯的共同組成藥物？
(A)桃仁 (B)紅花 (C)生地 (D)川芎",D,98-中醫基礎醫學(二)（包括中醫方劑學、中醫藥物學）.csv,
23,"關於蘇子降氣湯的敘述，下列何者正確？
(A)喘咳痰多，色白而稀，腰疼腳軟，舌苔白而膩為其適應證
(B)主治上盛下虛之肺熱痰喘
(C)肉桂溫補下元，與蘇子為方中主藥
(D)柴胡與半夏共用，宣肺降氣化痰，為方中之次藥",A,98-中醫基礎醫學(二)（包括中醫方劑學、中醫藥物學）.csv,
24,"下列何者為當歸拈痛湯的組成之一？茵陳、獨活 人參、貝母 茯苓、澤瀉 蒼朮、苦參
防風、葛根
(A)  (B) (C) (D)",D,98-中醫基礎醫學(二)（包括中醫方劑學、中醫藥物學）.csv,
25,"下列何者為黃土湯的主藥？
(A)伏龍肝 (B)黃芩 (C)阿膠 (D)炮附子",A,98-中醫基礎醫學(二)（包括中醫方劑學、中醫藥物學）.csv,
26,"下列何方劑的組成不含人參？
(A)《症因脈治》丁香杮蒂湯 (B)《金匱要略》橘皮竹茹湯
(C)《濟生方》四磨湯 (D)《景岳全書》暖肝煎",D,98-中醫基礎醫學(二)（包括中醫方劑學、中醫藥物學）.csv,
27,"下列那一個行氣方劑的主要作用是疏肝瀉熱？
(A)柴胡疏肝散 (B)越鞠丸 (C)瓜蔞薤白白酒湯 (D)金鈴子散",D,98-中醫基礎醫學(二)（包括中醫方劑學、中醫藥物學）.csv,
28,"關於安神方劑主治的證型，下列何者正確？硃砂安神丸主治肝血不足陰虛內熱的不眠 磁朱丸
主治腎陰虛心陽亢的不眠 酸棗仁湯主治心火亢盛心神失養的不眠證 天王補心丹主治心腎兩
虛的不眠
(A) (B) (C) (D)",C,98-中醫基礎醫學(二)（包括中醫方劑學、中醫藥物學）.csv,
29,"張先生來院門診，主訴半身以下腫甚，胸腹脹滿，身重食少，手足不溫，口中不渴，小便短少，大
便溏薄，經醫生診察舌淡苔膩，脈沉弦而遲，宜主下列何方？
(A)真武湯 (B)實脾飲 (C)五苓散 (D)理中湯",B,98-中醫基礎醫學(二)（包括中醫方劑學、中醫藥物學）.csv,
30,"下列有關五苓散之主治，何者錯誤？
(A)水腫泄瀉，小便不利
(B)臍下動悸，吐涎沫而頭眩
(C)汗出惡風，身重，小便不利，舌淡苔白，脈浮
(D)頭痛發熱，煩渴欲飲，水入即吐，小便不利，舌苔白，脈浮",C,98-中醫基礎醫學(二)（包括中醫方劑學、中醫藥物學）.csv,
31,"濕與瘀熱，蘊結於裏之證，宜主下列何方？
(A)當歸拈痛湯 (B)龍膽瀉肝湯 (C)甘露消毒丹 (D)茵陳蒿湯",D,98-中醫基礎醫學(二)（包括中醫方劑學、中醫藥物學）.csv,
32,"由白附子、僵蠶、全蠍所組成方，其功用為下列何者？
(A)疏風清熱除濕 (B)祛風除濕化瘀 (C)祛風化痰止痙 (D)祛風化痰散熱",C,98-中醫基礎醫學(二)（包括中醫方劑學、中醫藥物學）.csv,
33,"由生赭石一兩、生板五錢、生杭芍五錢、玄參五錢、懷牛膝一兩、天冬五錢、川棟子二錢、生龍骨五錢、生麥
芽二錢、生牡蠣五錢、茵陳二錢、甘草一錢半組成方，其功用為下列何者？
(A)滋陰息風，清熱利濕 (B)涼肝息風，增液舒筋 (C)平肝息風，清熱利濕 (D)鎮肝息風，滋陰潛陽",D,98-中醫基礎醫學(二)（包括中醫方劑學、中醫藥物學）.csv,
34,"有關順氣消食化痰丸之敘述，下列何者正確？
(A)其方藥中有三子養親湯之組成
(B)主治五更咳嗽、咳嗽或酒食痰多、食慾減退、胸膈痞悶、苔白膩脈濡者
(C)以葛根、山楂、麥芽為方中次藥
(D)以半夏、南星燥濕化痰為方中佐藥",B,98-中醫基礎醫學(二)（包括中醫方劑學、中醫藥物學）.csv,
35,"苓甘五味薑辛湯組成中，下列何藥可通徹表裏，以助散已聚之寒飲？
(A)茯苓 (B)乾薑 (C)細辛 (D)生薑
代號：2112
頁次：8－4",C,98-中醫基礎醫學(二)（包括中醫方劑學、中醫藥物學）.csv,
36,"下列何者為止嗽散之組成？
(A)前胡、甘草、紫菀、陳皮、桔梗、荊芥、百部 (B)紫菀、陳皮、桔梗、杏仁、百部、前胡、荊芥
(C)陳皮、紫菀、甘草、桔梗、百部、荊芥、白前 (D)杏仁、紫菀、桔梗、荊芥、百部、白前、陳皮",C,98-中醫基礎醫學(二)（包括中醫方劑學、中醫藥物學）.csv,
37,"有一患者去 199 元吃到飽餐廳，因專挑松阪牛肉大量食用，後見上腹脹滿，噯腐吞酸，痰哽不舒；
則在處方用藥時以下列何藥為首選？
(A)麥芽 (B)山楂 (C)萊菔子 (D)神麴",B,98-中醫基礎醫學(二)（包括中醫方劑學、中醫藥物學）.csv,
38,"下列何者為五積散的組成之一？肉桂、乾薑、麻黃、厚朴 白朮、枳實、細辛、蘇梗 半夏、
茯苓、陳皮、白芷
(A)  (B) (C) (D)",B,98-中醫基礎醫學(二)（包括中醫方劑學、中醫藥物學）.csv,
39,"有關枳實導滯丸之組成，下列何者正確？
(A)枳實、大黃、神麴、茯苓、黃芩、黃連、白朮、澤瀉
(B)枳殼、大腹皮、神麴、豬苓、黃芩、黃連、蒼朮、澤瀉
(C)枳實、木香、檳榔、大黃、茯神、黃芩、黃連、白朮
(D)枳殼、木香、大腹皮、神麴、茯苓、黃芩、黃連、蒼朮",A,98-中醫基礎醫學(二)（包括中醫方劑學、中醫藥物學）.csv,
40,"劉先生來院門診，主訴小便淋漓不暢，溺時澀痛，小腹急滿，口燥咽乾，經醫生診察舌苔黃膩，脈
滑數，宜主下列何方？
(A)導赤散 (B)甘露消毒丹 (C)八正散 (D)龍膽瀉肝湯",C,98-中醫基礎醫學(二)（包括中醫方劑學、中醫藥物學）.csv,
41,"下列何者能消痰止渴，除上焦風邪煩熱，治欬逆喘促，嘔噦吐血，中風失音？
(A)生薑 (B)桔梗 (C)紫菀 (D)淡竹葉",D,98-中醫基礎醫學(二)（包括中醫方劑學、中醫藥物學）.csv,
42,"下列何者非玄參之主治？
(A)風熱或虛火上炎所致的咽喉腫痛 (B)痰火鬱結之瘰癧痰核
(C)溫熱病熱入營分，傷陰劫液 (D)脾胃氣虛，納少便溏",D,98-中醫基礎醫學(二)（包括中醫方劑學、中醫藥物學）.csv,
43,"有關漏蘆的應用敘述，下列何者錯誤？
(A)能通經下乳 (B)治歷節風痛
(C)治風疹搔癢 (D)治氣虛，瘡瘍平塌不起",D,98-中醫基礎醫學(二)（包括中醫方劑學、中醫藥物學）.csv,
47,"實熱積滯，大便燥結，兼有咽痛、口瘡，最宜選用下列何藥內服外敷？
(A)冰片 (B)芒硝 (C)牽牛子 (D)當歸",B,98-中醫基礎醫學(二)（包括中醫方劑學、中醫藥物學）.csv,
48,"既能祛風濕、止痹痛，又能退虛熱、清濕熱的藥物是：
(A)防己 (B)絡石藤 (C)秦艽 (D)海桐皮",C,98-中醫基礎醫學(二)（包括中醫方劑學、中醫藥物學）.csv,
51,"痰濁內阻，胸陽不振而見心下痞悶疼痛者，下列何藥不用？
(A)桂枝 (B)厚朴 (C)枳實 (D)大黃",D,98-中醫基礎醫學(二)（包括中醫方劑學、中醫藥物學）.csv,
52,"用於脾不統血、衝脈不固之崩漏不止時，棕櫚炭不與下列何藥配伍？
(A)大薊 (B)黃耆 (C)白朮 (D)海螵蛸",A,98-中醫基礎醫學(二)（包括中醫方劑學、中醫藥物學）.csv,
53,"有關吳茱萸的用途，下列敘述何者錯誤？
(A)主治濁陰不降，厥氣上逆，膈塞脹滿 (B)主治濕熱在氣分
(C)主治陰疝，腳氣水腫 (D)主治厥陰頭痛",B,98-中醫基礎醫學(二)（包括中醫方劑學、中醫藥物學）.csv,
54,"脾腎陽虛，食少泄瀉，完穀不化者，不宜下列何藥？
(A)乾薑 (B)厚朴 (C)肉桂 (D)附子",B,98-中醫基礎醫學(二)（包括中醫方劑學、中醫藥物學）.csv,
55,"下列何藥能通行十二經八脈，利三焦，解六鬱？
(A)砂仁 (B)木香 (C)香附 (D)藿香",C,98-中醫基礎醫學(二)（包括中醫方劑學、中醫藥物學）.csv,
56,"下列有關活血祛瘀藥之敘述，何者錯誤？
(A)易耗血動血，不宜用於婦女月經過多及其他出血證無瘀血現象者
(B)對於孕婦尤當慎用或忌用，以免引起出血、墮胎
(C)在使用活血祛瘀藥時，不宜配合行氣藥，以免影響其行血散瘀的作用
(D)破血逐瘀之品，更易傷人正氣，對體虛者慎用
代號：2112
頁次：8－6",C,98-中醫基礎醫學(二)（包括中醫方劑學、中醫藥物學）.csv,
58,"下列何藥能利水消腫、清熱解毒、活血通經，為經產要藥？
(A)瞿麥 (B)赤芍 (C)益母草 (D)牡丹皮",C,98-中醫基礎醫學(二)（包括中醫方劑學、中醫藥物學）.csv,
59,"下列何藥能活血、行氣、止痛，可廣泛用於身體各部位的多種疼痛證候？
(A)丹參 (B)紅花 (C)益母草 (D)延胡索",D,98-中醫基礎醫學(二)（包括中醫方劑學、中醫藥物學）.csv,
60,"有關乳香的應用，下列何者錯誤？
(A)胸腹挫傷，瘀血作痛 (B)脾胃虛寒，脘腹冷痛
(C)適於癰疽，初起腫痛 (D)瘡瘍潰破，久不收口",B,98-中醫基礎醫學(二)（包括中醫方劑學、中醫藥物學）.csv,
62,"下列藥物中，何者能平肝息風和清熱解毒，可用於重症腦炎型所出現的高熱不退，神志昏迷？
(A)石膏 (B)珍珠母 (C)天麻 (D)羚羊角",D,98-中醫基礎醫學(二)（包括中醫方劑學、中醫藥物學）.csv,
64,"婦人不孕兼有腸燥便祕，宜選用下列何藥？
(A)火麻仁 (B)肉蓯蓉 (C)郁李仁 (D)杜仲",B,98-中醫基礎醫學(二)（包括中醫方劑學、中醫藥物學）.csv,
65,"有關墨旱蓮之敘述，下列何者正確？
(A)為金絲桃科植物湖南連翹的乾燥全草 (B)能活血調經
(C)能安神定驚 (D)能涼血止血",D,98-中醫基礎醫學(二)（包括中醫方劑學、中醫藥物學）.csv,
71,"依《本草備要》，有關獨活與羌活功能的敘述，下列何者正確？
(A)前者搜風後者治濕 (B)同能搜風治濕
(C)只能搜風不治濕 (D)均不具搜風及治濕的功效",B,98-中醫基礎醫學(二)（包括中醫方劑學、中醫藥物學）.csv,
72,"依《本草備要》，有關天麻的功效，下列何者錯誤？
(A)治諸風眩掉 (B)治頭旋眼黑 (C)治濕熱痛風 (D)治語言不遂",C,98-中醫基礎醫學(二)（包括中醫方劑學、中醫藥物學）.csv,
73,"依《本草備要》，下列有關沙參的敘述，何者錯誤？
(A)專補肺氣 (B)兼益脾腎 (C)金受火剋作嗽者宜 (D)寒客肺中作嗽者宜",D,98-中醫基礎醫學(二)（包括中醫方劑學、中醫藥物學）.csv,
76,"下列何者不是烏梅之應用對象？
(A)久瀉久痢 (B)精滑不固，小便頻數 (C)虛熱消渴 (D)蛔厥腹痛",B,98-中醫基礎醫學(二)（包括中醫方劑學、中醫藥物學）.csv,
77,"依《本草備要》，下列何者為蜈蚣主治的項目？
(A)熱病譫妄，小兒疳積 (B)臍風撮口，驚癇 (C)癰疽，瘡癰 (D)小兒勞瘦疳疾",B,98-中醫基礎醫學(二)（包括中醫方劑學、中醫藥物學）.csv,
78,"依《本草備要》，下列何藥，最宜用於女科、血虛血瘀之候及排膿生肌之用？
(A)當歸 (B)紅花 (C)丹參 (D)芎藭",C,98-中醫基礎醫學(二)（包括中醫方劑學、中醫藥物學）.csv,
79,"下列何者屬於理氣燥濕，為脾肺氣分之藥？
(A)半夏 (B)蒼朮 (C)陳皮 (D)白朮",C,98-中醫基礎醫學(二)（包括中醫方劑學、中醫藥物學）.csv,
80,"下列有關黃連藥材品質與炮製功效的敘述，何者正確？
(A)品質以雲連為佳，酒製活血通經 (B)品質以雅連為佳，酒製清心除煩
(C)品質以味連為佳，吳茱萸製治氣分濕熱 (D)品質以鳳尾連為佳，薑製清熱燥濕",C,98-中醫基礎醫學(二)（包括中醫方劑學、中醫藥物學）.csv,
1,"王老先生在得知自己僅有的一塊地被兒子賣掉且在賭桌上輸光光時，當場昏倒失去意識。根據《素
問．生氣通天論》，下列敘述何者最恰當？
(A)王老先生在得知這件事情時，因心情非常鬱悶而致肝氣不疏
(B)王老先生之所以昏倒是因為氣血無法上頭
(C)王老先生之所以昏厥的病因病機近似於《黃帝內經》中所提到的「煎厥」
(D)王老先生甦醒後可能會有不定程度的言語或肢體運動障礙",D,99-中醫基礎醫學(一)（包括中醫醫學史、中醫基礎理論、內經、難經）.csv,
2,"王老先生的女兒在大陸經商，為了表示孝心，過年回台前經人介紹自大陸買了中藥想幫父親調理身
體。王老先生在服用了兩個月後，開始覺得手腳容易抽筋、無力，且人變得容易疲倦。請問所買的
中藥最可能的主要藥材為何？
(A)杏仁 (B)茯苓 (C)珍珠母 (D)薄荷",D,99-中醫基礎醫學(一)（包括中醫醫學史、中醫基礎理論、內經、難經）.csv,
3,"對於商周時代發展出來的醫學相關論述，下列何者錯誤？
(A)飲食調味：「凡和，春多酸，夏多苦，秋多辛，冬多鹹，調以滑甘。」
(B)飲食衛生：「色惡不食，臭惡不食，失飪不食，不時不食。」
(C)傳染病紀錄：「春季行夏令，民多瘧疾。」
(D)醫學倫理與醫學教育：「醫不三世，不服其藥。」",C,99-中醫基礎醫學(一)（包括中醫醫學史、中醫基礎理論、內經、難經）.csv,
4,"有關魏晉南北朝時期的醫學文獻整理研究成果，下列何者錯誤？
(A)呂廣注《八十一難經》，啟注疏經典理論醫著之端
(B)王叔和整理《傷寒雜病論》，目的在「今搜采仲景舊論，錄其證候、診脈、聲色，對病真方有神
驗者，擬防世急也。」
(C)陳延之作《內經訓解》，是已知有關《黃帝內經》的最早校注本
(D)陶弘景作《神農本草經集注》，是南北朝以前藥物學的總整理著作",C,99-中醫基礎醫學(一)（包括中醫醫學史、中醫基礎理論、內經、難經）.csv,
5,"有關宋朝醫家與其著作之配對，下列何者正確？蘇轍－《蘇沈良方》 宋慈－《洗冤集錄》
王執中－《針灸資生經》 朱肱－《南陽活人書》
(A) (B) (C)僅 (D)僅",B,99-中醫基礎醫學(一)（包括中醫醫學史、中醫基礎理論、內經、難經）.csv,
6,"有關李杲補土學說的論述，下列何者錯誤？
(A)主張「人以胃土為本」，「有胃氣則生，無胃氣則死。」
(B)脾胃受傷之因主要有「飲食不節」、「勞役過度」、「精神刺激」，並能相互影響
(C)主要治則為「調理脾胃、升舉清陽、補益腎氣」，處方如「升陽益胃湯」、「六味地黃丸」
(D)師從張元素，遭逢戰亂後，創立以「內傷脾胃」學說為主體的理論體系
代號：1112
頁次：8－2",C,99-中醫基礎醫學(一)（包括中醫醫學史、中醫基礎理論、內經、難經）.csv,
7,"有關醫家劉守真的相關資料，下列何者錯誤？
(A)著有《內經運氣要旨論》、《醫學啟源》等書
(B)獨好《素問》，結合「病機十九條」，提倡傷寒火熱病機理論，善用寒涼藥物
(C)主張六氣化火，認為疾病的成因或結果都會導致火的發生
(D)重視「五運六氣」，但不拘於其規律模式",A,99-中醫基礎醫學(一)（包括中醫醫學史、中醫基礎理論、內經、難經）.csv,
8,"清代有不少重要的中醫婦科典籍，以下配對何者正確？《濟陰綱目》－武之望 《女科經綸》
－蕭慎齋 《女科證治準繩》－王士雄 《達生篇》－陳修園
(A) (B) (C) (D)",A,99-中醫基礎醫學(一)（包括中醫醫學史、中醫基礎理論、內經、難經）.csv,
9,"有關金元的醫事制度，下列何者錯誤？
(A)元代太醫院為獨立的最高醫事機構，掌宮中之醫藥事宜
(B)太醫院的名稱始於金代
(C)廣惠司和回回藥物院是採用印度醫學的醫療機構
(D)元代的醫師官階於歷代中最高",C,99-中醫基礎醫學(一)（包括中醫醫學史、中醫基礎理論、內經、難經）.csv,
10,"有關明代《傷寒論》研究的成果，下列敘述何者錯誤？
(A)本時期醫家開始強調文本編次真偽的問題，故產生了「錯簡重訂」與「維護舊論」兩種主張
(B)明代研究《傷寒論》諸家，涉及內容廣泛，有的重在約論經義；有的偏於訂正注家之誤
(C)張志聰認為世傳《傷寒論》不合辨證處甚多，太陽三篇尤為混亂，故重加考訂，以還叔和之故，
通仲景之源
(D)方有執著《傷寒論條辨》，提出「風傷衛、寒傷營、風寒兩傷營衛」為太陽病大綱",C,99-中醫基礎醫學(一)（包括中醫醫學史、中醫基礎理論、內經、難經）.csv,
11,"下列有關中醫近代發展之敘述，何者錯誤？
(A)1914年，教育總長汪大燮把中醫教育排斥於醫學課程之外
(B)1929年，余雲岫提議「廢止舊醫以掃除醫事衛生之障礙案」
(C)1931年，國醫館呈請行政院核准以三月十四日為法定「國醫節」
(D)1972年於「大學法」中增列「中醫學系」，中醫教育在立法上始正式納入大學教育系統",C,99-中醫基礎醫學(一)（包括中醫醫學史、中醫基礎理論、內經、難經）.csv,
12,"有關惲樹珏對中西醫匯通的嘗試，下列學術主張何者錯誤？
(A)發展中醫應吸取西醫之長，與之化合
(B)中西醫匯通應講求實效，醫學不可流於紙上談兵
(C)兩種醫學文化背景不同，各有其基礎與專擅之處
(D)宜保留藏象生理與經脈理論，廢除陰陽五行",D,99-中醫基礎醫學(一)（包括中醫醫學史、中醫基礎理論、內經、難經）.csv,
13,"依據《素問．陰陽應象大論》所述，有關五臟變動中，下列何者錯誤？
(A)肝之變動為握 (B)心之變動為笑 (C)肺之變動為咳 (D)腎之變動為慄",B,99-中醫基礎醫學(一)（包括中醫醫學史、中醫基礎理論、內經、難經）.csv,
14,"依據五行生尅規律，下列敘述何者錯誤？
(A)七傳，傳其所勝 (B)土為水之所勝 (C)水為火之所不勝 (D)間臟，傳其子",B,99-中醫基礎醫學(一)（包括中醫醫學史、中醫基礎理論、內經、難經）.csv,
15,"某65歲男性患者有高血壓病史，長期服用降血壓藥已數十年。退休後陸續出現頭暈、健忘、腰膝酸
軟。近一月來頭暈頭痛加重，耳鳴耳聾，頭重腳輕，失眠而情緒不定而就醫。請問此病患的治療最
宜下列何種治法？
(A)瀉火補水 (B)抑木制水 (C)滋水涵木 (D)佐金平木
代號：1112
頁次：8－3",C,99-中醫基礎醫學(一)（包括中醫醫學史、中醫基礎理論、內經、難經）.csv,
16,"根據五行學說，下列敘述何者錯誤？
(A)「亢則害，承乃制，制則生化」說明五行相尅關係
(B)「見肝之病，知肝傳脾」說明木乘土
(C)「木火刑金」屬於五行相侮傳變
(D)「心病及肺」屬於五行相乘傳變",A,99-中醫基礎醫學(一)（包括中醫醫學史、中醫基礎理論、內經、難經）.csv,
17,"某8歲女童，三周前咳嗽、咽痛、發高燒至40℃不退，伴隨咳喘氣粗，痰黃稠，口渴喜冷飲，煩躁不
安。入院檢查診斷為支氣管肺炎。昨日清晨 3 點出現大汗淋漓，面色蒼白，四肢冰冷，體溫下降，舌
紫苔白，脈微細欲絕。請問女童的前後病症，說明下列陰陽何種關係？
(A)對立制約 (B)消長平衡 (C)相互轉換 (D)互根互用",C,99-中醫基礎醫學(一)（包括中醫醫學史、中醫基礎理論、內經、難經）.csv,
18,"某 50 歲男性患者有 10 年氣喘病史，近年每逢冬天則咳喘，長年不癒。近日氣喘發作，喉中痰鳴，
痰多稀白，胸悶氣短乏力，自汗出，動則喘促嚴重，伴有飲食不佳，大便溏薄，一日數次，舌淡苔
白滑，脈滑數無力。根據上述症狀，下列敘述何者錯誤？
(A)屬於子病及母傳變 (B)宜金水相生法治療
(C)依相生規律確定治療方法 (D)發作期以化痰平喘為主",B,99-中醫基礎醫學(一)（包括中醫醫學史、中醫基礎理論、內經、難經）.csv,
19,"傷寒論：「病常自汗出者，此為營氣和。營氣和者，外不諧，以衛氣不共營氣諧和故爾。」說的是
衛氣的那個作用？
(A)溫分肉 (B)充皮膚 (C)肥腠理 (D)司開合",D,99-中醫基礎醫學(一)（包括中醫醫學史、中醫基礎理論、內經、難經）.csv,
20,"宗氣是由下列何種身體之氣所組成？十二經脈中流行之經氣 脾胃所吸收之水穀之氣 肺所
吸入之大氣中之清氣 腎所具有之原氣
(A) (B) (C) (D)",B,99-中醫基礎醫學(一)（包括中醫醫學史、中醫基礎理論、內經、難經）.csv,
21,"據《素問．宣明五氣篇》所論，若久視，則造成下列何者的損害？
(A)血 (B)筋 (C)氣 (D)骨",A,99-中醫基礎醫學(一)（包括中醫醫學史、中醫基礎理論、內經、難經）.csv,
23,"據《素問．五藏生成篇》所論，五臟之精氣表現於外有其徵象，肝之榮華表現於何處？
(A)筋 (B)爪 (C)毛 (D)目",B,99-中醫基礎醫學(一)（包括中醫醫學史、中醫基礎理論、內經、難經）.csv,
24,"肺具有通調水道的功能，主要是依賴於肺的何項作用？
(A)司呼吸 (B)朝百脈 (C)主宣發和肅降 (D)能潤養皮毛",C,99-中醫基礎醫學(一)（包括中醫醫學史、中醫基礎理論、內經、難經）.csv,
25,"就藏象學說的理論，下列何種症狀與肝系統最無關係？
(A)筋攣拘急 (B)小便癃閉 (C)疝瘕 (D)多夢易驚",B,99-中醫基礎醫學(一)（包括中醫醫學史、中醫基礎理論、內經、難經）.csv,
26,"汗，乃體內津液布護於肌表，其不由何者排出體外？
(A)氣門 (B)氣孔 (C)玄府 (D)鬼門",B,99-中醫基礎醫學(一)（包括中醫醫學史、中醫基礎理論、內經、難經）.csv,
27,"就血與津液的關係，若病失血，則使用下列何法較沒有副作用？
(A)發汗 (B)利下 (C)湧吐 (D)清熱",D,99-中醫基礎醫學(一)（包括中醫醫學史、中醫基礎理論、內經、難經）.csv,
28,"津液的生成、輸布及排泄與下列那組臟腑最有關係？
(A)脾、胃、肺 (B)脾、肝、腎 (C)脾、肺、腎 (D)脾、胃、腎
代號：1112
頁次：8－4",C,99-中醫基礎醫學(一)（包括中醫醫學史、中醫基礎理論、內經、難經）.csv,
29,"在五臟六腑中，下列何組臟腑與女子胞的功能正常的行使最有關係？
(A)心、肝、腎 (B)脾、肝、腎
(C)心、肝、脾、腎 (D)心、肝、脾、肺、腎",C,99-中醫基礎醫學(一)（包括中醫醫學史、中醫基礎理論、內經、難經）.csv,
30,"據《靈樞．決氣篇》論述，穀入氣滿，淖澤注於骨，骨屬曲伸泄澤，補益腦髓，皮膚潤澤的是：
(A)氣 (B)血 (C)津 (D)液",D,99-中醫基礎醫學(一)（包括中醫醫學史、中醫基礎理論、內經、難經）.csv,
31,"某患者由於要設計一套軟體系統而常常要加班，近兩三個月出現心悸失眠，睡則多夢，頭暈眩，又
胃口很差，常感腹脹，倦怠乏力，面色不華。就藏象學說之理論，此患者病機當為下列何者？
(A)心腎不交 (B)木旺克土 (C)心脾兩虛 (D)土壅木鬱",C,99-中醫基礎醫學(一)（包括中醫醫學史、中醫基礎理論、內經、難經）.csv,
32,"中醫治情志病，有以情治情，據《素問．陰陽應象大論》對藏象之論述，治過思而生之病，當以何
情治療？
(A)怒 (B)恐 (C)憂 (D)思",A,99-中醫基礎醫學(一)（包括中醫醫學史、中醫基礎理論、內經、難經）.csv,
33,"有關中醫營衛之理論，下列敘述何者錯誤？
(A)營出於中焦，衛出於下焦 (B)十二經脈有營衛，奇經八脈亦有營衛
(C)口之氣養衛，鼻之氣養營 (D)營氣衛氣，無非藉資於宗氣",C,99-中醫基礎醫學(一)（包括中醫醫學史、中醫基礎理論、內經、難經）.csv,
34,"據《素問．靈蘭祕典論》對藏象之論述，下列何者正確？
(A)心者，君主之官，謀慮出焉 (B)大腸者，受盛之官，化物出焉
(C)腎者，作強之官，津液藏焉 (D)三焦者，決瀆之官，水道出焉",D,99-中醫基礎醫學(一)（包括中醫醫學史、中醫基礎理論、內經、難經）.csv,
35,"依據《靈樞．經脈篇》中有關經脈與臟腑之間的聯繫，下列何者錯誤？
(A)足厥陰經、足少陽經和足太陽經與肝相連繫
(B)手少陰經、手太陽經、足太陰經和足少陰經與心相連繫
(C)手太陽經、手足太陰經、足厥陰經和足陽明經與胃相連繫
(D)手太陰經、手足少陰經、足厥陰經和手陽明經與肺相連繫",A,99-中醫基礎醫學(一)（包括中醫醫學史、中醫基礎理論、內經、難經）.csv,
37,"71歲患者右上眼瞼下垂約10年，初起僅僅覺得眼皮較累，逐漸僅能抬起一半，爾後兩眼大小不一。
他醫曾給予補中益氣湯而未見效果。今右上眼瞼仍下垂，怕冷，食慾尚可，二便平，舌淡紅苔薄白，
脈沉細。以經絡理論分析，以下列何經治療最合適？
(A)陽維 (B)陰維 (C)陽蹻 (D)陰蹻",C,99-中醫基礎醫學(一)（包括中醫醫學史、中醫基礎理論、內經、難經）.csv,
38,"依《難經》記載，足太陰氣絕的證候，可見：
(A)骨枯，骨髓不溫，齒長而垢，髮無潤澤 (B)脈不榮口唇，肌肉不滑澤
(C)皮毛焦，津液去，皮節傷 (D)脈不通，血不流",B,99-中醫基礎醫學(一)（包括中醫醫學史、中醫基礎理論、內經、難經）.csv,
40,"患者數週前因行走不慎，以致於左足背外側緣至第4、5趾間疼痛至今，X光檢查無異常。現在走路
不順暢，著地則疼痛更加嚴重，同時伴有口乾口苦、噁心感，舌紅苔薄黃，脈弦。以經絡理論分析，
以下列何經治療最合適？
(A)足厥陰經 (B)足太陽經 (C)足少陽經 (D)足陽明經",C,99-中醫基礎醫學(一)（包括中醫醫學史、中醫基礎理論、內經、難經）.csv,
41,"依據《靈樞．經脈篇》中說明，當患者出現顫抖發冷，常常伸腰呵欠，顏面暗黑，腹脹滿，胸部滿，
病發則討厭與人接觸，則醫師應考慮下列何條經脈出了問題？
(A)足太陰經 (B)足少陰經 (C)足陽明經 (D)足厥陰經",C,99-中醫基礎醫學(一)（包括中醫醫學史、中醫基礎理論、內經、難經）.csv,
42,"下列經脈何者不經過「眼睛」？
(A)手厥陰經 (B)足厥陰經 (C)任脈 (D)手少陰經",A,99-中醫基礎醫學(一)（包括中醫醫學史、中醫基礎理論、內經、難經）.csv,
43,"14歲游泳國手勤練肌力，造成左膝下三寸之脛骨內前緣腫痛，依經絡循行當以何經治療最適宜？
(A)足太陰經 (B)足少陰經 (C)足厥陰經 (D)足陽明經",A,99-中醫基礎醫學(一)（包括中醫醫學史、中醫基礎理論、內經、難經）.csv,
46,"某50歲男性患者，三週前輕度左側腦出血，經住院治療後病情穩定。患者除易受驚嚇外，僅右下肢
內踝上2寸，沿腓腸肌內側緣上行至膝內側緣常常發生不自主跳動，經檢查後並無其它明顯病變。醫師
依據《靈樞．經脈篇》中經脈循行辨證，宜以下列何經治療之？
(A)足少陰經 (B)足厥陰經 (C)足太陰經 (D)足陽明經",A,99-中醫基礎醫學(一)（包括中醫醫學史、中醫基礎理論、內經、難經）.csv,
48,"關於「心悸」的論述，下列何者錯誤？
(A)「心悸」是指患者自覺心中跳動、心慌不安
(B)心悸包括「驚悸」與「怔忡」，「怔忡」是指外在無所驚恐時，亦有心悸之症狀表現
(C)心悸形成的主要內因為心血虛致魂不守舍
(D)「驚悸」日久可轉為「怔忡」",C,99-中醫基礎醫學(一)（包括中醫醫學史、中醫基礎理論、內經、難經）.csv,
49,"關於「肺痿」之症狀及病因病機論述，下列何者錯誤？
(A)肺痿者肺葉痿弱不用，多因寒在上焦 (B)肺臟虛損多因久咳傷肺
(C)肺痿者可見口吐濁沫 (D)肺痿者可見皮膚枯燥
代號：1112
頁次：8－6",A,99-中醫基礎醫學(一)（包括中醫醫學史、中醫基礎理論、內經、難經）.csv,
50,"關於「腸癰」之病因病機論述，下列何者錯誤？
(A)此症總因濕毒瘀血結滯腸內而成 (B)其始發熱惡寒，小腹滿痛，反側不便
(C)病位包括小腸與大腸 (D)以手進行腹診時，熱者為無膿",D,99-中醫基礎醫學(一)（包括中醫醫學史、中醫基礎理論、內經、難經）.csv,
51,"關於「痰飲」所停留之病位與其症狀之論述，下列何者錯誤？
(A)痰飲在肺則咳 (B)痰飲在心則喘 (C)痰飲在胸則痞 (D)痰飲在頭則眩",B,99-中醫基礎醫學(一)（包括中醫醫學史、中醫基礎理論、內經、難經）.csv,
52,"某懷孕九個月女性患者在興高采烈等待小寶寶出生時，突然出現音啞不能說話的症狀。下列相關敘
述何者最不恰當？
(A)不需立即治療，等生產完症狀即可能消失
(B)這是因為貫舌本之經絡其精氣供應出現障礙所致
(C)等生產完需儘速接受全身檢查，評估是否有腫瘤侵犯聲帶及腦神經
(D)左尺之脈象應以滑脈為主",C,99-中醫基礎醫學(一)（包括中醫醫學史、中醫基礎理論、內經、難經）.csv,
53,"王小姐考完中醫高考後，買了 5 盒冰淇淋獨享，隔天王小姐出現腹痛的症狀。下列相關敘述何者最
不恰當？
(A)王小姐吃了5盒冰淇淋後，造成熱氣鬱留於小腸，而致小腸中痛
(B)王小姐可伴隨出現口渴的症狀
(C)王小姐可伴隨出現嘔吐的症狀
(D)王小姐可伴隨出現腹瀉的症狀",A,99-中醫基礎醫學(一)（包括中醫醫學史、中醫基礎理論、內經、難經）.csv,
54,"關於「咳嗽」之病因病機論述，下列何者錯誤？
(A)「寒飲食入胃」可以是引起肺寒的原因
(B)五臟六腑有了病變，但肺氣仍正常宣發肅降，此時不會有咳嗽的症狀
(C)「咳嗽」主要是因為肺氣不宣，而「喘」主要是因為肺氣不降
(D)咳嗽且有痰出，是因為胃內津液停滯形成痰飲所致",D,99-中醫基礎醫學(一)（包括中醫醫學史、中醫基礎理論、內經、難經）.csv,
55,"《素問．生氣通天論》：「是以聖人陳陰陽，筋脈和同，骨髓堅固，氣血皆從。」當體內的陰陽失
衡時，會出現的狀況不包括下列何者？
(A)當陰陽平衡時，內外調和，病邪便不能影響人體
(B)當陽不勝其陰，會產生五臟氣爭，九竅不通的病理現象
(C)當陰不勝其陽，會表現出脈流薄疾，更嚴重還可能出現狂症
(D)當血不勝其氣，會表現出脈流遲緩，更嚴重還可能出現鬱症",D,99-中醫基礎醫學(一)（包括中醫醫學史、中醫基礎理論、內經、難經）.csv,
56,"張仲景創制「麻黃湯」，此方所欲治療的病機，最符合《素問．調經論》中所描述的何種病機？
陰虛生內熱 陰盛生內寒 陽虛生外寒 陽盛生外熱
(A) (B) (C) (D)",C,99-中醫基礎醫學(一)（包括中醫醫學史、中醫基礎理論、內經、難經）.csv,
58,"關於《素問．痹論》對於榮衛氣與痹病之關係的敘述，下列何者錯誤？
(A)有寒故痛
(B)病久榮衛行澀，經絡空疏，故不仁
(C)營衛氣不與風寒濕相合，不為痹。陰氣多故寒；陽氣多故為痹熱；濕甚故多汗
(D)骨痹、筋痹、脈痹、肌痹、皮痹日久不已，復感於邪，則內舍於六腑
代號：1112
頁次：8－7",D,99-中醫基礎醫學(一)（包括中醫醫學史、中醫基礎理論、內經、難經）.csv,
59,"依《素問．病能論篇》所記載關於胃脘癰的症狀與病機，下列何者正確？
(A)若出現腰痛與四肢無力，則為不治之病 (B)其脈當沉細，病機為氣逆與熱聚於胃而不行
(C)人迎脈浮數，病機為腎陰虛 (D)診療胃脘癰，要重視腎脈，可了解疾病的預後",B,99-中醫基礎醫學(一)（包括中醫醫學史、中醫基礎理論、內經、難經）.csv,
60,"依《素問．調經論》所記載，關於寒濕外邪，影響人體所產生的病證變化，下列何者錯誤？
(A)榮血濇滯，衛氣散失 (B)皮膚縱緩，肌肉堅緊
(C)病位如果按之，則覺得舒服而不感到痛 (D)其脈堅大",D,99-中醫基礎醫學(一)（包括中醫醫學史、中醫基礎理論、內經、難經）.csv,
61,"依《難經》所記載五臟之積，其發生的病位與症狀特性，下列何者正確？
(A)腎之積，發於少腹，久不已，令人喘逆 (B)心之積，發於左胸前，久不已，令人癲狂
(C)肺之積，發於右脇上，久不已，令人氣陷 (D)肝之積，發於兩側脇肋，久不已，令人氣滯",A,99-中醫基礎醫學(一)（包括中醫醫學史、中醫基礎理論、內經、難經）.csv,
62,"依《難經》說明「泄」有不同病因與症狀表現，下列何者正確？
(A)有胃泄、脾泄、大腸泄、小腸泄、大瘕泄 (B)脾泄者，為飲食不化
(C)胃泄者，為腹脹滿，食即嘔吐逆 (D)大腸泄者，為便膿血，少腹痛",A,99-中醫基礎醫學(一)（包括中醫醫學史、中醫基礎理論、內經、難經）.csv,
63,"臨床上出現病患脈象為弦勁堅，同時症狀出現譫語神昏，不能答問，疼痛拒按，依《難經》所記載，
下列何者正確？
(A)虛實夾雜 (B)為虛證
(C)為實證 (D)以症狀表現為主，較不重視脈象",C,99-中醫基礎醫學(一)（包括中醫醫學史、中醫基礎理論、內經、難經）.csv,
64,"關於水腫病的病機與治療原則，依《素問．湯液醪醴論篇》所記載，下列何者正確？
(A)與寒邪及濕邪較有相關性 (B)與五臟陽氣遏抑不布無相關性
(C)吐法與攻下為治療原則 (D)發汗與利小便為治療原則",D,99-中醫基礎醫學(一)（包括中醫醫學史、中醫基礎理論、內經、難經）.csv,
65,"依《素問．至真要大論》所記載，若病患遭遇寒性病因，症狀表現出現筋脈拘急與關節屈伸不利，
在臟腑病位是屬於下列何者？
(A)心 (B)脾 (C)肺 (D)腎",D,99-中醫基礎醫學(一)（包括中醫醫學史、中醫基礎理論、內經、難經）.csv,
66,"若病患產生眩暈、身體動搖、抽搐、頭目昏花的症狀時，依《素問．至真要大論》所記載，係與下
列何者的臟腑功能異常有關？
(A)膽 (B)肝 (C)心 (D)脾",B,99-中醫基礎醫學(一)（包括中醫醫學史、中醫基礎理論、內經、難經）.csv,
67,"依《素問．宣明五氣篇》對於五氣所病的描述，下列何者正確？
(A)胃氣上逆為吞酸 (B)胃氣病則為氣逆與恐懼
(C)中焦病容易水液泛濫為水腫 (D)肺氣病容易呵欠噴嚏",B,99-中醫基礎醫學(一)（包括中醫醫學史、中醫基礎理論、內經、難經）.csv,
68,"臨床上評估病患昏厥的症狀表現，依《素問．厥論篇》所記載，其病機主要為下列何者？
(A)陰氣盛於上與陽氣厥，出現昏厥的表現
(B)陽氣盛於上與邪氣逆，逆則陽氣亂，出現昏厥的表現
(C)陰氣盛於上，則下虛與昏厥不知人
(D)陽氣盛於上，則下實與昏厥不知人",B,99-中醫基礎醫學(一)（包括中醫醫學史、中醫基礎理論、內經、難經）.csv,
69,"臨床上若病人產生脛縱而不任地的表現，依《素問．痿論》所描述，其病機的表現下列何者正確？
(A)為心氣熱所產生的痿症 (B)為脾氣熱，產生肌肉不仁的肉痿
(C)為下脈實，實則生脈熱 (D)為膽泄與筋膜乾，產生筋痿
代號：1112
頁次：8－8",A,99-中醫基礎醫學(一)（包括中醫醫學史、中醫基礎理論、內經、難經）.csv,
70,"對於痹症的各種不同症狀表現，有不同的病機產生，依《素問．痹論篇》的記載，下列何者正確？
(A)若病患有感覺異常與無疼痛表現時，常因榮衛循行澀滯與皮膚不榮
(B)產生痛的症狀時，常因為濕氣多
(C)產生痹熱者，常因陽氣與陰氣皆多，陰陽相爭
(D)在於肉則寒，在於皮則不仁",A,99-中醫基礎醫學(一)（包括中醫醫學史、中醫基礎理論、內經、難經）.csv,
71,"對於五臟痛症的病因病機，依《素問．舉痛論》所記載，下列何者正確？
(A)邪氣客於脈外，則氣不通 (B)邪氣客於脈中，則血少
(C)寒氣入經，則血氣運行遲緩，澀而不通 (D)屬實者因脈絡收縮，血氣不足",C,99-中醫基礎醫學(一)（包括中醫醫學史、中醫基礎理論、內經、難經）.csv,
72,"對於熱病有病邪遺留未盡與遷延不癒，依《素問．熱論篇》所記載的病因，下列何者正確？
(A)治療初期，引熱邪內陷 (B)猶有殘熱在臟腑內外，仍勉強多食
(C)氣陰兩虛而持續化熱 (D)過用清熱解毒藥物，傷其正氣",B,99-中醫基礎醫學(一)（包括中醫醫學史、中醫基礎理論、內經、難經）.csv,
73,"臨床上病患症狀與脈象之間的相關性，依《難經》所記載其預後的表現，下列何者正確？
(A)病患出現大腹而瀉，為脾虛表現，脈象出現微細而濇，為難治
(B)病患出現目開而渴與心下牢，為心虛表現，脈象出現緊實而數，為難治
(C)病患出現閉目不欲見人，為肝虛表現，脈象出現肺脈浮濇而短，為難治
(D)病患出現譫言妄語與身熱，脈象出現洪大，為難治",C,99-中醫基礎醫學(一)（包括中醫醫學史、中醫基礎理論、內經、難經）.csv,
74,"若病人已產生骨痿不能起於床，其病變與治療原則，依《難經》所記載，下列何者正確？
(A)上部無脈，下部有脈，其人當吐，不吐者死
(B)治療為緩其中與調其榮衛，同時會有頭痛目眩與胸滿短氣的症狀
(C)在損脈之為病是五損損於骨，治療為益其精
(D)若為至脈之病，從下上者，骨痿不能起於床者死",C,99-中醫基礎醫學(一)（包括中醫醫學史、中醫基礎理論、內經、難經）.csv,
75,"據《素問．四氣調神大論》，何季節的保養要特別注意不應常生氣？
(A)春 (B)長夏 (C)夏 (D)秋",C,99-中醫基礎醫學(一)（包括中醫醫學史、中醫基礎理論、內經、難經）.csv,
76,"據《靈樞．五味篇》，肝病禁何味？
(A)酸 (B)辛 (C)甘 (D)苦",B,99-中醫基礎醫學(一)（包括中醫醫學史、中醫基礎理論、內經、難經）.csv,
77,"據《素問．上古天真論》對於疾病的預防，其重點在於內守下列何者？
(A)臟腑 (B)筋肉 (C)真氣 (D)精神",D,99-中醫基礎醫學(一)（包括中醫醫學史、中醫基礎理論、內經、難經）.csv,
78,"據《素問．上古天真論》，人能年老而有子，除了其天壽夠且氣脈通外，下列何內臟的氣必須是有
餘的？
(A)脾 (B)肺 (C)腎 (D)肝",C,99-中醫基礎醫學(一)（包括中醫醫學史、中醫基礎理論、內經、難經）.csv,
79,"據《素問．四氣調神大論》，何季節日夜生活作息的遵循法則是一樣的？
(A)秋冬 (B)冬春 (C)春夏 (D)夏秋",C,99-中醫基礎醫學(一)（包括中醫醫學史、中醫基礎理論、內經、難經）.csv,
80,"下列何者是《素問．四氣調神大論》所認為夏三月的養生方法？
(A)無泄皮膚，使氣亟奪 (B)生而勿殺，予而勿奪
(C)收斂神氣，無外其志 (D)使氣得泄，若所愛在外",D,99-中醫基礎醫學(一)（包括中醫醫學史、中醫基礎理論、內經、難經）.csv,
1,"有關當歸補血湯的敘述，下列何者錯誤？
(A) 當歸與黃耆的用量比是5：1 (B)肌熱面赤、渴喜溫飲是主治症狀之一
(C)洪大而虛，重按無力是主治之脈象 (D)有形之血，生於無形之氣是組方原則",A,99-中醫基礎醫學(二)（包括中醫方劑學、中醫藥物學）.csv,
2,"下列各項敘述，何者錯誤？
(A)四物湯的功效是補血調血
(B)歸脾湯是以益氣補血，健脾養心為組方依據
(C)玉屏風散主治營衛不和之表虛自汗證
(D)益氣聰明湯可用治中氣不足，清陽不升之耳鳴、耳聾",C,99-中醫基礎醫學(二)（包括中醫方劑學、中醫藥物學）.csv,
3,"下列各項敘述，何者錯誤？
(A)《丹溪心法》大補陰丸以滋陰降火為組方依據
(B)知母、黃柏是《丹溪心法》大補陰丸與《醫宗金鑑》知柏八味丸共同的組成之一
(C)《丹溪心法》大補陰丸可治肝腎陰虛，相火亢盛之咳嗽咯血
(D)《丹溪心法》大補陰丸主治患者的尺脈細數無力",D,99-中醫基礎醫學(二)（包括中醫方劑學、中醫藥物學）.csv,
4,"下列各項敘述，何者正確？
(A)百合固金湯以當歸養血潤燥，並治咳逆上氣；且配白芍以養血和血
(B)補肺阿膠散主治肺腎陰虧，虛火上炎之證
(C)阿膠、麥門冬是炙甘草湯與補肺阿膠散共同的組成之一
(D)炙甘草湯可主治虛勞咳吐黃稠粘痰之證",A,99-中醫基礎醫學(二)（包括中醫方劑學、中醫藥物學）.csv,
5,"下列各項敘述，何者錯誤？
(A)《小兒藥證直訣》六味地黃丸加五味子主治腎陰虛氣喘，呃逆之證
(B)《金匱要略》腎氣丸的組成藥物中，桂枝、炮附子的用量最小
(C)牛膝、五味子是《濟生方》腎氣丸與《濟生方》十補丸共同的組成之一
(D)麥冬、五味子是《壽世保元》八仙長壽丸的組成之一",C,99-中醫基礎醫學(二)（包括中醫方劑學、中醫藥物學）.csv,
6,"溫病後期，邪伏陰分，而見夜熱早涼，熱退無汗，舌紅苔少，脈細數，最宜使用下列何方？
(A)清骨散 (B)蒿芩清膽湯 (C)秦艽鱉甲湯 (D)青蒿鱉甲湯",D,99-中醫基礎醫學(二)（包括中醫方劑學、中醫藥物學）.csv,
7,"下列各項敘述，何者錯誤？
(A)清熱解毒，消散疔瘡是五味消毒飲的功效
(B)龍膽瀉肝湯主治熱毒壅盛三焦之證
(C)天花粉、沒藥、白芷是仙方活命飲的組成之一
(D)五味消毒飲與龍膽瀉肝湯沒有共同的藥物組成",B,99-中醫基礎醫學(二)（包括中醫方劑學、中醫藥物學）.csv,
8,"治療自汗的方劑，下列何者正確？當歸六黃湯 局方牡蠣散 桂枝湯 玉屏風散 柏子
仁丸
(A) (B) (C) (D)",B,99-中醫基礎醫學(二)（包括中醫方劑學、中醫藥物學）.csv,
9,"《千金方》葦莖湯之組成含下列何者？
(A)桃仁、杏仁 (B)瓜蔞仁、麻子仁
(C)冬瓜仁、薏苡仁 (D)郁李仁、桃仁",C,99-中醫基礎醫學(二)（包括中醫方劑學、中醫藥物學）.csv,
10,"下列何者是主治四肢厥逆證的方劑？當歸四逆湯 小建中湯 大建中湯 大承氣湯 四
逆散
(A) (B) (C) (D)
代號：2112
頁次：8－2",D,99-中醫基礎醫學(二)（包括中醫方劑學、中醫藥物學）.csv,
12,"某32歲女性，手足厥冷，但不過膝、不過肘，面色白，口不渴，舌淡苔白，脈沉細，最宜使用下
列何方藥？
(A)附子、乾薑、炙甘草
(B)當歸、桂枝、白芍、細辛、通草、大棗、炙甘草
(C)黃耆、桂枝、白芍、大棗、生薑
(D)柴胡、白芍、枳實、炙甘草",B,99-中醫基礎醫學(二)（包括中醫方劑學、中醫藥物學）.csv,
13,"有關《備急千金要方》溫脾湯的敘述，下列何者錯誤？
(A)該方功用為溫補脾陽，攻下冷積 (B)方中劑量最大者為附子
(C)煎藥時，大黃當後下 (D)主治證的脈象為沉弦而遲",B,99-中醫基礎醫學(二)（包括中醫方劑學、中醫藥物學）.csv,
14,"患者感冒當日出現惡寒較重，發熱較輕，未曾就醫，次日證見惡寒漸輕，身熱增盛，無汗頭痛，目
疼鼻乾，心煩不眠，眼眶痛，舌苔薄黃，脈浮微洪者，治宜以下列何者所組成的方藥？
(A)防風、白芷、黃芩、石膏、秦艽、甘草、細辛、川芎、白芍、羌活、生地、白朮、茯苓、獨活、
當歸
(B)杏仁、生薑、麻黃、大棗、炙甘草、石膏、桂枝
(C)牛蒡子、石膏、防風、荊芥、生地、蟬蛻、知母、苦參、蒼朮、胡麻、木通、甘草、當歸
(D)白芍、羌活、桔梗、白芷、葛根、黃芩、石膏、柴胡、甘草",D,99-中醫基礎醫學(二)（包括中醫方劑學、中醫藥物學）.csv,
15,"有關增液承氣湯的敘述，下列何者錯誤？
(A)主治證的脈象為細數
(B)治宜甘涼濡潤之增陰液，鹹苦潤下之泄熱通便法為依據
(C)方中君（主）藥為大黃
(D)該方功用為滋陰增液，泄熱通便",C,99-中醫基礎醫學(二)（包括中醫方劑學、中醫藥物學）.csv,
16,"下列何者不屬於扶正解表劑？
(A)再造散 (B)蔥白七味飲 (C)加減葳蕤湯 (D)真人養臟湯",D,99-中醫基礎醫學(二)（包括中醫方劑學、中醫藥物學）.csv,
17,"下列敘述，何者錯誤？
(A)參蘇飲的君（主）藥為蘇葉、葛根 (B)升麻葛根湯的君（主）藥為升麻
(C)柴葛解肌湯的君（主）藥為柴胡、葛根 (D)香蘇散的君（主）藥為香附",D,99-中醫基礎醫學(二)（包括中醫方劑學、中醫藥物學）.csv,
19,"下列何者屬於「十劑」中的「澀劑」？
(A)溫經湯 (B)磁朱丸 (C)平胃散 (D)真人養臟湯",D,99-中醫基礎醫學(二)（包括中醫方劑學、中醫藥物學）.csv,
20,"黃連解毒湯主治之症狀含下列何者？身熱夜甚，口渴 煩躁，錯語不眠 下痢，濕熱黃疸
(A) (B) (C) (D)
代號：2112
頁次：8－3",C,99-中醫基礎醫學(二)（包括中醫方劑學、中醫藥物學）.csv,
21,"某36歲女性，主訴頭頂痛加劇，嘔吐心煩3天，患者近兩年來經常頭痛，以頭頂痛為甚，伴有脘悶
欲嘔，心煩，渴不欲飲，四肢不溫，舌淡苔白滑，脈弦細，最宜使用下列何者所組成之方藥？
(A)吳茱萸、人參、生薑、大棗
(B)人參、白朮、乾薑、炙甘草
(C)桂枝湯倍芍藥，加飴糖
(D)川芎、荊芥、白芷、羌活、細辛、防風、薄荷、甘草",A,99-中醫基礎醫學(二)（包括中醫方劑學、中醫藥物學）.csv,
22,"下列何者為血府逐瘀湯、少腹逐瘀湯、膈下逐瘀湯、身痛逐瘀湯四個逐瘀湯的共同組成藥物？
(A)桃仁 (B)紅花 (C)生地 (D)川芎",D,99-中醫基礎醫學(二)（包括中醫方劑學、中醫藥物學）.csv,
23,"關於蘇子降氣湯的敘述，下列何者正確？
(A)喘咳痰多，色白而稀，腰疼腳軟，舌苔白而膩為其適應證
(B)主治上盛下虛之肺熱痰喘
(C)肉桂溫補下元，與蘇子為方中主藥
(D)柴胡與半夏共用，宣肺降氣化痰，為方中之次藥",A,99-中醫基礎醫學(二)（包括中醫方劑學、中醫藥物學）.csv,
24,"下列何者為當歸拈痛湯的組成之一？茵陳、獨活 人參、貝母 茯苓、澤瀉 蒼朮、苦參
防風、葛根
(A)  (B) (C) (D)",D,99-中醫基礎醫學(二)（包括中醫方劑學、中醫藥物學）.csv,
25,"下列何者為黃土湯的主藥？
(A)伏龍肝 (B)黃芩 (C)阿膠 (D)炮附子",A,99-中醫基礎醫學(二)（包括中醫方劑學、中醫藥物學）.csv,
26,"下列何方劑的組成不含人參？
(A)《症因脈治》丁香杮蒂湯 (B)《金匱要略》橘皮竹茹湯
(C)《濟生方》四磨湯 (D)《景岳全書》暖肝煎",D,99-中醫基礎醫學(二)（包括中醫方劑學、中醫藥物學）.csv,
27,"下列那一個行氣方劑的主要作用是疏肝瀉熱？
(A)柴胡疏肝散 (B)越鞠丸 (C)瓜蔞薤白白酒湯 (D)金鈴子散",D,99-中醫基礎醫學(二)（包括中醫方劑學、中醫藥物學）.csv,
28,"關於安神方劑主治的證型，下列何者正確？硃砂安神丸主治肝血不足陰虛內熱的不眠 磁朱丸
主治腎陰虛心陽亢的不眠 酸棗仁湯主治心火亢盛心神失養的不眠證 天王補心丹主治心腎兩
虛的不眠
(A) (B) (C) (D)",C,99-中醫基礎醫學(二)（包括中醫方劑學、中醫藥物學）.csv,
29,"張先生來院門診，主訴半身以下腫甚，胸腹脹滿，身重食少，手足不溫，口中不渴，小便短少，大
便溏薄，經醫生診察舌淡苔膩，脈沉弦而遲，宜主下列何方？
(A)真武湯 (B)實脾飲 (C)五苓散 (D)理中湯",B,99-中醫基礎醫學(二)（包括中醫方劑學、中醫藥物學）.csv,
30,"下列有關五苓散之主治，何者錯誤？
(A)水腫泄瀉，小便不利
(B)臍下動悸，吐涎沫而頭眩
(C)汗出惡風，身重，小便不利，舌淡苔白，脈浮
(D)頭痛發熱，煩渴欲飲，水入即吐，小便不利，舌苔白，脈浮",C,99-中醫基礎醫學(二)（包括中醫方劑學、中醫藥物學）.csv,
31,"濕與瘀熱，蘊結於裏之證，宜主下列何方？
(A)當歸拈痛湯 (B)龍膽瀉肝湯 (C)甘露消毒丹 (D)茵陳蒿湯",D,99-中醫基礎醫學(二)（包括中醫方劑學、中醫藥物學）.csv,
32,"由白附子、僵蠶、全蠍所組成方，其功用為下列何者？
(A)疏風清熱除濕 (B)祛風除濕化瘀 (C)祛風化痰止痙 (D)祛風化痰散熱",C,99-中醫基礎醫學(二)（包括中醫方劑學、中醫藥物學）.csv,
33,"由生赭石一兩、生板五錢、生杭芍五錢、玄參五錢、懷牛膝一兩、天冬五錢、川棟子二錢、生龍骨五錢、生麥
芽二錢、生牡蠣五錢、茵陳二錢、甘草一錢半組成方，其功用為下列何者？
(A)滋陰息風，清熱利濕 (B)涼肝息風，增液舒筋 (C)平肝息風，清熱利濕 (D)鎮肝息風，滋陰潛陽",D,99-中醫基礎醫學(二)（包括中醫方劑學、中醫藥物學）.csv,
34,"有關順氣消食化痰丸之敘述，下列何者正確？
(A)其方藥中有三子養親湯之組成
(B)主治五更咳嗽、咳嗽或酒食痰多、食慾減退、胸膈痞悶、苔白膩脈濡者
(C)以葛根、山楂、麥芽為方中次藥
(D)以半夏、南星燥濕化痰為方中佐藥",B,99-中醫基礎醫學(二)（包括中醫方劑學、中醫藥物學）.csv,
35,"苓甘五味薑辛湯組成中，下列何藥可通徹表裏，以助散已聚之寒飲？
(A)茯苓 (B)乾薑 (C)細辛 (D)生薑
代號：2112
頁次：8－4",C,99-中醫基礎醫學(二)（包括中醫方劑學、中醫藥物學）.csv,
36,"下列何者為止嗽散之組成？
(A)前胡、甘草、紫菀、陳皮、桔梗、荊芥、百部 (B)紫菀、陳皮、桔梗、杏仁、百部、前胡、荊芥
(C)陳皮、紫菀、甘草、桔梗、百部、荊芥、白前 (D)杏仁、紫菀、桔梗、荊芥、百部、白前、陳皮",C,99-中醫基礎醫學(二)（包括中醫方劑學、中醫藥物學）.csv,
37,"有一患者去 199 元吃到飽餐廳，因專挑松阪牛肉大量食用，後見上腹脹滿，噯腐吞酸，痰哽不舒；
則在處方用藥時以下列何藥為首選？
(A)麥芽 (B)山楂 (C)萊菔子 (D)神麴",B,99-中醫基礎醫學(二)（包括中醫方劑學、中醫藥物學）.csv,
38,"下列何者為五積散的組成之一？肉桂、乾薑、麻黃、厚朴 白朮、枳實、細辛、蘇梗 半夏、
茯苓、陳皮、白芷
(A)  (B) (C) (D)",B,99-中醫基礎醫學(二)（包括中醫方劑學、中醫藥物學）.csv,
39,"有關枳實導滯丸之組成，下列何者正確？
(A)枳實、大黃、神麴、茯苓、黃芩、黃連、白朮、澤瀉
(B)枳殼、大腹皮、神麴、豬苓、黃芩、黃連、蒼朮、澤瀉
(C)枳實、木香、檳榔、大黃、茯神、黃芩、黃連、白朮
(D)枳殼、木香、大腹皮、神麴、茯苓、黃芩、黃連、蒼朮",A,99-中醫基礎醫學(二)（包括中醫方劑學、中醫藥物學）.csv,
40,"劉先生來院門診，主訴小便淋漓不暢，溺時澀痛，小腹急滿，口燥咽乾，經醫生診察舌苔黃膩，脈
滑數，宜主下列何方？
(A)導赤散 (B)甘露消毒丹 (C)八正散 (D)龍膽瀉肝湯",C,99-中醫基礎醫學(二)（包括中醫方劑學、中醫藥物學）.csv,
41,"下列何者能消痰止渴，除上焦風邪煩熱，治欬逆喘促，嘔噦吐血，中風失音？
(A)生薑 (B)桔梗 (C)紫菀 (D)淡竹葉",D,99-中醫基礎醫學(二)（包括中醫方劑學、中醫藥物學）.csv,
42,"下列何者非玄參之主治？
(A)風熱或虛火上炎所致的咽喉腫痛 (B)痰火鬱結之瘰癧痰核
(C)溫熱病熱入營分，傷陰劫液 (D)脾胃氣虛，納少便溏",D,99-中醫基礎醫學(二)（包括中醫方劑學、中醫藥物學）.csv,
43,"有關漏蘆的應用敘述，下列何者錯誤？
(A)能通經下乳 (B)治歷節風痛
(C)治風疹搔癢 (D)治氣虛，瘡瘍平塌不起",D,99-中醫基礎醫學(二)（包括中醫方劑學、中醫藥物學）.csv,
47,"實熱積滯，大便燥結，兼有咽痛、口瘡，最宜選用下列何藥內服外敷？
(A)冰片 (B)芒硝 (C)牽牛子 (D)當歸",B,99-中醫基礎醫學(二)（包括中醫方劑學、中醫藥物學）.csv,
48,"既能祛風濕、止痹痛，又能退虛熱、清濕熱的藥物是：
(A)防己 (B)絡石藤 (C)秦艽 (D)海桐皮",C,99-中醫基礎醫學(二)（包括中醫方劑學、中醫藥物學）.csv,
51,"痰濁內阻，胸陽不振而見心下痞悶疼痛者，下列何藥不用？
(A)桂枝 (B)厚朴 (C)枳實 (D)大黃",D,99-中醫基礎醫學(二)（包括中醫方劑學、中醫藥物學）.csv,
52,"用於脾不統血、衝脈不固之崩漏不止時，棕櫚炭不與下列何藥配伍？
(A)大薊 (B)黃耆 (C)白朮 (D)海螵蛸",A,99-中醫基礎醫學(二)（包括中醫方劑學、中醫藥物學）.csv,
53,"有關吳茱萸的用途，下列敘述何者錯誤？
(A)主治濁陰不降，厥氣上逆，膈塞脹滿 (B)主治濕熱在氣分
(C)主治陰疝，腳氣水腫 (D)主治厥陰頭痛",B,99-中醫基礎醫學(二)（包括中醫方劑學、中醫藥物學）.csv,
54,"脾腎陽虛，食少泄瀉，完穀不化者，不宜下列何藥？
(A)乾薑 (B)厚朴 (C)肉桂 (D)附子",B,99-中醫基礎醫學(二)（包括中醫方劑學、中醫藥物學）.csv,
55,"下列何藥能通行十二經八脈，利三焦，解六鬱？
(A)砂仁 (B)木香 (C)香附 (D)藿香",C,99-中醫基礎醫學(二)（包括中醫方劑學、中醫藥物學）.csv,
56,"下列有關活血祛瘀藥之敘述，何者錯誤？
(A)易耗血動血，不宜用於婦女月經過多及其他出血證無瘀血現象者
(B)對於孕婦尤當慎用或忌用，以免引起出血、墮胎
(C)在使用活血祛瘀藥時，不宜配合行氣藥，以免影響其行血散瘀的作用
(D)破血逐瘀之品，更易傷人正氣，對體虛者慎用
代號：2112
頁次：8－6",C,99-中醫基礎醫學(二)（包括中醫方劑學、中醫藥物學）.csv,
58,"下列何藥能利水消腫、清熱解毒、活血通經，為經產要藥？
(A)瞿麥 (B)赤芍 (C)益母草 (D)牡丹皮",C,99-中醫基礎醫學(二)（包括中醫方劑學、中醫藥物學）.csv,
59,"下列何藥能活血、行氣、止痛，可廣泛用於身體各部位的多種疼痛證候？
(A)丹參 (B)紅花 (C)益母草 (D)延胡索",D,99-中醫基礎醫學(二)（包括中醫方劑學、中醫藥物學）.csv,
60,"有關乳香的應用，下列何者錯誤？
(A)胸腹挫傷，瘀血作痛 (B)脾胃虛寒，脘腹冷痛
(C)適於癰疽，初起腫痛 (D)瘡瘍潰破，久不收口",B,99-中醫基礎醫學(二)（包括中醫方劑學、中醫藥物學）.csv,
62,"下列藥物中，何者能平肝息風和清熱解毒，可用於重症腦炎型所出現的高熱不退，神志昏迷？
(A)石膏 (B)珍珠母 (C)天麻 (D)羚羊角",D,99-中醫基礎醫學(二)（包括中醫方劑學、中醫藥物學）.csv,
64,"婦人不孕兼有腸燥便祕，宜選用下列何藥？
(A)火麻仁 (B)肉蓯蓉 (C)郁李仁 (D)杜仲",B,99-中醫基礎醫學(二)（包括中醫方劑學、中醫藥物學）.csv,
65,"有關墨旱蓮之敘述，下列何者正確？
(A)為金絲桃科植物湖南連翹的乾燥全草 (B)能活血調經
(C)能安神定驚 (D)能涼血止血",D,99-中醫基礎醫學(二)（包括中醫方劑學、中醫藥物學）.csv,
71,"依《本草備要》，有關獨活與羌活功能的敘述，下列何者正確？
(A)前者搜風後者治濕 (B)同能搜風治濕
(C)只能搜風不治濕 (D)均不具搜風及治濕的功效",B,99-中醫基礎醫學(二)（包括中醫方劑學、中醫藥物學）.csv,
72,"依《本草備要》，有關天麻的功效，下列何者錯誤？
(A)治諸風眩掉 (B)治頭旋眼黑 (C)治濕熱痛風 (D)治語言不遂",C,99-中醫基礎醫學(二)（包括中醫方劑學、中醫藥物學）.csv,
73,"依《本草備要》，下列有關沙參的敘述，何者錯誤？
(A)專補肺氣 (B)兼益脾腎 (C)金受火剋作嗽者宜 (D)寒客肺中作嗽者宜",D,99-中醫基礎醫學(二)（包括中醫方劑學、中醫藥物學）.csv,
76,"下列何者不是烏梅之應用對象？
(A)久瀉久痢 (B)精滑不固，小便頻數 (C)虛熱消渴 (D)蛔厥腹痛",B,99-中醫基礎醫學(二)（包括中醫方劑學、中醫藥物學）.csv,
77,"依《本草備要》，下列何者為蜈蚣主治的項目？
(A)熱病譫妄，小兒疳積 (B)臍風撮口，驚癇 (C)癰疽，瘡癰 (D)小兒勞瘦疳疾",B,99-中醫基礎醫學(二)（包括中醫方劑學、中醫藥物學）.csv,
78,"依《本草備要》，下列何藥，最宜用於女科、血虛血瘀之候及排膿生肌之用？
(A)當歸 (B)紅花 (C)丹參 (D)芎藭",C,99-中醫基礎醫學(二)（包括中醫方劑學、中醫藥物學）.csv,
79,"下列何者屬於理氣燥濕，為脾肺氣分之藥？
(A)半夏 (B)蒼朮 (C)陳皮 (D)白朮",C,99-中醫基礎醫學(二)（包括中醫方劑學、中醫藥物學）.csv,
80,"下列有關黃連藥材品質與炮製功效的敘述，何者正確？
(A)品質以雲連為佳，酒製活血通經 (B)品質以雅連為佳，酒製清心除煩
(C)品質以味連為佳，吳茱萸製治氣分濕熱 (D)品質以鳳尾連為佳，薑製清熱燥濕",C,99-中醫基礎醫學(二)（包括中醫方劑學、中醫藥物學）.csv,
1,下列正史中關於古代醫者之敘述，何者不是東漢末華佗之醫案記載？ (A)府吏倪尋、李延共止，俱頭痛身熱，所苦正同……醫者曰：尋外實，延內實，故治之宜殊。即各與 藥，明旦並起 (B)齊中大夫病齲齒，醫者灸其左太陽明脈，即為苦參湯，日漱三升，出入五六日，病已 (C)一人病咽塞，嗜食而不得下，家人車載欲往就醫。醫者聞其呻吟，駐車往視，語之曰：向來道邊有 賣飲家，蒜虀大酢，從取三升飲之，病自當去。即如醫者言，立吐蛇一枚 (D)故甘陵相夫人有娠六月，腹痛不安，醫者視脈曰：胎巳死矣……於是為湯下之。果下男形，即愈,B,114-中醫基礎醫學（一）,
2,下列何者不是《難經》一書中闡述的特點？ (A)以臟病與腑病分別代表陰證與陽證 (B)根據脈證判斷病人之吉凶 (C)針法上強調知為針者，信其左 (D)闡述三焦為決瀆之官,D,114-中醫基礎醫學（一）,
3,關於隋唐時代醫家注解《黃帝內經》之敘述，下列何者錯誤？ (A)全元起是校注《素問》最早的醫家，然其著作《內經訓解》於宋代以後已散失 (B)楊上善所著之書名為《黃帝內經太素》，其註釋多以訓詁為依據，然其著作已佚，現今只能從宋代 林億的校訂本中見到少數楊氏的內容 (C)王冰，曾任太僕令，故後人亦稱王太僕，著有《注黃帝素問》 (D)中醫治病名言「益火之源，以消陰翳；壯水之主，以制陽光」便出自於王冰對素問至真要大論篇的 注解,B,114-中醫基礎醫學（一）,
4,醫學著作普及與印刷術進步息息相關，中國的雕版印刷術於下列那個時代所發明？ (A)魏晉 (B)隋唐 (C)宋元 (D)五代十國,B,114-中醫基礎醫學（一）,
5,本草學著作在宋代編修的次數與力度，為各朝代之冠，從《開寶詳訂本草》（西元973年）開始到 《紹興本草》（西元1159年）。下列何人同時主持編輯《本草圖經》，設計出渾儀，出使外交官， 更能兼通算學與地學等各家知識？ (A)蘇頌 (B)沈括 (C)唐慎微 (D)掌禹錫,A,114-中醫基礎醫學（一）,
6,金元時期醫家多有其明確師承，依《元史》記載：「某甲」幼歲好醫藥，時「某乙」以醫名燕趙 間，「某甲」捐千金從之學。關於某甲、某乙醫家，下列何者正確？ (A)李東垣；張元素 (B)朱丹溪；李東垣 (C)張元素；劉完素 (D)張子和；劉完素,A,114-中醫基礎醫學（一）,
7,下列何書針對小兒疳證，認為「查外無表症，內無裡症」，所見之症皆是血瘀之症？ (A)《儒門事親》 (B)《宣明論方》 (C)《雜病心法》 (D)《醫林改錯》,D,114-中醫基礎醫學（一）,
8,下列何人曾在書信中談到中國用針灸作為醫療手段，引起歐洲對針灸醫術的注意？ (A)湯若望 (B)利瑪竇 (C)馬可波羅 (D)南懷仁,C,114-中醫基礎醫學（一）,
9,藥典為各個國家收錄記載藥品規格、製劑、檢驗、藥品基源之具有法律效力典籍。下列各有收錄生 藥藥品的藥典，何者成書時間最早？ (A)日本藥局方第一版 (B)中華藥典第一版 (C)中華人民共和國藥典 (D)臺灣中藥典第一版,A,114-中醫基礎醫學（一）,
10,國際東洋醫學會為某三國於1976年於韓國首爾成立並召開大會。創會三國並擔任常務理事國迄今， 分別是下列何者？ (A)日本、韓國、中華民國 (B)中華人民共和國、日本、韓國 (C)中華人民共和國、韓國、中華民國 (D)日本、中華人民共和國、越南,A,114-中醫基礎醫學（一）,
11,依據五味理論，製作甜點應該運用下列何味去制衡甜膩的感覺？ (A)苦 (B)酸 (C)鹹 (D)辛,B,114-中醫基礎醫學（一）,
12,八仙塵爆之後，重度燒燙傷的患者先從嚴重的高燒、發炎開始，若是患者狀況不良反而開始出現脫 水、惡寒、失溫而出現敗血性休克。這一個病程變化最符合《素問．陰陽應象大論》中的何種描 述？ (A)陰勝則身熱 (B)壯火食氣，氣食少火 (C)清陽發腠理 (D)陽勝則陰病、熱極生寒,D,114-中醫基礎醫學（一）,
13,依《素問．四氣調神大論》，秋天起居活動的養生之道，下列敘述何者正確？ (A)早臥晚起，必待日光 (B)早臥早起，與雞俱興 (C)夜臥晚起，廣步於庭 (D)夜臥早起，無厭於日,B,114-中醫基礎醫學（一）,
14,依《素問．臟氣法時論》裡提到邪氣侵襲到人體而發病，可以知道疾病減輕或加重的時間，下列敘 述何者錯誤？ (A)肝病愈於夏 (B)肝病甚於秋 (C)心病持於冬 (D)心病起於夏,C,114-中醫基礎醫學（一）,
15,關於《素問．四氣調神大論》的「春夏養陽，秋冬養陰」的觀念，下列何者錯誤？ (A)春夏陽氣發泄，所以養陽；秋冬陰氣斂藏，所以養陰 (B)春夏養生養長，秋冬養收養藏 (C)《本草綱目》四時用藥例說明春月之疾宜加酸溫之藥，芍藥、烏梅之類 (D)《本草綱目》四時用藥例說明冬月之疾宜加苦寒之藥，黃芩、知母之類,C,114-中醫基礎醫學（一）,
16,五行生克，有子母補瀉之法言：「虛者補之、實者瀉之、不實不虛，以經取之」，其中「不實不 虛，以經取之」概念，下列敘述何者正確？ (A)經絡病變 (B)正經自病 (C)飛經走氣 (D)經常慣用,B,114-中醫基礎醫學（一）,
17,《素問．天元紀大論》說：「陰陽之氣各有多少」，這是由《內經》提出，為要更精確區分陰陽能 量盛衰狀況，其內容下列何者正確？ (A)亢害承制 (B)五行之治，太過與不及 (C)四時五臟陰陽 (D)三陰三陽,D,114-中醫基礎醫學（一）,
18,五臟相通，假令心病傳之於「其所不勝」者，依《素問．玉機真藏論》下列何者為「其所不勝」之 臟腑？ (A)肝 (B)脾 (C)肺 (D)腎,D,114-中醫基礎醫學（一）,
19,女性接受試管嬰兒療程的成功率隨著年齡增加而逐漸下降，依據《素問．上古天真論》有關女性之 生理變化，下列敘述何者正確？ (A)六七陽明脈衰於上，面焦，髮鬢頒白 (B)五七少陽脈衰，面始焦，髮始白 (C)七七肝氣衰，筋不能動 (D)四七筋骨堅，髮長極，身體盛壯,D,114-中醫基礎醫學（一）,
20,氣喘兒到了深夜就容易疾病發作，依《靈樞．順氣一日分為四時》，有關晝夜變化與疾病症狀嚴重 程度的關係，其最有可能的病機敘述為何？ (A)夜半則人氣始衰，邪氣始衰，故加 (B)夜半陰隴，陽氣始衰，故甚也 (C)夜半人氣入藏，邪氣獨居於身，故甚也 (D)夜半衛氣始衰，邪氣易衰，故加,C,114-中醫基礎醫學（一）,
21,依據《靈樞．本藏》之內容，指出血氣精神等對人體生理的重要性，下列五臟六腑精氣之敘述何者 錯誤？ (A)營氣者，六府化穀，風痹不作，利經脈者也 (B)衛氣者，所以溫分肉，充皮膚，肥腠理，司開闔者也 (C)志意者，所以御精神，收魂魄，適寒溫，和喜怒者也 (D)經脈者，行血氣而營陰陽、濡筋骨，利關節者也,A,114-中醫基礎醫學（一）,
22,依《素問．靈蘭秘典論》論述十二藏之相使，下列何者錯誤？ (A)肝者，將軍之官，謀慮出焉 (B)膽者，中正之官，決斷出焉 (C)脾胃者，倉廩之官，津液出焉 (D)三焦者，決瀆之官，水道出焉,C,114-中醫基礎醫學（一）,
23,《素問．五臟別論》中有關臟腑及奇恆之腑的論述，下列敘述何者正確？ (A)奇恆之腑，地氣之所生也 (B)六腑的共同生理特點是「傳化物而不藏，滿而不能實」 (C)五臟的共同生理特點是「藏精氣而不瀉，實而不能滿」 (D)奇恆之腑的生理特點是「瀉而不藏」,A,114-中醫基礎醫學（一）,
24,古人體會到人體氣血、精神的來源和匯集的地點，稱為四海。依據《靈樞．海論》之內容，下列有 關四海的描述何者錯誤？ (A)胃者水榖之海，其輸上氣街，下至三里 (B)衝脈者，為十四經之海，其輸上在於大杼 (C)膻中者，為氣之海，其輸上在於柱骨之上下，前在於人迎 (D)腦為髓之海，其輸上在於其蓋，下在風府,B,114-中醫基礎醫學（一）,
25,營衛氣血與人體功能息息相關，依《靈樞．營衛生會》中有關營衛氣之敘述，下列何者錯誤？ (A)中焦受氣化精微，故中焦如漚 (B)營氣滲出脈外，不循其道，而成漏泄 (C)老人夜不寐是因血氣衰弱，衛氣內伐所致 (D)上焦之氣與營氣併行五十度，於次日寅時會於手太陰,B,114-中醫基礎醫學（一）,
26,依《難經．四十四難》，對七衝門之敘述，下列何者正確？ (A)下極為魄門 (B)會厭為咽門 (C)齒為飛門 (D)唇為戶門,A,114-中醫基礎醫學（一）,
27,陳先生擔任建築工人，因近月加班趕工勞動過度，常發氣動喘息，汗出過多，依《素問．舉痛 論》，下列何者最適宜？ (A)氣消 (B)氣耗 (C)氣上 (D)氣亂,B,114-中醫基礎醫學（一）,
28,依《靈樞．本藏》敘述，分肉解利、皮膚調柔、腠理緻密的生理基礎為下列何者？ (A)元氣充 (B)肺氣盛 (C)寒溫和 (D)衛氣和,D,114-中醫基礎醫學（一）,
29,依《素問．玉機真臟論》及《靈樞．本輸》篇之內容，五臟六腑有「孤臟」、「孤腑」之說，下列 敘述何者最適宜？ (A)肺為孤臟、膽為孤腑 (B)心胞為孤臟、膀胱為孤腑 (C)心為孤臟、小腸為孤腑 (D)脾為孤臟、三焦為孤腑,D,114-中醫基礎醫學（一）,
30,《素問．五臟別論》曰：「此五者，天氣之所生也，其氣象天，故瀉而不藏」，「此五者」不包括 下列何者？ (A)膽 (B)三焦 (C)膀胱 (D)大腸,A,114-中醫基礎醫學（一）,
31,依《素問．氣厥論》，關於鼻淵的病變，是因為臟腑間之傳變，下列何者正確？ (A)膽移熱於腦 (B)膽移熱於鼻 (C)肺移熱於腦 (D)肺移熱於鼻,A,114-中醫基礎醫學（一）,
32,25歲黃小姐素無重大疾病，某日搭乘捷運時，突然看到歹徒持刀亂砍向她走來，她嚇得想趕快逃 走，但雙腿無力動彈不得。根據中醫理論，關於此生理機轉之敘述何者最正確？ (A)因為恐懼會導致氣機紊亂，因此不知所措 (B)恐為腎之志，此次恐懼經驗必導致黃小姐產生腎虛體質 (C)雙腿無力動彈不得，應該是肝氣鬱結所致 (D)因為氣機異常，而無法行動,D,114-中醫基礎醫學（一）,
33,依據中醫基本理論的內容，有關血的生理功能，下列何者錯誤？ (A)滋臟腑 (B)安神魂 (C)調腠理 (D)潤顏色,C,114-中醫基礎醫學（一）,
34,下列何者臟腑的精氣虧少，則會髓海不足、神疲倦怠、耳鳴目眩、思維遲鈍、腰膝痠軟無力？ (A)肝 (B)心 (C)脾 (D)腎,D,114-中醫基礎醫學（一）,
35,20歲女性，喜歡吃辣，常常吃鹽酥雞，又常三餐不定時，最近口角炎發作。依《靈樞．脈度》，其 症狀與下列那個臟腑較相關？ (A)肝 (B)心 (C)脾 (D)肺,C,114-中醫基礎醫學（一）,
36,關於《內經》中臟腑氣血的論述，下列何者錯誤？ (A)《靈樞．經水》：五藏者，合神氣魂魄而藏之；六府者，受穀而行之；經脈者，受血而營之 (B)《靈樞．邪氣臟腑病形》：其宗氣上出於鼻而為臭，其濁氣出於胃而為味 (C)《靈樞．邪氣臟腑病形》：其精陽氣皆上於面而走空竅。其血氣上走於目而為睛 (D)《靈樞．營氣》：營氣之道，內穀為寶。精專者行於經遂，常營無已,C,114-中醫基礎醫學（一）,
37,經脈和絡脈在《靈樞．經脈》中論述甚多，其中經脈和絡脈的差別，下列何者錯誤？ (A)經脈伏行分肉之間，常不可見也，其虛實也，以氣口知之 (B)諸絡脈皆不能經大節之間，必行絕道而出入，其會皆見於外 (C)諸刺絡脈者，必刺其結上，甚血者。留之發為痹也 (D)魚際絡赤，胃中有瘀，魚際絡暴黑者，則寒，且痛,D,114-中醫基礎醫學（一）,
38,子母迎隨補瀉法是《難經．七十九難》的重要發揮，提供了針灸五俞穴相關選穴用穴的方法。如果 是大腸手陽明脈的疾病，要如何處理？ (A)實瀉母穴為迎，用曲池穴。虛補子穴為隨，用二間穴 (B)實瀉子穴為迎，用二間穴。虛補母穴為隨，用曲池穴 (C)實瀉子穴為迎，用曲池穴。虛補母穴為隨，用合谷穴 (D)實瀉母穴為迎，用合谷穴。虛補母穴為隨，用曲池穴,B,114-中醫基礎醫學（一）,
39,依據《素問．太陰陽明論》，有關胃足陽明和脾足太陰之脈的敘述，下列何者錯誤？ (A)傷於濕者，足陽明胃受之。傷於風者，足太陰脾受之 (B)外受賊風虛邪者，足陽明胃受之。食飲不節起居不時者，足太陰受之 (C)足陽明胃受之，則身熱不時臥，上為喘呼 (D)足太陰脾受之則脹滿閉塞，久為腸澼,A,114-中醫基礎醫學（一）,
40,陳同學寒假騎自行車環島，途中出現節弛肘廢的症狀，且人迎的脈象比寸口大兩倍，依《靈樞．經 脈》，下列何穴位最適合治療？ (A)飛揚 (B)支正 (C)偏歷 (D)光明,B,114-中醫基礎醫學（一）,
41,依《靈樞．經脈》，關於膀胱經循行與相關病候，下列何者錯誤？ (A)其直行者，從巔入絡腦，還出別下項，循肩髆內，挾脊，抵腰中，入循膂 (B)其支者，從腰中下挾脊，貫臀，入膕中 (C)是動則病衝頭痛，目似脫，項如拔，脊痛，腰似折，髀不可以曲，膕如結，踹如裂，是為踝厥 (D)主骨所生病者，頭痛，頷痛，目銳眥痛，缺盆中腫痛，腋下腫，馬刀俠癭,D,114-中醫基礎醫學（一）,
42,一病患就診時主訴為手心發熱，腋下腫，胸脅部支撐脹滿，心中憺憺跳動不寧，臨床上與那條經脈 的是動病病症最相關？ (A)手太陽小腸經 (B)手厥陰心包經 (C)手少陰心經 (D)手太陰肺經,B,114-中醫基礎醫學（一）,
43,依《難經．七十九難》：「迎而奪之者，瀉其子也」，欲取手厥陰心包經之子穴行瀉法，最合適之 穴位為？ (A)中衝 (B)勞宮 (C)大陵 (D)間使,C,114-中醫基礎醫學（一）,
44,依《靈樞．本臟》 之內容，經脈者，除了「行血氣，濡筋骨，利關節」之外，還有下列那一種功 能？ (A)營臟腑 (B)營陰陽 (C)營津液 (D)營百骸,B,114-中醫基礎醫學（一）,
45,近日張先生常不自主雙手交捧於胸部，非常困擾，經中醫師診斷為臂厥。依據《靈樞．經脈》，在 下列那些經脈的是動病症中有「臂厥」？ (A)肝與膽經 (B)肺經與膽經 (C)肝經與心經 (D)心經與肺經,D,114-中醫基礎醫學（一）,
46,承上題，如果張先生的臂厥為實證，其寸口的脈象比人迎的脈象大兩倍，則診斷應為下列那一條經 絡？ (A)肺 (B)肝 (C)膽 (D)心,D,114-中醫基礎醫學（一）,
47,根《靈樞．經脈》內容，下列何者為足少陰腎經「所生病」的症狀？ (A)心如懸若飢狀 (B)脊股內後廉痛 (C)喝喝而喘 (D)善恐，心惕惕如人將捕之,B,114-中醫基礎醫學（一）,
48,剛學高爾夫的曾小姐，長期揮桿練習時常常不慎鏟到土，造成右手肘內側部位疼痛，手腕用力屈曲 與天冷時症狀會加劇，依《靈樞．經筋》，最可能下列那一條經筋受傷？ (A)手陽明之筋 (B)手少陽之筋 (C)手太陰之筋 (D)手心主之筋,D,114-中醫基礎醫學（一）,
49,依《靈樞．經脈》，有關膀胱足太陽之脈的敘述，下列何者正確？ (A)是主筋所生病者 (B)循行部位至足趾為循足跗上，入小指次指之間 (C)是動病甚則欲上高而歌，棄衣而走，賁響腹脹，是謂骭厥 (D)膀胱足太陽之脈，起於目銳眥,A,114-中醫基礎醫學（一）,
50,依《靈樞．脈度》所述，蹻脈者，為下列何經之別？ (A)少陰 (B)厥陰 (C)太陰 (D)陽明,A,114-中醫基礎醫學（一）,
51,依《靈樞．百病始生》提到「六經不通四肢，則肢節痛，腰脊乃強；留而不去，傳舍於伏衝之脈， 在伏衝之時體重身痛；留而不去，傳舍於腸胃，在腸胃之時，賁響腹脹，多寒則腸鳴飧泄，食不 化，多熱則溏出糜；留而不去，傳舍於腸胃之外，募原之間，留著於脈，稽留而不去，息而成 積。」下列敘述對本段名詞解釋何者最不適當？ (A)伏衝之脈：指衝脈行於脊柱之外的部分 (B)賁響：腸鳴 (C)出糜：大便溏稀，腐敗惡臭 (D)息而成積：邪氣長時間滯留生長成積塊,A,114-中醫基礎醫學（一）,
52,關於《內經》中「風厥」之敘述，下列何者錯誤？ (A)主驚駭、背痛、善噫、善欠 (B)汗出而身熱，煩滿不解者 (C)肉不堅、腠理疏 (D)虛滿而咳，善嘔沫,D,114-中醫基礎醫學（一）,
53,依《素問．生氣通天論》對於「煎厥」的描述，下列何者正確？ (A)汗出見濕，乃生癤疿 (B)大怒則形氣絕，而血菀於上 (C)陽氣者，煩勞則張，精絕，辟積於夏 (D)傷津則縱，汗出偏沮，久則偏枯,C,114-中醫基礎醫學（一）,
54,《素問．生氣通天論》對四時不正之氣所引起之病機描述，下列何者錯誤？ (A)春傷於風，邪氣留連，乃為洞泄 (B)夏傷於暑，秋為痎瘧 (C)秋傷於燥，上逆而咳，發為痿厥 (D)冬傷於寒，春必溫病,C,114-中醫基礎醫學（一）,
55,依據《素問．骨空》及《靈樞．逆順肥瘦》，關於「五臟六腑之海」的內容，下列敘述何者錯誤？ (A)逆氣、裡急 (B)起於氣街，並少陰之脈，俠臍而行，至胸中而散 (C)目盲不可以視，耳閉不可以聽 (D)出于頏顙，滲諸陽，灌諸精,C,114-中醫基礎醫學（一）,
56,依據《素問．舉痛論》之敘述，發作則「精卻，卻則上焦閉，閉則氣還，還則下焦脹，故氣不行 矣」，是指下列何者？ (A)怒 (B)喜 (C)悲 (D)恐,D,114-中醫基礎醫學（一）,
57,大明冬天每天騎車吹風，沒有穿避風寒衣物，春天陽氣大發，因而觸動出現寒顫，高熱交替的症 狀。依《素問．瘧論》的論述，關於大明症狀的病因與病機，下列何者錯誤？ (A)屬於寒瘧 (B)此病藏於腎 (C)其邪氣藏於骨髓中 (D)瘧病以冬病者寒不甚，以春病者惡風,A,114-中醫基礎醫學（一）,
58,2020年庚子年適逢新型冠狀病毒（COVID-19）全球大流行。依《素問．氣交變大論》之論述，庚子 年的氣候特性，下列何者最正確？ (A)火運太過之年，全年氣候炎熱 (B)金運太過之年，全年氣候乾燥 (C)水運不足之年，全年氣候乾燥 (D)木運太過之年，全年氣候風大,B,114-中醫基礎醫學（一）,
59,依據《靈樞．百病始生》的描述，下列積症的配合何者正確？ (A)孫絡之積，腫塊可上下移動，腹病滿，腸鳴腹痛 (B)陽明之積位於臍旁，飽則痛，飢則安 (C)緩筋之積位於臍傍，飽則安，飢則痛 (D)募原之積痛連緩筋，飽則大，飢則小,A,114-中醫基礎醫學（一）,
60,依《素問．調經論》之敘述，下列那兩臟之病證較常出現精神情志上的異常？ (A)心、肝 (B)脾、腎 (C)肝、肺 (D)肺、腎,A,114-中醫基礎醫學（一）,
61,劉河間提出「六氣皆從火化」的觀點，為寒涼派之始袓。他為病機十九條補充了下列何者病機？ (A)諸躁狂越 (B)諸熱瞀瘛 (C)諸禁鼓慓 (D)諸澀枯涸,D,114-中醫基礎醫學（一）,
62,在《素問．生氣通天論》論述陰陽的相互關係，下列敘述何者錯誤？ (A)凡陰陽之要，為陽密乃固 (B)陰不勝其陽，則脈流薄疾，并乃狂 (C)陽不勝其陰，則五臟氣爭，九竅不通 (D)陰者，精則養神，柔則養筋,D,114-中醫基礎醫學（一）,
63,依《靈樞》論述關於成積的病因病機，下列敘述何者錯誤？ (A)有所結，氣歸之，榮氣留之不得反，津液久留，合而成積 (B)厥氣生足悗，悗生脛寒，上入於腸胃，腸外汁沫迫聚不散而成積 (C)卒然多食飲，起居不節，用力過度，致腸胃絡傷而血溢，腸外有寒，汁沫與血搏聚成積 (D)外中於寒，內傷於憂怒而氣上逆，六輸不通，溫氣不行，血凝津聚，著而不去而成積,A,114-中醫基礎醫學（一）,
64,易阻礙氣機的邪氣與病理產物，下列何選項最正確？①濕邪　②寒邪　③痰飲　④瘀血 (A)僅①② (B)僅②③ (C)僅③④ (D)①②③④,D,114-中醫基礎醫學（一）,
65,依《素問．厥論》，有關「寒厥」症狀與病機的敘述，下列何者正確？ (A)此人者質壯，以春夏奪於所用 (B)陽氣日損，陰氣獨在 (C)脾無法為胃行其津液 (D)腎氣有衰，陽氣獨勝,B,114-中醫基礎醫學（一）,
66,依《靈樞．玉版》：「陰氣不足，陽氣有餘，營氣不行，乃發為癰疽，陰陽不通，兩熱相搏，乃化 為膿」，文中「陰陽不通」，「兩熱相搏」下列解釋何者正確？ (A)陰陽不通：陰，指營氣；陽，指衛氣 (B)陰陽不通：陰，指五藏；陽，指六府 (C)兩熱相搏：其中一熱是三焦化熱 (D)兩熱相搏：其中一熱是陰虛化熱,A,114-中醫基礎醫學（一）,
67,依《素問．痿論》有關「痿躄」兩腿行動不便的論述，與下列何者最相關？ (A)肝氣熱 (B)脾氣熱 (C)肺氣熱 (D)腎氣熱,C,114-中醫基礎醫學（一）,
68,根據《素問．痿論》有關痿症治療獨取陽明原因的論述，下列何者最不適宜？ (A)陽明者，五臟之海 (B)陽明者，六腑之海 (C)陽明者，經脈之海 (D)陽明者，主潤宗筋,C,114-中醫基礎醫學（一）,
69,55歲男性冬泳後，出現發燒畏寒、兩太陽穴痛及耳聾等症。依《素問．熱論篇》所記載其可能之致 病病機，下列敘述何者最適宜？ (A)此乃傷於寒，始于太陽，終于少陰 (B)此乃寒邪，腠理閉固，少陽病 (C)此乃兩感於寒，少陽與少陰俱病 (D)此病始傷表陽，三陽俱病,B,114-中醫基礎醫學（一）,
70,45歲男性咳時伴隨心痛、喉梗阻感。關於其病名、病因、病機，依《素問．咳論》之內容，下列何 者最適宜？ (A)曾受到驚嚇，心氣亂而咳 (B)因咳久而邪傳腎，會有咳而遺尿 (C)心下有支飲，引發咳嗽 (D)因夏季受寒所致之心咳,D,114-中醫基礎醫學（一）,
71,關於《內經》腹部診斷的敘述，下列何者錯誤？ (A)腹部望診：依據《靈樞．水脹》，水脹、膚脹、鼓脹等疾病皆可見「腹大身腫」，腹色不變是膚脹 與鼓脹鑑別點 (B)腹部聞診：依據《靈樞．師傳》：「腸中風，則腸鳴飧泄」，可透過腸鳴音訊認識脾胃功能失常 (C)腹部問診：依據《靈樞．邪氣臟腑病形》：「胃病者，腹䐜脹，胃脘當心痛」或「三焦病者，腹氣 滿，小腹尤堅」，可經由詢問病患腹脹滿部位不同而知疾病之病機 (D)腹部切診：依據《靈樞．水脹》，「按之不起」是膚脹與水脹的鑑別點,B,114-中醫基礎醫學（一）,
72,《難經．十四難》把「損症」分為五類，下列敘述何者錯誤？ (A)損於皮毛，皮聚而毛落 (B)損於肌肉，肌肉消瘦，飲食不能為肌膚 (C)損於骨，骨痿不能起於床 (D)損於筋，則筋緊拘攣,D,114-中醫基礎醫學（一）,
73,依《素問．至真要大論》中有關病機的敘述，下列敘述何者錯誤？ (A)諸暴強直，皆屬於風 (B)諸痙項強，皆屬於寒 (C)諸脹腹大，皆屬於熱 (D)諸熱瞀瘛，皆屬於火,B,114-中醫基礎醫學（一）,
74,初秋久未下雨。宋姓醫學生打球後，當晚發生頭痛、無汗、乾咳少痰，咽痛，咳痰帶血而黏，倦怠 乏力，心煩失眠，小便短赤，大便乾，舌尖紅，苔薄白乾，脈弦數。下列敘述何者最適宜？ (A)內燥致病，為溫燥 (B)外燥致病，為溫燥 (C)病位在肺，屬涼燥 (D)病位在腎，屬涼燥,B,114-中醫基礎醫學（一）,
75,承上題，王姓醫學生經醫院診斷為肺結核，乾咳少痰已三年。近日與宋姓醫學生打球後身體不適， 咳嗽痰增帶有血絲，胸悶痛，手足心熱，夜間煩躁不安，盜汗，口乾舌燥，倦怠，語聲低微，腰膝 痠軟，舌邊尖紅少苔乾，脈細數。王姓與宋姓醫學生疾病的異同點，下列敘述何者錯誤？ (A)均有燥的特點 (B)王姓醫學生為陰虛內燥 (C)宋姓醫學生病程短，主要表現為燥邪所傷 (D)王姓醫學生病程長，僅表現為肺陰不足,D,114-中醫基礎醫學（一）,
76,28歲王女士產後洗頭，頭未乾而吹到風，之後常發頭痛症狀。依據《素問．風論》，其症狀與下列 敘述何者最相關？ (A)多汗惡風，色皏然白，時欬短氣，晝日則差，暮則甚 (B)多汗惡風，焦絕善怒嚇，赤色，病甚則言不可快 (C)多汗惡風，善悲色微蒼，嗌乾善怒，時憎男子 (D)頭面多汗惡風當先風一日，則病甚頭痛不可，以出內至其風日，則病少愈,D,114-中醫基礎醫學（一）,
77,依《靈樞．水脹》，若病患出現腹壁有青色脈絡突起如筋者，下列敘述何者正確？ (A)為鼓脹之候，易出現色蒼黃 (B)保持身體涼快，以免厥氣上逆 (C)為膚脹之候，易出現腹大身盡腫，皮厚，按其腹不起 (D)吐法與攻下為治療原則,A,114-中醫基礎醫學（一）,
78,有關《素問．病能論》之敘述，下列何者錯誤？ (A)人迎者胃脈也，逆而盛，則熱聚於胃口而不行，故胃脘為癰也 (B)肺氣弱脈細，不得偃臥 (C)頸癰可針灸治之，或砭石治之 (D)病厥腰痛，冬診之，右脈沉而緊，左脈浮而遲,B,114-中醫基礎醫學（一）,
79,患者出現食後嘔吐酸水、裡急後重、腹痛、急劇泄瀉。依據《素問．至真要大論》，其病機以下列 何者最正確？ (A)屬風 (B)屬熱 (C)屬濕 (D)屬寒,B,114-中醫基礎醫學（一）,
80,依據《難經．二十四難》之內容，關於經脈氣絕的徵候，下列敘述何者錯誤？ (A)足太陰氣絕，則舌卷、肉滿、唇反 (B)六陽氣俱絕者，陰陽相離，則絕汗出大如貫珠 (C)手少陰氣絕，則脈不通 (D)手太陰氣絕，則皮毛焦,A,114-中醫基礎醫學（一）,
1,下列有關《金匱要略》三物備急丸之敘述，何者正確？ (A)組成為大黃、貝母、桔梗 (B)主治卒然心腹脹痛，痛如錐刺，氣急口噤，大便不通 (C)可治寒與痰水互結上中二焦之寒實結胸之證 (D)其名「備急」者，乃三藥可通便之急也,B,114-中醫基礎醫學（二）,
2,依原立方者之敘述，判斷下列解表劑之煎煮法及將息法何者正確？ (A)《傷寒論》桂枝湯煎煮時，香氣大出即取服，勿過煮 (B)《傷寒論》麻黃杏仁甘草石膏湯，以水七升，煮麻黃去上沫，內諸藥，煮取二升，去滓，冷服一升 (C)《溫病條辨》銀翹散服後，須多飲暖水，汗出則癒 (D)《傷寒論》麻黃湯，服後，須溫覆取汗，但不須啜熱稀粥,D,114-中醫基礎醫學（二）,
3,30歲女性，於清明時節，至門診就診，主訴為咳嗽一日，伴見輕微身熱、口微渴，苔薄白，脈浮 數。下列敘述何者最不適宜？ (A)此證候為外感風熱 (B)治法上宜用辛涼解表 (C)因邪在肺衛，故處方銀翹散較處方桑菊飲為合適 (D)若咳嗽痰稠而黃，可酌加貝母、瓜蔞,C,114-中醫基礎醫學（二）,
4,關於方劑學作者與其著作，下列何者最不適宜？ (A)孫思邈《備急千金要方》 (B)陳修園《長沙方歌括》 (C)吳謙《湯頭歌訣》 (D)汪昂《醫方集解》,C,114-中醫基礎醫學（二）,
5,下列各方的功用，何者錯誤？ (A)《和劑局方》三拗湯：宣肺解表 (B)《傷寒論》大青龍湯：發汗解表，清熱除煩 (C)《金匱要略》麻黃加朮湯：發汗解表，散寒祛濕 (D)《金匱要略》越婢湯：辛涼宣泄，清肺平喘,D,114-中醫基礎醫學（二）,
6,有關《景岳全書》濟川煎之敘述，下列何者最適宜？ (A)大黃苦寒瀉熱，攻積通便為方中佐藥 (B)麻子仁滋脾潤腸，潤燥通便，為方中臣藥 (C)鎖陽溫腎益精，潤腸通便，為方中君藥 (D)枳殼寬腸下氣，與升麻配伍，能升清陽、降濁陰而通大便,D,114-中醫基礎醫學（二）,
7,關於《景岳全書》泰山磐石散之敘述，下列那些正確？①能益氣健脾，養血安胎　②白朮、黃芩相 配能健脾清熱安胎　③茯苓能寧心安胎　④續斷能補益肝腎　⑤肉桂助陽氣固胎元 (A)①②③ (B)①②④ (C)①③⑤ (D)②③④,B,114-中醫基礎醫學（二）,
8,下列方劑何者最不適宜治療遺精？ (A)《柳州醫話》一貫煎 (B)《醫方集解》二至丸 (C)《丹溪心法》大補陰丸 (D)《小兒藥證直訣》六味地黃丸,A,114-中醫基礎醫學（二）,
9,關於《醫方集解》七寶美髯丹之敘述，下列何者正確？①治肝腎不足，鬚髮早白　②治齒牙動搖， 夢遺滑精　③何首烏、熟地補腎養血固精　④當歸與首烏、白芍、菟絲子並進，可補肝腎，益精血 而烏鬚髮　⑤補骨脂溫補腎陽 (A)①②③ (B)①②⑤ (C)②③④ (D)③④⑤,B,114-中醫基礎醫學（二）,
10,58歲女性，患咳喘病5年以上，被診斷有支氣管擴張症，咳嗽痰多色黃濃稠，有時咳血，稍有勞動 則咳喘加重；近1個月較勞累，咳喘增劇，常覺胸中煩熱。望之身體消瘦，舌紫暗，苔薄黃膩，按 診脈浮無力。上述病證以下列何方治療最適宜？ (A)《衛生寶鑑》人參蛤蚧散 (B)《攝生眾妙方》定喘湯 (C)《慎齋遺書》百合固金湯 (D)《丹溪心法》大補陰丸,A,114-中醫基礎醫學（二）,
11,有關《和劑局方》四君子湯之敘述，下列何者最適宜？ (A)其組成藥物，以君藥人參劑量最大 (B)本方加半夏即為《小兒藥證直訣》異功散 (C)本方加藿香、砂仁、木香即為《小兒藥證直訣》七味白朮散 (D)依《醫方集解》，本方加黃耆、山藥，亦名：六君子湯,D,114-中醫基礎醫學（二）,
12,關於《慎齋遺書》百合固金湯之敘述，下列何者最不適宜？ (A)本方適用於咳痰帶血、咽喉燥痛，舌紅少苔，脈細數 (B)若喘咳甚者：加杏仁、款冬花、五味子 (C)本方主治肺腎陰虧、虛火上炎證 (D)本方與《統旨方》清金化痰丸的共同藥物組成有5項,D,114-中醫基礎醫學（二）,
13,下列藥物中有幾項為《景岳全書》右歸丸之組成？①當歸　②菟絲子　③龜板膠　④鹿角膠 (A)1 (B)2 (C)3 (D)4,C,114-中醫基礎醫學（二）,
14,依方劑學教材與典籍內容所述，處方生附子五錢、乾薑三錢、炙甘草二錢，宜如何稱呼最恰當？ (A)《傷寒論》四逆湯 (B)《傷寒論》通脈四逆湯 (C)《傷寒論》白通湯 (D)《傷寒六書》回陽救急湯,B,114-中醫基礎醫學（二）,
15,《太平惠民和劑局方》黑錫丹的組成中，不含以下那一味中藥？ (A)肉豆蔻 (B)荔枝核 (C)沉香 (D)川楝子,B,114-中醫基礎醫學（二）,
16,下列那一組藥物不是《通俗傷寒論》蒿芩清膽湯的組成？ (A)竹茹、半夏 (B)廣皮、枳殼 (C)青黛、滑石、甘草 (D)柴胡、山梔,D,114-中醫基礎醫學（二）,
17,24歲楊小姐來診時，主訴月經先後不定期，乳房脹，右脇肋痛，口苦，咽乾，診之脈細弦無力。治 療處方以下列何者最適宜？ (A)柴胡、枳實、炒白芍、炙甘草 (B)柴胡、枳殼、炒白芍、陳皮、川芎、香附、炙甘草 (C)柴胡、茯苓、炒白芍、當歸、炒白朮、生薑、薄荷、炙甘草 (D)柴胡、炒白朮、炒白芍、廣陳皮、香附、炙甘草,C,114-中醫基礎醫學（二）,
18,下列那一個方劑的組成是以《傷寒論》小柴胡湯去柴胡、生薑，加黃連、乾薑而成？ (A)《傷寒論》半夏瀉心湯 (B)《傷寒論》黃連湯 (C)《傷寒論》甘草瀉心湯 (D)《金匱要略》瀉心湯,A,114-中醫基礎醫學（二）,
19,《丹溪心法》固經丸之組成，下列何者正確？①龜板、黃柏　②椿根皮、白芍　③木香、地黃 (A)僅①② (B)僅①③ (C)僅②③ (D)①②③,A,114-中醫基礎醫學（二）,
20,關於《溫病條辨》安宮牛黃丸、《太平惠民和劑局方》至寶丹、《太平惠民和劑局方》蘇合香丸之 比較，下列何者最不適宜？ (A)皆有冰片 (B)皆有雄黃 (C)皆有麝香 (D)蘇合香丸為溫開，其餘為涼開,B,114-中醫基礎醫學（二）,
21,關於《景岳全書》柴胡疏肝散之敘述，下列何者錯誤？ (A)木香、陳皮，理氣行滯 (B)柴胡為主藥，疏肝理氣 (C)白芍、甘草二藥配伍，養血柔肝，緩急止痛 (D)香附、川芎二藥配伍，行氣止痛,A,114-中醫基礎醫學（二）,
22,《金匱要略》橘皮竹茹湯、《症因脈治》丁香柿蒂散、《傷寒論》旋覆代赭石湯等方劑之比較，下 列何者最不適宜？ (A)皆有胃氣虛之證 (B)皆有胃失和降之病機 (C)清胃熱可用橘皮竹茹湯 (D)溫胃散寒降逆可用丁香柿蒂散、旋覆代赭石湯,D,114-中醫基礎醫學（二）,
23,《醫林改錯》血府逐瘀湯與《醫學發明》復元活血湯之比較，下列何者正確？ (A)二者皆含柴胡、當歸 (B)二者皆含桃仁、紅花、桔梗 (C)復元活血湯以桔梗、枳殼配伍一升一降，開胸行氣，加速瘀血消散 (D)血府逐瘀湯以桃仁、紅花、瓜蔞活血化痰止痛,A,114-中醫基礎醫學（二）,
24,22歲女性患者，日前因至餐廳吃到飽，冷飲多喝幾杯後，上腹脹疼痛；經過休息後仍上腹脹滿痛， 吃不下，無打嗝，欲嘔無，四肢重倦，口不渴，苔白膩、舌淡紅，脈沉弦。下列何處方治療最適 宜？ (A)半夏、生薑、黃芩、黃連、甘草、大棗、人參 (B)厚朴、陳皮、茯苓、草豆蔻、木香、乾薑、炙甘草 (C)柴胡、半夏、生薑、黃芩、人參、甘草、大棗 (D)烏藥、沉香、檳榔、人參、香附,B,114-中醫基礎醫學（二）,
25,《良方集腋》良附丸和《內外傷辨惑論》厚朴溫中湯皆常用於脾胃偏寒的腹痛證，下列敘述何者最 適宜？ (A)厚朴溫中湯中以草豆蔻、木香行氣燥濕以治療脾胃寒濕證 (B)良附丸使用附子溫中暖胃止痛 (C)厚朴溫中湯中的乾薑以酒洗加強其散寒之作用 (D)高良薑與乾薑屬於不同科的植物,A,114-中醫基礎醫學（二）,
26,《攝生秘剖》天王補心丹組方之主（君）藥為何？ (A)人參 (B)生地黃 (C)天門冬 (D)酸棗仁,B,114-中醫基礎醫學（二）,
27,關於治風劑，下列組成分析何者錯誤？ (A)川芎茶調散為疏散外風之方劑，主治外受風邪之頭痛，以川芎、白芷、羌活為主要藥物 (B)雖然都可能會有肢體不利或是面部口眼歪斜，內風導致可用牽正散、大秦艽湯；外風導致可用鎮肝 息風湯、天麻鉤藤飲 (C)大定風珠用於熱病後期，陰液虧虛導致動風，故以滋陰藥為主要組成 (D)鎮肝息風湯其中代赭石、龍骨、龜板皆用生品，不用煅品，期使潛陽力較強,B,114-中醫基礎醫學（二）,
28,關於《溫病條辨》杏蘇散與《太平惠民和劑局方》參蘇飲之比較，下列敘述何者錯誤？ (A)參蘇飲去人參、葛根、木香加杏仁即與杏蘇散組成相同 (B)杏蘇散的功用為清宣涼燥，宣肺化痰；參蘇飲功用為益氣解表，祛痰止咳 (C)兩方均能宣肺解表，但杏蘇散可滋潤肺腎之陰；而參蘇飲則可健脾益氣 (D)杏蘇散中的蘇葉、前胡有解表散邪，微發其汗的作用；參蘇飲中的人參有益氣扶正的作用,C,114-中醫基礎醫學（二）,
29,下列文獻節錄自汪昂《醫方集解》：「此足太陰藥也。脾虛故以白朮、苓、草補之；脾寒故以薑、 附、草蔻溫之；脾濕故以大腹、茯苓利之；脾滿故以木香、厚朴導之。木香行氣、平肝、實腸，厚 朴散滿、行水、平胃。然土之不足，由於木之有餘，木瓜酸溫，能於土中瀉木，兼能行水，與木香 同為平肝之品，使木不剋土而肝和，則土能制水。」，請利用方劑學知識，判斷其所敘述之方劑為 何方？ (A)《證治準繩》雞鳴散 (B) 《內外傷辨惑論》厚朴溫中湯 (C)《重訂嚴氏濟生方》實脾散 (D)《丹溪心法》胃苓湯,C,114-中醫基礎醫學（二）,
30,有關《太平惠民和劑局方》平胃散的敘述，下列何者錯誤？ (A)《丹溪心法》將本方與五苓散合方，稱之「胃苓湯」 (B)《景岳全書》將本方與小柴胡湯合方，稱之「柴平湯」 (C)《太平惠民和劑局方》不換金正氣散為本方加藿香、茯苓 (D)本方為治濕滯脾胃之主方,C,114-中醫基礎醫學（二）,
31,下列那些為《傷寒論》真武湯之組成？①茯苓、赤芍　②白芍、人參　③茯苓、附子　④白朮、生 薑 (A)①② (B)②③ (C)③④ (D)①④,C,114-中醫基礎醫學（二）,
32,有關《溫病條辨》增液湯的敘述，下列何者最不適宜？ (A)吳瑭認為若熱邪傷津，數日不大便，其人陰素虛，不可行承氣者，宜與本方 (B)《慎齋遺書》百合固金湯方中包含增液湯之所有組成藥物 (C)吳瑭認為本方各藥物需重用才能達到增水行舟的效果 (D)《醫學衷中參西錄》玉液湯方中包含增液湯之所有組成藥物,D,114-中醫基礎醫學（二）,
33,30歲患者，出現脘腹脹滿，噯氣吞酸，口淡無味，不思飲食，噁心嘔吐，肢體沉重，怠惰嗜臥，醫 師檢查有腹脹，舌苔白厚膩，脈濡。下列何方治療最適宜？ (A)《丹溪心法》保和丸 (B)《和劑局方》藿香正氣散 (C)《和劑局方》平胃散 (D)《脾胃論引張元素方》枳朮丸,C,114-中醫基礎醫學（二）,
34,關於《和劑局方》二陳湯使用，下列何者最不適宜？ (A)因風致痰可加祛風藥 (B)加清熱藥物可用於治療痰熱之證 (C)咳聲濁，痰多氣喘或嘔吐痰涎者，可以宣肺藥物加強之 (D)氣滯而痰阻，可以補氣藥物加強之，如黃耆,D,114-中醫基礎醫學（二）,
35,暑天，身熱，口渴不甚，頭目不清，昏眩微脹，舌淡紅苔薄白，治以下列何方最適宜？ (A)《溫病條辨》清絡飲 (B)《內外傷辨惑論》生脈散 (C)《備急千金要方》溫膽湯 (D)《傷寒論》四逆湯,A,114-中醫基礎醫學（二）,
36,患者自訴胃脘脹悶，心下痞悶，不欲飲食，倦怠乏力，大便不調，下列何方最適宜？ (A)《傷寒論》大承氣湯 (B)《蘭室秘藏》枳實消痞丸 (C)《儒門事親》木香檳榔丸 (D)《醫方集解》香砂六君子湯,B,114-中醫基礎醫學（二）,
37,34歲患者，外感後出現發熱、下利之症狀，胸脘煩熱，口乾，口渴，喘而汗出，舌紅苔黃，脈數。 下列何組成最適宜？ (A)葛根、黃芩、黃連、甘草 (B)麻黃、杏仁、石膏、甘草 (C)黃連、黃芩、黃柏、梔子 (D)柴胡、半夏、人參、甘草、黃芩、生薑、大棗,A,114-中醫基礎醫學（二）,
38,有關《太平惠民和劑局方》五積散之組成，下列選項何者正確？①麻黃、白芷　②當歸、白芍、川 芎　③乾薑、肉桂　④半夏、茯苓　⑤白朮、厚朴　⑥枳殼、神麯 (A)①②③④ (B)②③④⑤ (C)①②⑤⑥ (D)①③④⑥,A,114-中醫基礎醫學（二）,
39,患者夏月身熱汗多，心煩口渴，小便短赤，體倦少氣，精神不振，脈虛數。下列治療何者最適宜？ (A)《太平惠民和劑局方》香薷散 (B)《溫熱經緯》清暑益氣湯 (C)《太平惠民和劑局方》甘露飲 (D)《傷寒論》小青龍湯,B,114-中醫基礎醫學（二）,
40,有關《溫病條辨》清絡飲之敘述，下列何者最適宜？ (A)本方組成有鮮銀花、西瓜翠衣、鮮扁豆花、鮮荷葉、絲瓜皮、鮮竹葉心 (B)《溫病條辨》以本方用於太陽證後餘邪不解，為善後清理之劑 (C)主治暑熱傷脾、耗氣傷津之證 (D)本方諸藥皆辛溫發表之品,A,114-中醫基礎醫學（二）,
41,祛風濕藥，兼能外用止癢，下列何者最不適宜？ (A)蠶砂 (B)海風藤 (C)海桐皮 (D)桑寄生,B,114-中醫基礎醫學（二）,
42,下列何者祛風止痛、止癢，入湯劑最不宜久煎？ (A)桑枝 (B)徐長卿 (C)五加皮 (D)秦艽,B,114-中醫基礎醫學（二）,
43,下列能祛風濕止痛，又能利尿消腫的藥中，何者因其毒性，目前不用？ (A)南五加 (B)豨薟草 (C)秦艽 (D)廣防己,D,114-中醫基礎醫學（二）,
44,關於肉桂主治應用，下列敘述何者最不適宜？ (A)命門火衰，體質衰弱、腎陽不足之滑精早泄，腰膝冷痛 (B)虛陽上浮，面赤咽痛，口舌生瘡，下肢發冷，上熱下寒者，宜大量獨用，引火歸元 (C)從治目赤腫痛，及脾虛惡食，濕盛泄瀉，補勞明目，通經墮胎 (D)氣血虛寒之外科疾患，如陰疽流注,B,114-中醫基礎醫學（二）,
45,有祛痰及散風熱之功效，下列何者最適宜？ (A)前胡 (B)浙貝母 (C)紫菀 (D)紫蘇子,A,114-中醫基礎醫學（二）,
46,夏季預防因脾胃濕濁引起的嘔吐，下列何藥最適宜？ (A)石菖蒲 (B)木瓜 (C)柿蒂 (D)藿香,D,114-中醫基礎醫學（二）,
47,治療胃寒嘔吐，下列何藥物最適宜？ (A)枇杷葉 (B)白豆蔻 (C)蘆根 (D)竹茹,B,114-中醫基礎醫學（二）,
48,停飲出現頭眩、心悸、咳嗽，還覺得心神不寧。下列何藥最適宜？ (A)車前子 (B)石菖蒲 (C)酸棗仁 (D)柏子仁,B,114-中醫基礎醫學（二）,
49,可以用於尿路感染，又可用於婦女瘀滯經閉，下列何藥物最適宜？ (A)海金沙 (B)瞿麥 (C)車前子 (D)金錢草,B,114-中醫基礎醫學（二）,
50,肝氣犯胃，脘脹噯氣，不思飲食等症狀，下列何藥最適宜？ (A)香附 (B)大腹皮 (C)藿香 (D)檳榔,A,114-中醫基礎醫學（二）,
51,玄參的功效，下列何者最不適宜？ (A)散無根浮游之火 (B)利咽喉 (C)通二便 (D)軟堅散結,D,114-中醫基礎醫學（二）,
52,關於知母的敘述，下列何者最不適宜？ (A)上清肺金而瀉火 (B)下潤腎燥而滋陰 (C)苦寒傷胃而滑腸 (D)補腎故能明目,D,114-中醫基礎醫學（二）,
53,土茯苓主治之敘述，下列何者最適宜？ (A)腎虛久瀉及折傷 (B)風寒濕痹，陰痿失溺 (C)吐、衄、崩中，腸風血痢 (D)筋骨拘攣，楊梅瘡毒,D,114-中醫基礎醫學（二）,
54,治熱病心煩，瘡瘍腫毒，涼血解毒，下列何者最適宜？ (A)知母 (B)梔子 (C)金銀花 (D)石膏,B,114-中醫基礎醫學（二）,
55,可入丸劑，下列何者最適宜？ (A)巴豆 (B)甘遂 (C)商陸 (D)大戟,A,114-中醫基礎醫學（二）,
56,用於氣滯血瘀所致的經閉腹痛及癥瘕積聚等證，而其行氣消積之力較為峻猛，且能止痛，亦可用於 飲食不節，脾運失常所致的積滯不化、脘腹脹滿疼痛之證，下列何藥物最適宜？ (A)鬱金 (B)陳皮 (C)莪朮 (D)川楝子,C,114-中醫基礎醫學（二）,
57,具有活血調經，祛瘀止痛，涼血消癰，除煩安神的功效，下列何藥物最適宜？ (A)當歸 (B)川芎 (C)丹參 (D)延胡索,C,114-中醫基礎醫學（二）,
58,用於血滯經閉，散瘀止痛；其氣芳香而醒脾開胃，亦具消食化積之功效，下列何藥物最適宜？ (A)萊菔子 (B)琥珀 (C)劉寄奴 (D)佩蘭,C,114-中醫基礎醫學（二）,
59,用於濕熱黃疸，下列何者最不適宜？ (A)秦艽 (B)虎杖 (C)金錢草 (D)益母草,D,114-中醫基礎醫學（二）,
60,能清熱解毒，適用於瘡癰腫毒，用於活血調經，又能治療產後小便不利、水腫，下列何者最適宜？ (A)澤瀉 (B)益母草 (C)丹參 (D)凌霄花,B,114-中醫基礎醫學（二）,
61,用於胃、十二指腸潰瘍出血，白及與下列何藥配伍最適宜？ (A)仙鶴草 (B)茜草 (C)三七 (D)藕節,C,114-中醫基礎醫學（二）,
62,具有潤肺祛痰、緩急止痛、緩和藥性、調和諸藥之功效，下列何藥物最適宜？ (A)黃精 (B)甘草 (C)山藥 (D)阿膠,B,114-中醫基礎醫學（二）,
63,飴糖的功效敘述，下列何者最不適宜？ (A)補脾益氣 (B)緩急止痛 (C)潤肺止咳 (D)滑腸通便,D,114-中醫基礎醫學（二）,
64,百合的應用，下列何者最適宜？ (A)風寒咳嗽 (B)虛煩失眠 (C)脾胃虛寒 (D)大便滑泄,B,114-中醫基礎醫學（二）,
65,具有補肝腎、強筋骨、安胎、降血壓之功效，下列何藥物最適宜？ (A)鹿茸 (B)杜仲 (C)巴戟天 (D)狗脊,B,114-中醫基礎醫學（二）,
66,有關黃耆的功效敘述，下列何者最不適宜？ (A)補氣升陽 (B)益衛固表 (C)安神增智 (D)利水退腫,C,114-中醫基礎醫學（二）,
67,有關鎖陽的功效敘述，下列何者最不適宜？ (A)補腎助陽 (B)溫肺定喘 (C)益精血 (D)潤腸通便,B,114-中醫基礎醫學（二）,
68,旋覆花的敘述，下列何者最不適宜？ (A)用於虛勞所導致的咳嗽 (B)降氣行水化痰 (C)有絨毛易刺激咽喉 (D)有降氣止嘔作用,A,114-中醫基礎醫學（二）,
69,珍珠的敘述，下列何者最不適宜？ (A)苦、鹹，微寒。歸心、肝經 (B)安神定驚，清肝明目消翳，解毒收斂生肌 (C)外用：研細末，乾撒 (D)病不由火熱者，勿用；無邪熱者，勿用,A,114-中醫基礎醫學（二）,
70,下列何藥可平肝潛陽，且具有止嘔、止血等作用？ (A)爐甘石 (B)天麻 (C)代赭石 (D)石決明,C,114-中醫基礎醫學（二）,
71,有開竅功效，最宜用於卒然昏迷、癲癇痰盛，關竅阻閉等病證；但有出血傾向者，下列何者最不適 宜？ (A)皂莢 (B)天竹黃 (C)枇杷葉 (D)半夏,A,114-中醫基礎醫學（二）,
72,治煩躁不安、心悸失眠、頭痛暈眩；亦可以治胃痛泛酸，下列何者最適宜？ (A)烏賊骨 (B)珍珠 (C)龜板 (D)牡蠣,D,114-中醫基礎醫學（二）,
73,能開竅醒腦，且可治咽喉腫痛及口瘡，下列何者最適宜？ (A)石菖蒲 (B)蘇合香 (C)冰片 (D)乳香,C,114-中醫基礎醫學（二）,
74,性味：辛、苦，溫。具驅蟲、健胃、利尿消腫之功效，下列何藥物最適宜？ (A)鴉膽子 (B)苦楝皮 (C)檳榔 (D)蕪荑,C,114-中醫基礎醫學（二）,
75,具澀腸止瀉、止血、驅蟲之功能，浸水時其汁黑如墨，下列何藥物最適宜？ (A)禹餘糧 (B)訶子 (C)椿皮 (D)石榴皮,D,114-中醫基礎醫學（二）,
76,下列何藥除了具有消食化積的功效，亦可搭配當歸、川芎、益母草等藥應用於產後瘀阻腹痛，惡露 不盡或血滯痛經，有活血散瘀的功效？ (A)山楂 (B)神麯 (C)麥芽 (D)雞內金,A,114-中醫基礎醫學（二）,
77,有關桑螵蛸和海螵蛸，下列何者最不適宜？ (A)兩者均有固澀作用，常用於遺尿、尿頻 (B)前者可用於腎虛陽衰的遺精、滑精 (C)後者可用於胃痛吐酸 (D)兩者均不適用於陰虛有熱者,A,114-中醫基礎醫學（二）,
78,雄黃之主治，下列何者最適宜？ (A)血虛眩運 (B)噎膈癥瘕 (C)驚癇痰涎 (D)陽盛陰虧,C,114-中醫基礎醫學（二）,
79,有關鹿茸及相關藥材的敘述，下列何者最不適宜？ (A)鹿角膠為鹿角熬膏後所存殘渣 (B)功效為壯腎陽，益精血，強筋骨，調衝任，托瘡毒 (C)可用於瘡瘍久潰不斂、陰疽內陷不起等證 (D)不宜驟用大量，以免陽升風動，頭暈目赤或傷陰動血,A,114-中醫基礎醫學（二）,
80,下列敘述，何者最不適宜？ (A)蘇合香為金縷梅科植物蘇合香樹的心材 (B)降香有散瘀、止血、定痛之功 (C)甘松香能芳香健胃、開鬱醒脾 (D)丁香為溫中降逆之要藥,A,114-中醫基礎醫學（二）,
1,關於王叔和的學術貢獻，下列敘述何者錯誤？ (A)脈學專著有《脈經》一書 (B)確立了28種脈象名稱 (C)首列「脈形指下秘訣」 (D)重訂編次張仲景的《傷寒雜病論》,B,114-中醫基礎醫學（一）,
2,關於早期原始醫藥衛生保健之敘述，下列何者最不恰當？ (A)火的使用與發明，擴大食物的來源與種類，可對食物進行初步的消毒滅菌 (B)新石器時代河姆渡文化，由巢居發展成杆欄式居住結構，以適應南方炎熱潮濕的環境 (C)河姆渡遺址發現了樟科植物的葉片堆積，說明當時可能已經利用樟科植物藥驅蟲防病 (D)東漢畫石像「扁鵲行醫圖」，半人半鳥的形象，是源自原始時代南方的鳥圖騰崇拜,D,114-中醫基礎醫學（一）,
3,下列關於中醫對解剖學的認識發展，何者錯誤？ (A)中國古代醫家很早就進行過人體解剖，《內經》、《難經》已有關於人體解剖的記錄 (B)北宋歐希範所繪《五臟圖》，該書主要是人體內臟的圖譜，也有記述一些病理解剖內容 (C)北宋楊介所著的《存真圖》，原書清代後失傳，但部分圖譜保留在後世有關文獻中 (D)明代高武的《針灸聚英》，楊繼洲的《針灸大成》等都轉述或引用了《存真圖》的材料,B,114-中醫基礎醫學（一）,
4,元代杜本撰寫下列那一本舌診專書？ (A)《診家樞要》 (B)《敖氏傷寒金鏡錄》 (C)《元機啟微》 (D)《南陽活人書》,B,114-中醫基礎醫學（一）,
5,下列醫家著作中，那本書創製了表示脈搏跳動現象的脈圖，以圖示脈，別開生面？ (A)李時珍《瀕湖脈學》 (B)施發《察病指南》 (C)滑壽《診家樞要》 (D)周學海《重訂診家直訣》,B,114-中醫基礎醫學（一）,
6,關於明末清初時中醫學特色之敘述，下列何者最不適當？ (A)醫學主張復古 (B)受考證學影響 (C)運用演繹法研究 (D)傷寒溫熱之辨,C,114-中醫基礎醫學（一）,
7,有關清代初期太醫院設立之醫學分科，下列何者錯誤？ (A)瘡瘍 (B)按摩 (C)正骨 (D)小方脈,B,114-中醫基礎醫學（一）,
8,下列何者不是唐宗海之著作？ (A)《血證論》 (B)《本草問答》 (C)《金匱要略淺注》 (D)《中西匯通．醫經精義》,C,114-中醫基礎醫學（一）,
9,清末民初，對中西醫匯通有許多創見且著有《群經見智錄》一書者，為下列何者？ (A)唐宗海 (B)朱沛文 (C)張錫純 (D)惲鐵樵,D,114-中醫基礎醫學（一）,
10,依《素問．四氣調神大論》所記載的四時養生方法，逆之則會傷身，下列敘述何者錯誤？ (A)春：逆之則傷肝，夏為寒變，奉長者少 (B)夏：逆之則傷心，秋為臃腫，奉收者少 (C)秋：逆之則傷肺，冬為飱泄，奉藏者少 (D)冬：逆之則傷腎，春為痿厥，奉生者少,B,114-中醫基礎醫學（一）,
11,《內經》中記載，歲水太過，寒氣流行，邪害心火。根據五行生剋關係，應為下列何者？ (A)相生 (B)相剋 (C)相殺 (D)相侮,B,114-中醫基礎醫學（一）,
12,有關五行之間乘侮之論述，下列何者最不適當？ (A)「土虛木乘」是指木對土的制約雖在正常狀態，但土仍難以承受而更虛弱 (B)五行之間相乘的概念，可見於《內經》的運氣學說 (C)「金反侮木 」是指木過於亢盛，金反而被木所剋制 (D)在發生「相乘」時，亦可同時發生「相侮」的現象,C,114-中醫基礎醫學（一）,
13,有關五行學說指導治療方法的敘述，下列何者最不適當？ (A)虛則補其母，如肝血不足，在補肝之外，還可用補脾的方法 (B)實則瀉其子，如肝陽上亢，還可用瀉心火的方法 (C)金水相生法，是指通過治肺以達到補腎的目的 (D)木火刑金之證在瀉木補金之外，還可採用瀉南補北法,A,114-中醫基礎醫學（一）,
14,依據《素問．四氣調神大論》之敘述，「道者，聖人行之，愚者佩之。從陰陽則生，逆之則死；從 之則治，逆之則亂」。「反順為逆」，是謂下列何者？ (A)內奪 (B)內伐 (C)內䐜 (D)內格,D,114-中醫基礎醫學（一）,
15,依《素問．四氣調神大論》，四季的陰陽是萬物終始之本，而秋季對應大自然消長規律中的何階 段？ (A)長 (B)收 (C)藏 (D)生,B,114-中醫基礎醫學（一）,
16,依《素問．四氣調神大論》，春天的日夜生活作息應當遵循下列何者？ (A)早臥晚起 (B)早臥早起 (C)夜臥晚起 (D)夜臥早起,D,114-中醫基礎醫學（一）,
17,依《靈樞．海論》，論述四海虛實證候，下列何者錯誤？ (A)氣海有餘者，氣滿胸中，悗息面赤 (B)血海有餘，則常想其身大，怫然不知其所病 (C)水穀之海有餘，則腹滿 (D)髓海有餘，則腦轉耳鳴,D,114-中醫基礎醫學（一）,
18,陳小姐時常食飲不節，生活作息不定時，容易腹脹、噯氣。依《素問．太陰陽明論》：「太陰、陽 明為表裡，脾胃脈也，生病而異者何也？」推論陳小姐的病因病機，下列何者錯誤？ (A)食飲不節，起居不時者，陰受之 (B)陽受風氣，陰受濕氣 (C)陰病者，下行極而上 (D)傷於濕者，上先受之,D,114-中醫基礎醫學（一）,
19,依《素問．陰陽應象大論》之內容，下列敘述何者錯誤？ (A)怒傷肝 (B)風傷筋 (C)酸傷筋 (D)恐傷肝,D,114-中醫基礎醫學（一）,
20,關於中醫藏象之描述，下列何者最不適宜？ (A)肝主藏血和疏泄 (B)肺主宣發和升清 (C)腎主生長和納氣 (D)脾主統血和運化,B,114-中醫基礎醫學（一）,
21,王先生，60歲，今年起常自覺疲倦好臥，情緒憂悲。依《靈樞．天年》之敘述，屬於何種生理特 點？ (A)心氣始衰 (B)肺氣始衰 (C)脾氣始衰 (D)肝氣始衰,A,114-中醫基礎醫學（一）,
22,依《靈樞．本輸》，關於六府之敘述何者錯誤？ (A)三焦者，無形之府 (B)膽者，中精之府 (C)膀胱者，津液之府 (D)大腸者，傳道之府,A,114-中醫基礎醫學（一）,
23,陳奶奶年長後漸有夜間不眠、日間疲勞問題。依《靈樞．營衛生會》敘述，下列解釋何者最適當？ (A)火盛上炎 (B)痰熱內擾 (C)營氣衰少 (D)胃氣不和,C,114-中醫基礎醫學（一）,
24,膽之藏象及其功能，下列何者錯誤？ (A)十一臟皆取決於膽 (B)中正之宫，決斷出焉 (C)甲木膽，乙木肝 (D)體陰用陽,D,114-中醫基礎醫學（一）,
25,關於脾胃之藏象，下列敘述何者錯誤？ (A)脾主升，胃主降 (B)脾喜濕，胃喜燥 (C)脾為陰土，胃為陽土 (D)脾主運化，胃主受納,B,114-中醫基礎醫學（一）,
26,中醫藏象理論中「主津」的臟腑，下列何者最正確？ (A)大腸 (B)小腸 (C)膀胱 (D)胃,A,114-中醫基礎醫學（一）,
27,依《靈樞．邪客》，「五臟六腑之大主」是指下列何者？ (A)肝 (B)心 (C)脾 (D)腎,B,114-中醫基礎醫學（一）,
28,中醫理論中，灌注於骨節、臟腑、腦髓的基本物質為下列何者？ (A)營 (B)津 (C)液 (D)血,C,114-中醫基礎醫學（一）,
29,中醫基礎理論中，五臟具有的共同特點，下列敘述何者錯誤？ (A)實而不能滿 (B)藏精氣而不瀉 (C)多為實質性臟器 (D)病久多虛證,A,114-中醫基礎醫學（一）,
30,圍棋高手的養成，與下列那項臟腑的精氣功能最無相關？ (A)心 (B)脾 (C)膽 (D)三焦,D,114-中醫基礎醫學（一）,
31,患者出現肌肉或身體不自主的震顫，例如巴金森氏症的手足震顫。其病機與下列何者最相關？ (A)肝氣鬱滯 (B)肝風內動 (C)肝脾不和 (D)脾不運化,B,114-中醫基礎醫學（一）,
32,下列何者臟腑中的精氣不足，則攝納無力，在臨床上會表現呼吸短淺？ (A)肝 (B)心 (C)肺 (D)腎,D,114-中醫基礎醫學（一）,
33,依《靈樞．經脈》所述，下列何者不是肺手太陰之脈是動所生病的內容？ (A)氣盛有餘，則小便數而欠 (B)寒則溺色變 (C)是動則肺脹滿，喘咳 (D)所生則鼽涕，痰濁,D,114-中醫基礎醫學（一）,
34,依《靈樞．經脈》所言的經脈氣絕及其死期，下列敘述何者最適宜？ (A)陰經氣絕的死期，皆以五行相生推論而得 (B)五陰俱絕死在旦夕之間，六陽俱絕死在一日半之內 (C)手少陰氣絕，其面黑如漆柴 (D)足厥陰氣絕，故齒長而垢，髮無澤,C,114-中醫基礎醫學（一）,
35,依《靈樞．經脈》對於經脈所生病之描述，下列何條經脈「主脈所生病者」？ (A)心經 (B)肺經 (C)心包經 (D)腎經,C,114-中醫基礎醫學（一）,
36,依《難經．七十三難》陰經諸井者，肌肉淺薄，氣少，不足使也，下列敘述何者正確？ (A)補井者，當補滎穴 (B)補井者，當補俞穴 (C)補井者，當補合穴 (D)補井者，當補經穴,C,114-中醫基礎醫學（一）,
37,依據《難經．七十九難》所述子母迎隨法則，對於肝足厥陰經病症之治療，下列敘述何者正確？ (A)實瀉子穴為迎，用曲泉穴。虛補母穴為隨，用行間穴 (B)實瀉子穴為迎，用行間穴。虛補母穴為隨，用曲泉穴 (C)實瀉母穴為迎，用曲泉穴。虛補母穴為隨，用行間穴 (D)實瀉母穴為迎，用行間穴。虛補母穴為隨，用曲泉穴,B,114-中醫基礎醫學（一）,
38,依《難經．六十六難》，有關五臟六腑原穴之敘述，下列何者正確？ (A)心之原，出於少海 (B)肝之原，出於中衝 (C)腎之原，出於太谿 (D)少陰之原，出於湧泉,C,114-中醫基礎醫學（一）,
39,關於膽足少陽之脈，下列所生病之症狀敘述何者錯誤？ (A)頭痛頷痛，目銳眥痛 (B)缺盆中腫痛，腋下腫 (C)馬刀俠癭，汗出振寒，瘧 (D)胸背髀膝內至脛絕骨內踝前及諸節皆痛,D,114-中醫基礎醫學（一）,
40,依《靈樞．經脈》，「起於大指之端，循指內側白肉際，過核骨後，上內踝前廉，上腨內，循脛骨 後，交出厥陰之前，上膝股內前廉」，為下列那一經脈之循行路徑？ (A)足太陰脾經 (B)足厥陰肝經 (C)足陽明胃經 (D)足少陽膽經,A,114-中醫基礎醫學（一）,
41,關於膽足少陽之脈循行路徑，下列敘述何者錯誤？ (A)起於目內眥，上抵頭角 (B)下耳後，循頸手少陽之前 (C)至肩上，卻交出手少陽之後 (D)其直者，從缺盆下腋,A,114-中醫基礎醫學（一）,
42,有關肝足厥陰之脈循行路徑，下列敘述何者錯誤？ (A)起於大趾叢毛之際，上循足跗上廉，去內踝一寸，上踝八寸 (B)交出少陰之後，上膕後廉，循陰股入毛中，過陰器，抵下腹 (C)挾胃屬肝絡膽，上貫膈，布脅肋，循喉嚨之後，上入頏顙，連目系，上出額 (D)其支者，從目系下頰裏，環唇內；其支者，復從肝，別貫膈，上注肺,B,114-中醫基礎醫學（一）,
43,十二經脈中，下列何者為手三陰循行在手臂前路之經脈？ (A)肺經 (B)心經 (C)心包經 (D)三焦經,A,114-中醫基礎醫學（一）,
44,依《靈樞．經脈》，下列何者經脈循行沒有經過「缺盆」？ (A)手少陽三焦經 (B)手太陽小腸經 (C)手陽明大腸經 (D)手少陰心經,D,114-中醫基礎醫學（一）,
45,根據《難經．二十八難》陽蹻脈者，起於跟中，循外踝上行，入於何處？ (A)風府 (B)風池 (C)風市 (D)風門,B,114-中醫基礎醫學（一）,
46,依《難經．二十八難》，下列何者至咽喉，交貫衝脈？ (A)帶脈 (B)陰蹻脈 (C)陰維脈 (D)任脈,B,114-中醫基礎醫學（一）,
47,依《靈樞．經脈》，十二經之是主病各有不同，下列敘述何者錯誤？ (A)手陽明大腸經是主津液所生病者 (B)手少陽三焦經是主氣所生病者 (C)足陽明胃經是主血所生病者 (D)足少陽膽經是主筋所生病者,D,114-中醫基礎醫學（一）,
48,依據《靈樞．經筋》的敘述，足少陽經筋起於下列何處？ (A)中三趾 (B)大趾次趾 (C)足小趾 (D)小趾次趾,D,114-中醫基礎醫學（一）,
49,《素問．至真要大論》中提到，帝曰：「病生於本，余知之矣。生於標者，治之奈何？岐伯曰：病 反其本，得標之病，治反其本，得標之方。帝曰：其脈至何如？」下列關於六氣與脈象的敘述何者 錯誤？ (A)陽明之至短而澀 (B)少陰之至其脈鉤 (C)太陽之至其脈濡 (D)太陰之至其脈沉,C,114-中醫基礎醫學（一）,
50,依《素問．生氣通天論》所載，飲食的偏差會引起臟腑功能失調，下列敘述何者錯誤？ (A)味過於甘，心氣喘滿，色黑腎氣不衡 (B)味過於辛，大骨氣勞，短肌，心氣抑 (C)味過於苦，脾氣不濡，胃氣乃厚 (D)味過於酸，肝氣以津，脾氣乃絕,B,114-中醫基礎醫學（一）,
51,依《素問．至真要大論》對病因病機的描述，下列何者正確？ (A)諸風掉眩，皆屬於腎 (B)諸痙項強，皆屬於濕 (C)諸寒收引，皆屬於肝 (D)諸嘔吐酸，暴注下迫，皆屬於寒,B,114-中醫基礎醫學（一）,
52,依《素問．五藏生成論》論述「徇蒙招尤，目冥耳聾」，應屬下列何者病證？ (A)下虛上實，過在足少陰、巨陽，甚則內傳腎 (B)下實上虛，過在足少陰、少陽，甚則內傳腎 (C)下實上虛，過在足少陽、厥陰，甚則內傳肝 (D)下虛上實，過在足少陽、少陰，甚則內傳肝,C,114-中醫基礎醫學（一）,
53,依《難經．五十七難》關於大瘕泄之內容，下列敘述何者正確？ (A)裡急後重，數至圊而不能便 (B)食已窘迫，大便色白，腸鳴切痛 (C)溲而便膿血，少腹痛 (D)腹脹滿，泄注，食即嘔吐逆,A,114-中醫基礎醫學（一）,
54,在《靈樞．百變始生》論述虛邪中人的一般傳變規律，下列敘述何者錯誤？ (A)始於皮膚 (B)在絡，留而不去，則傳舍於經 (C)在經，留而不去，則傳舍於腸胃 (D)在輸，留而不去，則傳舍於伏衝之脈,C,114-中醫基礎醫學（一）,
55,辛丑年依五運六氣學說及《素問．天元紀大論》的定義，該年的大運為何？ (A)火 (B)土 (C)金 (D)水,D,114-中醫基礎醫學（一）,
56,承上題，辛丑年的氣候對疾病的影響，依《素問．氣交變大論》的描述，下列何者錯誤？ (A)氣候易變冷變寒為特點，疾病應以腎系病症為多 (B)氣候易變燥變乾，疾病應以肺系病症為多 (C)氣候應考慮濕的特殊變化，亦應考慮脾胃系病症 (D)氣候亦需考慮復氣異常，風亦為其主要變化，也需考慮肝系病症,B,114-中醫基礎醫學（一）,
57,依《醫學入門》，燥邪分內外因，下列何者為燥邪之外因？ (A)金石燥血 (B)飢飽勞逸損胃 (C)大便不利 (D)時值陽明燥令,D,114-中醫基礎醫學（一）,
58,七情是重要的病因之一，對於身體氣機的影響很大，下列相關敘述何者錯誤？ (A)怒則氣下 (B)喜則氣緩 (C)驚則氣亂 (D)思則氣結,A,114-中醫基礎醫學（一）,
59,下列症狀有幾項，一般認為是屬於「精氣奪則虛」的臨床表現？①心悸氣短 ②腹痛拒按 ③二便 不通 ④壯熱 ⑤神思恍惚 ⑥聲高氣粗 ⑦自汗盜汗 (A)3 (B)4 (C)5 (D)6,A,114-中醫基礎醫學（一）,
60,依《靈樞．百病始生》，有關病因發病規律之敘述，下列何者正確？ (A)夫百病之始生也，皆生於風雨寒暑，清濕喜怒 (B)喜怒不節則傷腑 (C)風雨則傷下 (D)清濕則傷上,A,114-中醫基礎醫學（一）,
61,依《靈樞．百病始生》，有關疾病發生的敘述，下列何者錯誤？ (A)風雨寒熱，不得虛，邪不能獨傷人 (B)卒逢急風暴雨而不病者，蓋無虛 (C)兩虛相得，乃客其形 (D)兩虛相逢，眾人肉堅,D,114-中醫基礎醫學（一）,
62,依據中醫基本理論，關於「傷津化燥」的敘述，下列何者正確？ (A)諸澀枯涸，乾勁皺揭 (B)諸熱暓瘛，皆屬於燥 (C)小腸為燥金之腑，而主液 (D)津傷化燥，日久必及於脾,A,114-中醫基礎醫學（一）,
63,久坐少動與瘀血停滯均可出現的病理變化，下列何者最正確？ (A)氣機不暢 (B)陰氣不振 (C)寒氣收引 (D)蒙蔽心神,A,114-中醫基礎醫學（一）,
64,陳先生在喜宴後，隔日出現脘腹脹滿疼痛拒按、胸膈痞悶、噯腐犯酸、噫敗卵臭、惡食、吐瀉等症 狀，其病因以下列何者最正確？ (A)飲食積滯 (B)胃熱熾盛 (C)脾熱胃寒 (D)肝鬱脾虛,A,114-中醫基礎醫學（一）,
65,依《靈樞．周痹》有關「眾痹」的論述，下列何者最不適宜？ (A)邪在血脈 (B)更發更止 (C)更居更起 (D)左右相應,A,114-中醫基礎醫學（一）,
66,《靈樞．玉版》中有關癰疽採用大針治療而導致逆證的敘述，下列何者最不適宜？ (A)內藥而嘔 (B)腹痛渴甚 (C)肩項中不便 (D)白眼黃疸,D,114-中醫基礎醫學（一）,
67,依《難經．五十六難》所論肺之積久不癒，會發生下列何病症？ (A)四肢不收，發黃疸，飲食不為肌膚 (B)洒淅惡寒，喘咳 (C)喘逆，骨痿少氣 (D)發咳逆，病瘧，連歲不已,B,114-中醫基礎醫學（一）,
68,依《難經．五十三難》與《難經．五十四難》之內容，關於其臟病、腑病及其傳變所述，下列何者 錯誤？ (A)臟病難治 (B)腑病易治 (C)肝病傳脾者生 (D)肺病傳腎者生,C,114-中醫基礎醫學（一）,
69,依《難經．六十難》論述真心痛的症狀，不包括下列何者？ (A)其痛甚，但在心 (B)痛連腦 (C)旦發夕死 (D)痛時手足青,B,114-中醫基礎醫學（一）,
70,35歲王先生感冒後久咳不癒，近日胸悶心悸，呼吸喘促，爬樓梯加劇，下肢浮腫。住院期間出現喘 促加重，夜間不能平臥，乏力。中醫診後發現活動後仍喘，進食後腹脹，腹脹側臥即覺喘悶，排便 不成形，舌質暗邊尖略紅，苔白膩，脈沉大澀。依據《靈樞．脹論》，下列敘述何者最為錯誤？ (A)本病屬於「心消」的範疇 (B)本病針刺應以瀉法為原則 (C)厥氣在下，營衛留止，寒氣逆上，真邪相攻，兩氣相搏是本病發病的基礎 (D)本病患症狀及脈象表現，應是氣血虧虛、外邪侵襲、氣血瘀滯所導致,A,114-中醫基礎醫學（一）,
71,依《素問．痹論》之內容，關於痹症的敘述，下列何者最不適當？ (A)其入藏者死 (B)其流連筋骨間者疼久 (C)其留皮膚間者易已 (D)客於五藏者，其食飲居處為其病本也,D,114-中醫基礎醫學（一）,
72,根據《素問．痹論》，有關「痹客於五臟」，下列敘述何者正確？ (A)腎痹者，善脹，尻以代踵，脊以代頭 (B)脾痹者，嗌乾，善噫嘔逆，時發飧泄 (C)肺痹者，時悲，上為清涕，暴上氣而喘 (D)心痹者，多汗，夜臥則驚，煩滿心悸,A,114-中醫基礎醫學（一）,
73,依《素問．水熱穴論》，有關水腫之敘述，下列何者正確？ (A)水之病因本在腎，其末在脾，土不克水，水行四末 (B)腎者，胃之關，關門不利，故聚水溢於皮膚，故胕腫 (C)風水，為汗出逢於風，客於玄府，行於肉裡，傳為胕腫 (D)外不得越於皮膚，內不得入於臟腑，客於厥陰，傳為水腫,B,114-中醫基礎醫學（一）,
74,根據《素問．痹論》，有關「痹症」之病機，下列敘述何者正確？ (A)風氣勝者，其人易已 (B)不痛不仁者，病初入淺 (C)其留於皮膚間者疼久 (D)其入腑者由六經滎穴而入,A,114-中醫基礎醫學（一）,
75,患者身無大熱，經常自汗出。依據柯琴《傷寒來蘇集》之敘述，此無熱身自汗病證之營衛關係，下 列何者最正確？ (A)營氣本弱，衛氣不固 (B)營氣本足，衛氣而固 (C)營氣本足，衛氣不固 (D)營氣本弱，衛氣而固,C,114-中醫基礎醫學（一）,
76,患者感冒初期出現畏寒鼻塞清涕，並在疾病發展過程中，陸續有發燒、煩渴、咳嗽痰黃等症狀。從 基本的陰陽概念而言，下列何者最正確？ (A)陰陽對立制約 (B)陰陽互根互用 (C)陰陽消長平衡 (D)陰陽互相轉化,D,114-中醫基礎醫學（一）,
77,關於《靈樞．癲狂》：「暴四肢腫，身漯漯，唏然時寒，飢則煩，飽則善變」，下列病因病機之敘 述，何者最正確？ (A)寒邪外襲，厥氣上逆 (B)熱邪外擾，厥氣上逆 (C)風感於外，厥氣內逆 (D)濕邪侵襲，厥氣內逆,C,114-中醫基礎醫學（一）,
78,依據《素問．評熱病論》之內容，患者感受風溫之邪，發熱，服藥治療後，當觀察到下列何種症狀 表示病情並未好轉，醫者當更加留意？ (A)汗出，熱退 (B)汗出，食復 (C)汗出，少言 (D)汗出，脈躁盛,D,114-中醫基礎醫學（一）,
79,依據《素問．風論》所述：「風氣與陽明入胃，……；人瘦則為寒中」。寒中患者會出現下列何種 症狀？ (A)目黃 (B)泣出 (C)息賁 (D)薄厥,B,114-中醫基礎醫學（一）,
80,依據《素問．痿論》，痿躄之成因，為傷及下列何臟腑？ (A)脾臟 (B)胃腑 (C)肺臟 (D)膽腑,C,114-中醫基礎醫學（一）,
1,下列有關《金匱要略》三物備急丸之敘述，何者正確？ (A)組成為大黃、貝母、桔梗 (B)主治卒然心腹脹痛，痛如錐刺，氣急口噤，大便不通 (C)可治寒與痰水互結上中二焦之寒實結胸之證 (D)其名「備急」者，乃三藥可通便之急也,B,114-中醫基礎醫學（二）,
2,依原立方者之敘述，判斷下列解表劑之煎煮法及將息法何者正確？ (A)《傷寒論》桂枝湯煎煮時，香氣大出即取服，勿過煮 (B)《傷寒論》麻黃杏仁甘草石膏湯，以水七升，煮麻黃去上沫，內諸藥，煮取二升，去滓，冷服一升 (C)《溫病條辨》銀翹散服後，須多飲暖水，汗出則癒 (D)《傷寒論》麻黃湯，服後，須溫覆取汗，但不須啜熱稀粥,D,114-中醫基礎醫學（二）,
3,30歲女性，於清明時節，至門診就診，主訴為咳嗽一日，伴見輕微身熱、口微渴，苔薄白，脈浮 數。下列敘述何者最不適宜？ (A)此證候為外感風熱 (B)治法上宜用辛涼解表 (C)因邪在肺衛，故處方銀翹散較處方桑菊飲為合適 (D)若咳嗽痰稠而黃，可酌加貝母、瓜蔞,C,114-中醫基礎醫學（二）,
4,關於方劑學作者與其著作，下列何者最不適宜？ (A)孫思邈《備急千金要方》 (B)陳修園《長沙方歌括》 (C)吳謙《湯頭歌訣》 (D)汪昂《醫方集解》,C,114-中醫基礎醫學（二）,
5,下列各方的功用，何者錯誤？ (A)《和劑局方》三拗湯：宣肺解表 (B)《傷寒論》大青龍湯：發汗解表，清熱除煩 (C)《金匱要略》麻黃加朮湯：發汗解表，散寒祛濕 (D)《金匱要略》越婢湯：辛涼宣泄，清肺平喘,D,114-中醫基礎醫學（二）,
6,有關《景岳全書》濟川煎之敘述，下列何者最適宜？ (A)大黃苦寒瀉熱，攻積通便為方中佐藥 (B)麻子仁滋脾潤腸，潤燥通便，為方中臣藥 (C)鎖陽溫腎益精，潤腸通便，為方中君藥 (D)枳殼寬腸下氣，與升麻配伍，能升清陽、降濁陰而通大便,D,114-中醫基礎醫學（二）,
7,關於《景岳全書》泰山磐石散之敘述，下列那些正確？①能益氣健脾，養血安胎 ②白朮、黃芩相 配能健脾清熱安胎 ③茯苓能寧心安胎 ④續斷能補益肝腎 ⑤肉桂助陽氣固胎元 (A)①②③ (B)①②④ (C)①③⑤ (D)②③④,B,114-中醫基礎醫學（二）,
8,下列方劑何者最不適宜治療遺精？ (A)《柳州醫話》一貫煎 (B)《醫方集解》二至丸 (C)《丹溪心法》大補陰丸 (D)《小兒藥證直訣》六味地黃丸,A,114-中醫基礎醫學（二）,
9,關於《醫方集解》七寶美髯丹之敘述，下列何者正確？①治肝腎不足，鬚髮早白 ②治齒牙動搖， 夢遺滑精 ③何首烏、熟地補腎養血固精 ④當歸與首烏、白芍、菟絲子並進，可補肝腎，益精血 而烏鬚髮 ⑤補骨脂溫補腎陽 (A)①②③ (B)①②⑤ (C)②③④ (D)③④⑤,B,114-中醫基礎醫學（二）,
10,58歲女性，患咳喘病5年以上，被診斷有支氣管擴張症，咳嗽痰多色黃濃稠，有時咳血，稍有勞動 則咳喘加重；近1個月較勞累，咳喘增劇，常覺胸中煩熱。望之身體消瘦，舌紫暗，苔薄黃膩，按 診脈浮無力。上述病證以下列何方治療最適宜？ (A)《衛生寶鑑》人參蛤蚧散 (B)《攝生眾妙方》定喘湯 (C)《慎齋遺書》百合固金湯 (D)《丹溪心法》大補陰丸,A,114-中醫基礎醫學（二）,
11,有關《和劑局方》四君子湯之敘述，下列何者最適宜？ (A)其組成藥物，以君藥人參劑量最大 (B)本方加半夏即為《小兒藥證直訣》異功散 (C)本方加藿香、砂仁、木香即為《小兒藥證直訣》七味白朮散 (D)依《醫方集解》，本方加黃耆、山藥，亦名：六君子湯,D,114-中醫基礎醫學（二）,
12,關於《慎齋遺書》百合固金湯之敘述，下列何者最不適宜？ (A)本方適用於咳痰帶血、咽喉燥痛，舌紅少苔，脈細數 (B)若喘咳甚者：加杏仁、款冬花、五味子 (C)本方主治肺腎陰虧、虛火上炎證 (D)本方與《統旨方》清金化痰丸的共同藥物組成有5項,D,114-中醫基礎醫學（二）,
13,下列藥物中有幾項為《景岳全書》右歸丸之組成？①當歸 ②菟絲子 ③龜板膠 ④鹿角膠 (A)1 (B)2 (C)3 (D)4,C,114-中醫基礎醫學（二）,
14,依方劑學教材與典籍內容所述，處方生附子五錢、乾薑三錢、炙甘草二錢，宜如何稱呼最恰當？ (A)《傷寒論》四逆湯 (B)《傷寒論》通脈四逆湯 (C)《傷寒論》白通湯 (D)《傷寒六書》回陽救急湯,B,114-中醫基礎醫學（二）,
15,《太平惠民和劑局方》黑錫丹的組成中，不含以下那一味中藥？ (A)肉豆蔻 (B)荔枝核 (C)沉香 (D)川楝子,B,114-中醫基礎醫學（二）,
16,下列那一組藥物不是《通俗傷寒論》蒿芩清膽湯的組成？ (A)竹茹、半夏 (B)廣皮、枳殼 (C)青黛、滑石、甘草 (D)柴胡、山梔,D,114-中醫基礎醫學（二）,
17,24歲楊小姐來診時，主訴月經先後不定期，乳房脹，右脇肋痛，口苦，咽乾，診之脈細弦無力。治 療處方以下列何者最適宜？ (A)柴胡、枳實、炒白芍、炙甘草 (B)柴胡、枳殼、炒白芍、陳皮、川芎、香附、炙甘草 (C)柴胡、茯苓、炒白芍、當歸、炒白朮、生薑、薄荷、炙甘草 (D)柴胡、炒白朮、炒白芍、廣陳皮、香附、炙甘草,C,114-中醫基礎醫學（二）,
18,下列那一個方劑的組成是以《傷寒論》小柴胡湯去柴胡、生薑，加黃連、乾薑而成？ (A)《傷寒論》半夏瀉心湯 (B)《傷寒論》黃連湯 (C)《傷寒論》甘草瀉心湯 (D)《金匱要略》瀉心湯,A,114-中醫基礎醫學（二）,
19,《丹溪心法》固經丸之組成，下列何者正確？①龜板、黃柏 ②椿根皮、白芍 ③木香、地黃 (A)僅①② (B)僅①③ (C)僅②③ (D)①②③,A,114-中醫基礎醫學（二）,
20,關於《溫病條辨》安宮牛黃丸、《太平惠民和劑局方》至寶丹、《太平惠民和劑局方》蘇合香丸之 比較，下列何者最不適宜？ (A)皆有冰片 (B)皆有雄黃 (C)皆有麝香 (D)蘇合香丸為溫開，其餘為涼開,B,114-中醫基礎醫學（二）,
21,關於《景岳全書》柴胡疏肝散之敘述，下列何者錯誤？ (A)木香、陳皮，理氣行滯 (B)柴胡為主藥，疏肝理氣 (C)白芍、甘草二藥配伍，養血柔肝，緩急止痛 (D)香附、川芎二藥配伍，行氣止痛,A,114-中醫基礎醫學（二）,
22,《金匱要略》橘皮竹茹湯、《症因脈治》丁香柿蒂散、《傷寒論》旋覆代赭石湯等方劑之比較，下 列何者最不適宜？ (A)皆有胃氣虛之證 (B)皆有胃失和降之病機 (C)清胃熱可用橘皮竹茹湯 (D)溫胃散寒降逆可用丁香柿蒂散、旋覆代赭石湯,D,114-中醫基礎醫學（二）,
23,《醫林改錯》血府逐瘀湯與《醫學發明》復元活血湯之比較，下列何者正確？ (A)二者皆含柴胡、當歸 (B)二者皆含桃仁、紅花、桔梗 (C)復元活血湯以桔梗、枳殼配伍一升一降，開胸行氣，加速瘀血消散 (D)血府逐瘀湯以桃仁、紅花、瓜蔞活血化痰止痛,A,114-中醫基礎醫學（二）,
24,22歲女性患者，日前因至餐廳吃到飽，冷飲多喝幾杯後，上腹脹疼痛；經過休息後仍上腹脹滿痛， 吃不下，無打嗝，欲嘔無，四肢重倦，口不渴，苔白膩、舌淡紅，脈沉弦。下列何處方治療最適 宜？ (A)半夏、生薑、黃芩、黃連、甘草、大棗、人參 (B)厚朴、陳皮、茯苓、草豆蔻、木香、乾薑、炙甘草 (C)柴胡、半夏、生薑、黃芩、人參、甘草、大棗 (D)烏藥、沉香、檳榔、人參、香附,B,114-中醫基礎醫學（二）,
25,《良方集腋》良附丸和《內外傷辨惑論》厚朴溫中湯皆常用於脾胃偏寒的腹痛證，下列敘述何者最 適宜？ (A)厚朴溫中湯中以草豆蔻、木香行氣燥濕以治療脾胃寒濕證 (B)良附丸使用附子溫中暖胃止痛 (C)厚朴溫中湯中的乾薑以酒洗加強其散寒之作用 (D)高良薑與乾薑屬於不同科的植物,A,114-中醫基礎醫學（二）,
26,《攝生秘剖》天王補心丹組方之主（君）藥為何？ (A)人參 (B)生地黃 (C)天門冬 (D)酸棗仁,B,114-中醫基礎醫學（二）,
27,關於治風劑，下列組成分析何者錯誤？ (A)川芎茶調散為疏散外風之方劑，主治外受風邪之頭痛，以川芎、白芷、羌活為主要藥物 (B)雖然都可能會有肢體不利或是面部口眼歪斜，內風導致可用牽正散、大秦艽湯；外風導致可用鎮肝 息風湯、天麻鉤藤飲 (C)大定風珠用於熱病後期，陰液虧虛導致動風，故以滋陰藥為主要組成 (D)鎮肝息風湯其中代赭石、龍骨、龜板皆用生品，不用煅品，期使潛陽力較強,B,114-中醫基礎醫學（二）,
28,關於《溫病條辨》杏蘇散與《太平惠民和劑局方》參蘇飲之比較，下列敘述何者錯誤？ (A)參蘇飲去人參、葛根、木香加杏仁即與杏蘇散組成相同 (B)杏蘇散的功用為清宣涼燥，宣肺化痰；參蘇飲功用為益氣解表，祛痰止咳 (C)兩方均能宣肺解表，但杏蘇散可滋潤肺腎之陰；而參蘇飲則可健脾益氣 (D)杏蘇散中的蘇葉、前胡有解表散邪，微發其汗的作用；參蘇飲中的人參有益氣扶正的作用,C,114-中醫基礎醫學（二）,
29,下列文獻節錄自汪昂《醫方集解》：「此足太陰藥也。脾虛故以白朮、苓、草補之；脾寒故以薑、 附、草蔻溫之；脾濕故以大腹、茯苓利之；脾滿故以木香、厚朴導之。木香行氣、平肝、實腸，厚 朴散滿、行水、平胃。然土之不足，由於木之有餘，木瓜酸溫，能於土中瀉木，兼能行水，與木香 同為平肝之品，使木不剋土而肝和，則土能制水。」，請利用方劑學知識，判斷其所敘述之方劑為 何方？ (A)《證治準繩》雞鳴散 (B)《內外傷辨惑論》厚朴溫中湯 (C)《重訂嚴氏濟生方》實脾散 (D)《丹溪心法》胃苓湯,C,114-中醫基礎醫學（二）,
30,有關《太平惠民和劑局方》平胃散的敘述，下列何者錯誤？ (A)《丹溪心法》將本方與五苓散合方，稱之「胃苓湯」 (B)《景岳全書》將本方與小柴胡湯合方，稱之「柴平湯」 (C)《太平惠民和劑局方》不換金正氣散為本方加藿香、茯苓 (D)本方為治濕滯脾胃之主方,C,114-中醫基礎醫學（二）,
31,下列那些為《傷寒論》真武湯之組成？①茯苓、赤芍 ②白芍、人參 ③茯苓、附子 ④白朮、生 薑 (A)①② (B)②③ (C)③④ (D)①④,C,114-中醫基礎醫學（二）,
32,有關《溫病條辨》增液湯的敘述，下列何者最不適宜？ (A)吳瑭認為若熱邪傷津，數日不大便，其人陰素虛，不可行承氣者，宜與本方 (B)《慎齋遺書》百合固金湯方中包含增液湯之所有組成藥物 (C)吳瑭認為本方各藥物需重用才能達到增水行舟的效果 (D)《醫學衷中參西錄》玉液湯方中包含增液湯之所有組成藥物,D,114-中醫基礎醫學（二）,
33,30歲患者，出現脘腹脹滿，噯氣吞酸，口淡無味，不思飲食，噁心嘔吐，肢體沉重，怠惰嗜臥，醫 師檢查有腹脹，舌苔白厚膩，脈濡。下列何方治療最適宜？ (A)《丹溪心法》保和丸 (B)《和劑局方》藿香正氣散 (C)《和劑局方》平胃散 (D)《脾胃論引張元素方》枳朮丸,C,114-中醫基礎醫學（二）,
34,關於《和劑局方》二陳湯使用，下列何者最不適宜？ (A)因風致痰可加祛風藥 (B)加清熱藥物可用於治療痰熱之證 (C)咳聲濁，痰多氣喘或嘔吐痰涎者，可以宣肺藥物加強之 (D)氣滯而痰阻，可以補氣藥物加強之，如黃耆,D,114-中醫基礎醫學（二）,
35,暑天，身熱，口渴不甚，頭目不清，昏眩微脹，舌淡紅苔薄白，治以下列何方最適宜？ (A)《溫病條辨》清絡飲 (B)《內外傷辨惑論》生脈散 (C)《備急千金要方》溫膽湯 (D)《傷寒論》四逆湯,A,114-中醫基礎醫學（二）,
36,患者自訴胃脘脹悶，心下痞悶，不欲飲食，倦怠乏力，大便不調，下列何方最適宜？ (A)《傷寒論》大承氣湯 (B)《蘭室秘藏》枳實消痞丸 (C)《儒門事親》木香檳榔丸 (D)《醫方集解》香砂六君子湯,B,114-中醫基礎醫學（二）,
37,34歲患者，外感後出現發熱、下利之症狀，胸脘煩熱，口乾，口渴，喘而汗出，舌紅苔黃，脈數。 下列何組成最適宜？ (A)葛根、黃芩、黃連、甘草 (B)麻黃、杏仁、石膏、甘草 (C)黃連、黃芩、黃柏、梔子 (D)柴胡、半夏、人參、甘草、黃芩、生薑、大棗,A,114-中醫基礎醫學（二）,
38,有關《太平惠民和劑局方》五積散之組成，下列選項何者正確？①麻黃、白芷 ②當歸、白芍、川 芎 ③乾薑、肉桂 ④半夏、茯苓 ⑤白朮、厚朴 ⑥枳殼、神麯 (A)①②③④ (B)②③④⑤ (C)①②⑤⑥ (D)①③④⑥,A,114-中醫基礎醫學（二）,
39,患者夏月身熱汗多，心煩口渴，小便短赤，體倦少氣，精神不振，脈虛數。下列治療何者最適宜？ (A)《太平惠民和劑局方》香薷散 (B)《溫熱經緯》清暑益氣湯 (C)《太平惠民和劑局方》甘露飲 (D)《傷寒論》小青龍湯,B,114-中醫基礎醫學（二）,
40,有關《溫病條辨》清絡飲之敘述，下列何者最適宜？ (A)本方組成有鮮銀花、西瓜翠衣、鮮扁豆花、鮮荷葉、絲瓜皮、鮮竹葉心 (B)《溫病條辨》以本方用於太陽證後餘邪不解，為善後清理之劑 (C)主治暑熱傷脾、耗氣傷津之證 (D)本方諸藥皆辛溫發表之品,A,114-中醫基礎醫學（二）,
41,祛風濕藥，兼能外用止癢，下列何者最不適宜？ (A)蠶砂 (B)海風藤 (C)海桐皮 (D)桑寄生,B,114-中醫基礎醫學（二）,
42,下列何者祛風止痛、止癢，入湯劑最不宜久煎？ (A)桑枝 (B)徐長卿 (C)五加皮 (D)秦艽,B,114-中醫基礎醫學（二）,
43,下列能祛風濕止痛，又能利尿消腫的藥中，何者因其毒性，目前不用？ (A)南五加 (B)豨薟草 (C)秦艽 (D)廣防己,D,114-中醫基礎醫學（二）,
44,關於肉桂主治應用，下列敘述何者最不適宜？ (A)命門火衰，體質衰弱、腎陽不足之滑精早泄，腰膝冷痛 (B)虛陽上浮，面赤咽痛，口舌生瘡，下肢發冷，上熱下寒者，宜大量獨用，引火歸元 (C)從治目赤腫痛，及脾虛惡食，濕盛泄瀉，補勞明目，通經墮胎 (D)氣血虛寒之外科疾患，如陰疽流注,B,114-中醫基礎醫學（二）,
45,有祛痰及散風熱之功效，下列何者最適宜？ (A)前胡 (B)浙貝母 (C)紫菀 (D)紫蘇子,A,114-中醫基礎醫學（二）,
46,夏季預防因脾胃濕濁引起的嘔吐，下列何藥最適宜？ (A)石菖蒲 (B)木瓜 (C)柿蒂 (D)藿香,D,114-中醫基礎醫學（二）,
47,治療胃寒嘔吐，下列何藥物最適宜？ (A)枇杷葉 (B)白豆蔻 (C)蘆根 (D)竹茹,B,114-中醫基礎醫學（二）,
48,停飲出現頭眩、心悸、咳嗽，還覺得心神不寧。下列何藥最適宜？ (A)車前子 (B)石菖蒲 (C)酸棗仁 (D)柏子仁,B,114-中醫基礎醫學（二）,
49,可以用於尿路感染，又可用於婦女瘀滯經閉，下列何藥物最適宜？ (A)海金沙 (B)瞿麥 (C)車前子 (D)金錢草,B,114-中醫基礎醫學（二）,
50,肝氣犯胃，脘脹噯氣，不思飲食等症狀，下列何藥最適宜？ (A)香附 (B)大腹皮 (C)藿香 (D)檳榔,A,114-中醫基礎醫學（二）,
51,玄參的功效，下列何者最不適宜？ (A)散無根浮游之火 (B)利咽喉 (C)通二便 (D)軟堅散結,D,114-中醫基礎醫學（二）,
52,關於知母的敘述，下列何者最不適宜？ (A)上清肺金而瀉火 (B)下潤腎燥而滋陰 (C)苦寒傷胃而滑腸 (D)補腎故能明目,D,114-中醫基礎醫學（二）,
53,土茯苓主治之敘述，下列何者最適宜？ (A)腎虛久瀉及折傷 (B)風寒濕痹，陰痿失溺 (C)吐、衄、崩中，腸風血痢 (D)筋骨拘攣，楊梅瘡毒,D,114-中醫基礎醫學（二）,
54,治熱病心煩，瘡瘍腫毒，涼血解毒，下列何者最適宜？ (A)知母 (B)梔子 (C)金銀花 (D)石膏,B,114-中醫基礎醫學（二）,
55,可入丸劑，下列何者最適宜？ (A)巴豆 (B)甘遂 (C)商陸 (D)大戟,A,114-中醫基礎醫學（二）,
56,用於氣滯血瘀所致的經閉腹痛及癥瘕積聚等證，而其行氣消積之力較為峻猛，且能止痛，亦可用於 飲食不節，脾運失常所致的積滯不化、脘腹脹滿疼痛之證，下列何藥物最適宜？ (A)鬱金 (B)陳皮 (C)莪朮 (D)川楝子,C,114-中醫基礎醫學（二）,
57,具有活血調經，祛瘀止痛，涼血消癰，除煩安神的功效，下列何藥物最適宜？ (A)當歸 (B)川芎 (C)丹參 (D)延胡索,C,114-中醫基礎醫學（二）,
58,用於血滯經閉，散瘀止痛；其氣芳香而醒脾開胃，亦具消食化積之功效，下列何藥物最適宜？ (A)萊菔子 (B)琥珀 (C)劉寄奴 (D)佩蘭,C,114-中醫基礎醫學（二）,
59,用於濕熱黃疸，下列何者最不適宜？ (A)秦艽 (B)虎杖 (C)金錢草 (D)益母草,D,114-中醫基礎醫學（二）,
60,能清熱解毒，適用於瘡癰腫毒，用於活血調經，又能治療產後小便不利、水腫，下列何者最適宜？ (A)澤瀉 (B)益母草 (C)丹參 (D)凌霄花,B,114-中醫基礎醫學（二）,
61,用於胃、十二指腸潰瘍出血，白及與下列何藥配伍最適宜？ (A)仙鶴草 (B)茜草 (C)三七 (D)藕節,C,114-中醫基礎醫學（二）,
62,具有潤肺祛痰、緩急止痛、緩和藥性、調和諸藥之功效，下列何藥物最適宜？ (A)黃精 (B)甘草 (C)山藥 (D)阿膠,B,114-中醫基礎醫學（二）,
63,飴糖的功效敘述，下列何者最不適宜？ (A)補脾益氣 (B)緩急止痛 (C)潤肺止咳 (D)滑腸通便,D,114-中醫基礎醫學（二）,
64,百合的應用，下列何者最適宜？ (A)風寒咳嗽 (B)虛煩失眠 (C)脾胃虛寒 (D)大便滑泄,B,114-中醫基礎醫學（二）,
65,具有補肝腎、強筋骨、安胎、降血壓之功效，下列何藥物最適宜？ (A)鹿茸 (B)杜仲 (C)巴戟天 (D)狗脊,B,114-中醫基礎醫學（二）,
66,有關黃耆的功效敘述，下列何者最不適宜？ (A)補氣升陽 (B)益衛固表 (C)安神增智 (D)利水退腫,C,114-中醫基礎醫學（二）,
67,有關鎖陽的功效敘述，下列何者最不適宜？ (A)補腎助陽 (B)溫肺定喘 (C)益精血 (D)潤腸通便,B,114-中醫基礎醫學（二）,
68,旋覆花的敘述，下列何者最不適宜？ (A)用於虛勞所導致的咳嗽 (B)降氣行水化痰 (C)有絨毛易刺激咽喉 (D)有降氣止嘔作用,A,114-中醫基礎醫學（二）,
69,珍珠的敘述，下列何者最不適宜？ (A)苦、鹹，微寒。歸心、肝經 (B)安神定驚，清肝明目消翳，解毒收斂生肌 (C)外用：研細末，乾撒 (D)病不由火熱者，勿用；無邪熱者，勿用,A,114-中醫基礎醫學（二）,
70,下列何藥可平肝潛陽，且具有止嘔、止血等作用？ (A)爐甘石 (B)天麻 (C)代赭石 (D)石決明,C,114-中醫基礎醫學（二）,
71,有開竅功效，最宜用於卒然昏迷、癲癇痰盛，關竅阻閉等病證；但有出血傾向者，下列何者最不適 宜？ (A)皂莢 (B)天竹黃 (C)枇杷葉 (D)半夏,A,114-中醫基礎醫學（二）,
72,治煩躁不安、心悸失眠、頭痛暈眩；亦可以治胃痛泛酸，下列何者最適宜？ (A)烏賊骨 (B)珍珠 (C)龜板 (D)牡蠣,D,114-中醫基礎醫學（二）,
73,能開竅醒腦，且可治咽喉腫痛及口瘡，下列何者最適宜？ (A)石菖蒲 (B)蘇合香 (C)冰片 (D)乳香,C,114-中醫基礎醫學（二）,
74,性味：辛、苦，溫。具驅蟲、健胃、利尿消腫之功效，下列何藥物最適宜？ (A)鴉膽子 (B)苦楝皮 (C)檳榔 (D)蕪荑,C,114-中醫基礎醫學（二）,
75,具澀腸止瀉、止血、驅蟲之功能，浸水時其汁黑如墨，下列何藥物最適宜？ (A)禹餘糧 (B)訶子 (C)椿皮 (D)石榴皮,D,114-中醫基礎醫學（二）,
76,下列何藥除了具有消食化積的功效，亦可搭配當歸、川芎、益母草等藥應用於產後瘀阻腹痛，惡露 不盡或血滯痛經，有活血散瘀的功效？ (A)山楂 (B)神麯 (C)麥芽 (D)雞內金,A,114-中醫基礎醫學（二）,
77,有關桑螵蛸和海螵蛸，下列何者最不適宜？ (A)兩者均有固澀作用，常用於遺尿、尿頻 (B)前者可用於腎虛陽衰的遺精、滑精 (C)後者可用於胃痛吐酸 (D)兩者均不適用於陰虛有熱者,A,114-中醫基礎醫學（二）,
78,雄黃之主治，下列何者最適宜？ (A)血虛眩運 (B)噎膈癥瘕 (C)驚癇痰涎 (D)陽盛陰虧,C,114-中醫基礎醫學（二）,
79,有關鹿茸及相關藥材的敘述，下列何者最不適宜？ (A)鹿角膠為鹿角熬膏後所存殘渣 (B)功效為壯腎陽，益精血，強筋骨，調衝任，托瘡毒 (C)可用於瘡瘍久潰不斂、陰疽內陷不起等證 (D)不宜驟用大量，以免陽升風動，頭暈目赤或傷陰動血,A,114-中醫基礎醫學（二）,
80,下列敘述，何者最不適宜？ (A)蘇合香為金縷梅科植物蘇合香樹的心材 (B)降香有散瘀、止血、定痛之功 (C)甘松香能芳香健胃、開鬱醒脾 (D)丁香為溫中降逆之要藥,A,114-中醫基礎醫學（二）,
1,"65 歲男性患者，咳嗽半年，咯出粘稠痰，帶泡沫，咳聲嗄不出，白天容易出汗，四肢倦怠，身體虛弱，
一會兒身寒，一下又身熱，自覺有熱從骨頭蒸出，大便偏乾，舌紅少苔，脈細數，最宜用下列何方主治？
(A)秦艽扶羸湯 (B)青蒿鱉甲湯 (C)六味地黃丸 (D)百合固金湯",A,100-中醫方劑學.csv,
2,"25 歲女性，平時工作緊張忙碌，三餐進食時間不規律，近日出現吃飽後食物不易消化，噁心嘔吐，胸膈
痞悶，胃酸多有逆流現象，二便正常，舌紅苔白膩，脈弦，醫師診斷有胃炎，胃食道逆流，治療最宜用
下列何方？
(A)木香順氣湯 (B)四磨湯 (C)丁香柿蒂湯 (D)越鞠丸",D,100-中醫方劑學.csv,
3,"30歲男性，平日容易疲勞倦怠，記憶力差，近日心悸盜汗，食慾、睡眠不佳，舌淡紅，苔薄白，脈細弱。
最宜用下列何方？
(A)天王補心丹 (B)歸脾湯 (C)炙甘草湯 (D)生脈散
代號：70140
頁次：4－2",B,100-中醫方劑學.csv,
4,"有一25歲患者，打完籃球後喝大杯冰珍珠奶茶，並在樹下打盹，醒後腹瀉，故來就診。症見腹脹而悶，
欲嘔，頭項強，畏寒，脈浮滑，苔白膩有津等。下列何方最適宜？
(A)葛根黃連黃芩湯 (B)藿香正氣散 (C)麻黃湯 (D)桂枝湯",B,100-中醫方劑學.csv,
5,"24 歲男性，當兵操練後常以冷水沖浴，之後漸感頭昏困重，一身骨節痠痛，身倦嗜睡，納可，大便調，
舌苔薄白，脈緩，最宜用下列何方？
(A)補中益氣湯 (B)獨活寄生湯 (C)羌活勝濕湯 (D)清暑益氣湯",C,100-中醫方劑學.csv,
6,"東垣於補中益氣湯加白芍、黑梔子二藥，下列何證非其主治？
(A)血風勞損 (B)倦怠懶食 (C)身熱自汗 (D)勞傷崩漏",A,100-中醫方劑學.csv,
7,"下列各項敘述，何者最正確？
(A)桑螵蛸散用治胃中濕熱所致之赤白濁
(B)局方茯菟丹是為足太陽太陰藥
(C)水陸二仙丹的服法：燈心湯下
(D)治療陰虛盜汗的柏子仁丸，組成藥物有人參、白朮、半夏",D,100-中醫方劑學.csv,
8,"下列何者是《南陽活人書》與《和劑局方》所載之金沸草散不同的組成藥物？①旋覆花、荊芥 ②赤茯
苓、細辛 ③赤芍藥、麻黃
(A)①② (B)①③ (C)②③ (D)①②③",C,100-中醫方劑學.csv,
9,"主治妊娠心驚膽怯，終日煩悶的方劑，下列何者錯誤？
(A)人參、麥冬、淡竹葉、茯苓、黃芩
(B)防風、麥冬、淡竹葉、茯苓、黃芩
(C)防風、麥冬、淡竹葉、茯苓、黃芩、知母
(D)當歸、川芎、蘇葉、大腹皮、人參、芍藥、陳皮、甘草",D,100-中醫方劑學.csv,
10,"全生白朮散所治病證之病因下列最正確的為何？①憂思傷心血少 ②泄瀉損傷脾胃 ③煩渴引飲過多
(A)①② (B)①③ (C)②③ (D)①②③",C,100-中醫方劑學.csv,
11,"河間訶子散用以行氣清火，止痢厚腸的藥物，下列何者最正確？
(A)乾薑、訶子 (B)黃連、木香 (C)芍藥、白朮 (D)橘紅、黃芩",B,100-中醫方劑學.csv,
12,"東垣枳實消痞丸治心下虛痞證的脈象特點為何？
(A)右寸脈浮 (B)右關脈弦 (C)左寸脈弱 (D)左關脈滑",B,100-中醫方劑學.csv,
13,"下列各項敘述，何者最正確？
(A)大黃的使用劑量在竹瀝達痰丸比礞石滾痰丸大
(B)丹溪半夏天麻白朮湯用治肝陽頭痛
(C)指迷茯苓丸為手足太陽太陰藥
(D)牛黃丸的服法：荊芥薑湯下",D,100-中醫方劑學.csv,
14,"關於人參樗皮散之敘述，下列何者錯誤？
(A)治臟毒挾熱下血 (B)初起即用
(C)人參、樗根白皮等分為末 (D)人參之甘以補其氣，樗皮之苦以燥其濕
代號：70140
頁次：4－3",B,100-中醫方劑學.csv,
15,"下列何者為托裏溫中湯的君藥？
(A)木香、茴香 (B)附子、乾薑 (C)川烏、草烏 (D)肉桂、桂枝",B,100-中醫方劑學.csv,
16,"甘草、天冬、五味子、熟地、黃耆、芍藥、麥冬、人參、茯苓組成下列何方？
(A)補氣湯 (B)黃耆湯 (C)感應丸 (D)黃耆人參湯",B,100-中醫方劑學.csv,
17,"有關『腎熱湯』之敘述，下列何者最正確？
(A)治腎熱耳流膿血，喜聞人聲
(B)此手少陰藥也
(C)組成：牡蠣、磁石、白朮、麥冬、芍藥、甘草、生地黃汁、白、大棗
(D)以牡蠣為君",C,100-中醫方劑學.csv,
18,"局方涼膈散與本事利膈散的共同組成藥物，下列何者最正確？
(A)薄荷 (B)連翹 (C)黃芩 (D)桔梗",A,100-中醫方劑學.csv,
19,"六君子湯去陳皮加當歸、赤芍、柴胡、乾葛為下列何方？
(A)人參散 (B)人參清肌散 (C)十味人參散 (D)溫經益元散",B,100-中醫方劑學.csv,
20,"升麻葛根湯加柴胡、防風、羌活、炙甘草、大棗、白為下列何者？
(A)東垣升陽散火湯 (B)火鬱湯 (C)陶節庵升陽散火湯 (D)柴胡升麻湯",B,100-中醫方劑學.csv,
21,"桃仁、大麻仁、大黃、歸尾、羌活、防風、皂角仁組成下列何方？
(A)潤腸丸 (B)活血潤燥丸 (C)潤燥湯 (D)當歸潤腸湯",B,100-中醫方劑學.csv,
22,"五苓散合六一散加陳皮、木香、檳榔組成下列何方？
(A)白茯苓湯 (B)對金飲子 (C)茯苓朮散 (D)大橘皮湯",D,100-中醫方劑學.csv,
23,"下列何者非羌活勝濕湯之組成藥物？
(A)羌活、獨活 (B)防風、蔓荊子 (C)甘草、川芎 (D)白芷、防己",D,100-中醫方劑學.csv,
24,"人參、甘草、乾薑、麥冬、附子、艾葉、五味子、黃連、知母組成下列何方？
(A)益元湯 (B)雞蘇散 (C)碧玉散 (D)溫胃湯",A,100-中醫方劑學.csv,
25,"澤瀉、豬苓、知母、黃芩、茵陳、防風、升麻、葛根、羌活、苦參、當歸、蒼朮、甘草、白朮組成下列
何方？
(A)中滿分消丸 (B)中滿分消湯 (C)當歸拈痛湯 (D)升陽除濕湯",C,100-中醫方劑學.csv,
26,"下列何方治中暑傷濕，停飲夾食，腹痛泄瀉及口渴便秘？
(A)對金飲子 (B)春澤湯 (C)蒼桂五苓散 (D)茯苓琥珀湯",A,100-中醫方劑學.csv,
27,"有關獨活湯的敘述，下列何者錯誤？
(A)治風虛瘛瘲，昏憒不覺，或為寒熱 (B)每服一兩，加薑、棗煎
(C)羌活、獨活、防風祛風 (D)細辛、桂心除痰",D,100-中醫方劑學.csv,
28,"有關越鞠丸的敘述，下列何者最正確？
(A)東垣用治六鬱 (B)木香開氣鬱 (C)濕鬱加茯苓、白芷 (D)足太陰陽明藥
代號：70140
頁次：4－4",C,100-中醫方劑學.csv,
29,"下列何方治下痢膿血稠粘，腹痛後重兼渴者？
(A)秦艽蒼朮湯 (B)秦艽羌活湯 (C)導滯湯 (D)蒼朮地榆湯",C,100-中醫方劑學.csv,
30,"有關清空膏的敘述，下列何者錯誤？
(A)丹溪曰：諸般頭痛皆治 (B)方中黃芩、黃連用酒炒
(C)海藏曰：熱在至高之分，當以輕劑抑之 (D)方中甘草入陽明，散寒緩痛",D,100-中醫方劑學.csv,
31,"中風風，痰厥頭痛，最宜用下列何方主治？
(A)瓜蒂、鬱金、韭汁
(B)防風、附子、桂枝、防己、杏仁、川芎、麻黃、白芍、人參、黃芩、甘草
(C)荊芥、川芎、羌活、防風、薄荷、白芷、甘草、細辛
(D)桂枝、羌活、甘草、防風",A,100-中醫方劑學.csv,
32,"有關「柴胡桂枝乾薑湯」的敘述，下列何者錯誤？
(A)治傷寒汗下後，胸脅滿，微結，小便不利，渴而不嘔，但頭汗出，往來寒熱，心煩者
(B)亦治瘧發寒多熱少，或但寒不熱
(C)乃「小柴胡湯」去半夏、人參、薑、棗，加桂枝、乾薑、龍骨、牡蠣
(D)組成中內含「柴胡去半夏加栝蔞根湯」",C,100-中醫方劑學.csv,
33,"大黃、芒硝、厚朴、枳實、柴胡、黃芩、甘草組成下列何方？
(A)三一承氣湯 (B)六一順氣湯 (C)三化湯 (D)破棺丹",B,100-中醫方劑學.csv,
34,"下列何方主治黃汗發熱，兩脛自冷，身痛身重，腰上有汗，腰下無汗，小便不利？
(A)當歸六黃湯 (B)桂枝加黃耆湯 (C)甘薑苓朮湯 (D)防己黃耆湯",B,100-中醫方劑學.csv,
35,"下列何方的藥物組成中不含有熟地黃？
(A)補肺湯 (B)黃耆鱉甲散 (C)三才封髓丹 (D)還少丹",B,100-中醫方劑學.csv,
36,"傷寒下利如爛肉汁，赤滯下，伏氣腹痛諸熱證，最宜下列何方主治？
(A)燒鹽，童便 (B)大黃、甘草、厚朴、芒硝、枳實
(C)梔子、薤白、淡豆豉 (D)大黃、甘遂、芒硝",C,100-中醫方劑學.csv,
37,"再造散加炒芍藥一撮的作用為何？
(A)以滋腎水，俾能生木 (B)於陽中歛陰，散中有收
(C)平肝使木得條達 (D)寒瀉肝火，酸斂逆氣",B,100-中醫方劑學.csv,
38,"下列何方治感山嵐瘴氣，瘴瘧時毒，憎寒壯熱，一身盡痛及頭面腫大？
(A)普濟消毒飲 (B)太無神朮散 (C)藿香正氣散 (D)涼膈散",B,100-中醫方劑學.csv,
39,"下列何方不是桂枝湯的代用方劑？
(A)川芎湯 (B)神朮散 (C)疏邪實表湯 (D)黃耆湯",A,100-中醫方劑學.csv,
40,"下列何者為使君子丸與化蟲丸的相同組成藥物？
(A)蕪荑、枯礬 (B)使君子、檳榔 (C)南星、苦楝根 (D)蕪荑、鶴蝨",B,100-中醫方劑學.csv,
1,"酸棗仁生用、炒用有何不同？
(A)生用甘溫而潤，炒熟酸溫而香 (B)生用甘酸而潤，炒熟甘溫而香
(C)生用甘溫而潤，炒熟甘溫而香 (D)生用甘酸而潤，炒熟酸溫而香",D,99-中醫藥物學.csv,
6,"依《神農本草經讀》記載，麻黃為何能破癥堅積聚？
(A)辛溫以達肝木之氣，則病愈矣
(B)癥堅積聚是寒氣凝結，血滯於中也，味辛氣溫，火性行血迅發，故能治
(C)推陳以致新，故能治
(D)癥堅積聚為陰寒之氣凝聚，發汗從陰寒之氣出，則癥堅積聚自散",D,99-中醫藥物學.csv,
7,"依《神農本草經讀》記載，下列、、之敘述，各為何藥？主大風，頭眩痛，惡風，風邪目盲無
所見 主大風，邪氣，陰痿不起，強筋骨，安五臟 主風寒濕痹，乳難，養五臟
(A)澤瀉巴天防風 (B)防風巴天澤瀉
(C)巴天防風澤瀉 (D)澤瀉防風巴天",B,99-中醫藥物學.csv,
8,"依《神農本草經讀》記載，下列何藥能辟瘟疫瘴氣、喉痛口瘡？
(A)菖蒲 (B)茜草 (C)牡桂 (D)升麻",D,99-中醫藥物學.csv,
12,"關於松的敘述，下列何者錯誤？
(A)琥珀為松脂入土年久結成，能使肺氣下降而通膀胱
(B)茯神心木又稱黃松節，能療諸筋攣縮
(C)松節性味辛溫，能治骨節間之風濕
(D)松脂苦甘性燥，能祛風去濕",C,99-中醫藥物學.csv,
13,"下列何藥，辛熱純陽，暖胃快膈，下氣消痰，可殺魚肉鼈蕈毒，食料宜之？
(A)胡椒 (B)蓽茇 (C)藿香 (D)白豆蔻",A,99-中醫藥物學.csv,
14,"何者的性味為甘寒？黑大豆 絲瓜 豆腐 鉛
(A) (B) (C) (D)",D,99-中醫藥物學.csv,
15,"關於側柏葉的功用主治，下列何者錯誤？
(A)養陰滋肺而燥土，最清血分 (B)止吐衄崩淋，腸風尿血痢血，一切血證
(C)去冷風熱痹、歷節風痛 (D)炙罨凍瘡，汁烏髭髮",C,99-中醫藥物學.csv,
16,"有關豬之敘述，下列何者錯誤？
(A)膽汁苦入心，能瀉肝膽之火 (B)腸治大便不通，入胃健脾
(C)腎鹹冷而通腎，治腰痛耳聾 (D)豬蹄煮湯通乳汁，洗敗瘡",B,99-中醫藥物學.csv,
17,"關於用藥之敘述，下列何者錯誤？
(A)鹿茸惟脈浮，相火衰者宜之 (B)麝香風病在骨髓者宜之
(C)蛤蚧肺痿咳血，氣虛血竭者宜之 (D)天冬寒熱嗽宜之，百部溫寒嗽宜之",A,99-中醫藥物學.csv,
18,"細辛具下列何功效，能治諸風痹痛，咳嗽上氣，頭痛脊強？
(A)苦辛通降 (B)辛苦大熱 (C)辛溫散風邪 (D)辛苦散結",C,99-中醫藥物學.csv,
19,"關於羌活之主治，下列何者錯誤？
(A)胸膈痞悶 (B)剛痙柔痙 (C)風濕相搏 (D)本經頭痛",A,99-中醫藥物學.csv,
20,"關於薑之敘述，下列何者錯誤？
(A)生薑通神明，去穢惡，救暴卒 (B)炮薑辛苦大熱，除胃冷而守中
(C)乾薑辛溫，止吐衄諸血 (D)久食生薑兼酒，則患目發痔",C,99-中醫藥物學.csv,
21,"關於治久嗽證治，下列何者內容有錯誤？
(A)沙參，久嗽肺痿，金受火剋者宜之
(B)久嗽之人肺氣必虛，虛則宜歛，百合之甘歛，勝於五味之酸收
(C)白芥子，久嗽肺虛人禁用
(D)板，益陰清熱故治之",D,99-中醫藥物學.csv,
22,"下列有關葱的敘述，何者錯誤？
(A)性味：生辛散，熟甘熱 (B)能發汗解肌，益目精，利耳鳴，通二便
(C)治婦人妊娠傷寒 (D)同蜜食殺人，同棗食令人病",A,99-中醫藥物學.csv,
23,"下列有關小麥的敘述，何者錯誤？
(A)味甘微寒，能養心除煩，利溲止血 (B)浮小麥性甘寒，能止虛汗盜汗
(C)《聖惠方》小麥飯治煩熱少睡多渴 (D)麥之涼全在皮，故麵去皮即熱",B,99-中醫藥物學.csv,
24,"下列何藥不能治督脈為病、脊強而厥？
(A)羌活 (B)附子 (C)藁本 (D)芎藭
代號：60130
頁次：4－4",D,99-中醫藥物學.csv,
25,"下列何者為辛溫有毒，治臍風撮口、驚癎瘰癧？
(A)蜈蚣 (B)蠍 (C)蟾酥 (D)斑蝥",A,99-中醫藥物學.csv,
26,"關於吳茱萸的敘述，下列何者錯誤？
(A)走氣動火，昏目發瘡，血虛有火者禁用 (B)炮製宜泡去苦烈汁用，止嘔用黃連水炒
(C)辛苦大熱，有小毒 (D)性雖熱而能引熱下行，產後多用之以止崩漏",D,99-中醫藥物學.csv,
27,"關於五加皮的敘述，下列何者錯誤？
(A)辛順氣而化痰，苦堅骨而益精，溫祛風而勝濕 (B)能逐肌膚之瘀血，療筋骨之拘攣
(C)其品質以芬香三葉者佳 (D)形態為莖青節白，花赤皮黃，根黑",C,99-中醫藥物學.csv,
28,"關於烏藥的敘述，下列何者錯誤？
(A)辛溫香竄，上入脾胃，下通肝腎 (B)能疏胸腹邪逆之氣
(C)用以治中氣中風、膀胱冷氣、反胃吐食 (D)氣虛氣熱者禁用",A,99-中醫藥物學.csv,
29,"下列均為木通之功能，何者非為導赤散中木通所引用的作用？
(A)降心火 (B)導諸濕熱，由小便出 (C)通利血脈、關節 (D)瀉小腸火",C,99-中醫藥物學.csv,
30,"關於青皮的敘述，下列何者錯誤？
(A)入肝膽氣分，能平下焦肝氣 (B)色青而氣烈，宜酒炒用
(C)能入肝散邪，入脾除痰，為瘧家必用之品 (D)最能發汗，有汗及氣虛人禁用",B,99-中醫藥物學.csv,
31,"下列有關胡麻的敘述，何者錯誤？
(A)補肺氣，益肝腎，潤五臟 (B)生嚼傅小兒頭瘡
(C)逐風濕氣，涼血解毒 (D)畏茯苓、白薇、牡蠣",D,99-中醫藥物學.csv,
32,"下列有關磁石的敘述，何者錯誤？
(A)用柴胡為使，殺鐵消金，惡牡丹 (B)補腎益精，除煩祛熱，聰耳明目
(C)性鹹溫，能引肺金之氣入腎 (D)藥材色黑能吸鐵者真",C,99-中醫藥物學.csv,
33,"下列何藥辛溫能瀉肺和脾，下氣行水，通大小腸，治水腫腳氣？
(A)桑白皮 (B)赤小豆 (C)滑石 (D)大腹皮",D,99-中醫藥物學.csv,
34,"關於訶子的敘述，下列何者錯誤？
(A)生用清金行氣 (B)煨熟溫腎固膀胱
(C)苦多酸少，雖濇腸而泄氣 (D)氣虛及嗽痢初起者忌服",B,99-中醫藥物學.csv,
35,"利水通淋藥中，下列何者為治淋要藥，兼能破血利竅，通經墮胎？
(A)瞿麥 (B)扁蓄 (C)石韋 (D)海金砂",A,99-中醫藥物學.csv,
36,"紫草能涼血活血，治痘瘡血熱毒盛，其性味為何？
(A)苦酸鹹寒 (B)甘鹹氣寒 (C)苦鹹而寒 (D)辛苦而寒",B,99-中醫藥物學.csv,
37,"郁李仁主治為何？
(A)夢遺洩精，泄痢便數 (B)五緩虛羸，小兒腳弱 (C)大腸氣滯，水腫癃急 (D)腰膝酸痛",C,99-中醫藥物學.csv,
38,"關於大棗的敘述，下列何者錯誤？
(A)多食損齒，中滿證忌之
(B)傷寒及補劑加用之，以發脾胃升騰之氣
(C)能調營衛、緩陰血，生津液，悅顏色，通九竅，助十二經，和百藥
(D)性味甘溫，為脾經氣分藥",D,99-中醫藥物學.csv,
1,"有關白頭翁湯之敘述，下列何者錯誤？
(A)治傷寒熱痢下重，欲飲水者 (B)組成：白頭翁、秦皮、黃連、黃蘗
(C)白頭翁苦寒，能入少陽血分，而涼血止澼 (D)秦皮苦寒，性濇，能涼肝益腎而固下焦",C,99-中醫方劑學.csv,
2,"有關清震湯之敘述，下列何者錯誤？
(A)治雷頭風，頭面疙瘩腫痛，憎寒壯熱，狀如傷寒 (B)組成：升麻、蒼朮、薄荷葉
(C)升麻性陽味甘氣升，能解百毒 (D)蒼朮辛烈，燥濕強脾，能辟瘴癘",B,99-中醫方劑學.csv,
3,"有關歸脾湯的敘述，下列何者錯誤？
(A)主治脾肺氣虛，榮血不足，驚悸健忘，寢汗發熱，食少無味，身倦肌瘦，色枯氣短
(B)或治脾虛不能攝血，致血妄行
(C)木香與補藥為佐則補，與泄藥為君則泄
(D)遠志苦泄心熱，棗仁酸歛心氣",A,99-中醫方劑學.csv,
4,"有關龍腦雞蘇丸的敘述，下列何者錯誤？
(A)治肺有鬱熱，欬嗽吐血，衄血下血 (B)治熱淋消渴，口臭口苦，清心明目
(C)方中以人參為君，補氣止血 (D)方中柴胡平肝，解肝熱
代號：60140
頁次：4－2",C,99-中醫方劑學.csv,
5,"有關葛根黃連黃芩湯的敘述，下列何者正確？
(A)治太陽病麻黃證，醫反下之，利遂不止，脈促者 (B)此足太陽少陽藥也
(C)舍桂枝而用葛根，專治陽明之裏 (D)煎煮法為「先煮葛根，內諸藥煎」",D,99-中醫方劑學.csv,
6,"有關十神湯之敘述，下列何者正確？
(A)煎服法：加薑、棗煎 (B)蒼朮、防風、葛根是組成藥物之一
(C)陽經外感之通劑 (D)加減法：口乾舌燥加石斛",C,99-中醫方劑學.csv,
7,"藥物組成中不含乾薑的為下列何方？
(A)漿水散 (B)白通加人尿豬膽汁湯 (C)回陽返本湯 (D)樂令建中湯",D,99-中醫方劑學.csv,
8,"清脾飲治瘧疾熱多寒少，口苦嗌乾，小便赤澀，脈來弦數，若見大渴，宜加下列何者？
(A)麥冬、知母 (B)石膏、知母 (C)常山、草果 (D)烏梅、茵陳",A,99-中醫方劑學.csv,
9,"下列何者治陰汗如水，陰冷如冰，腳痿無力？
(A)東垣黃耆人參湯 (B)東垣補肝湯 (C)補氣丸 (D)補氣湯",B,99-中醫方劑學.csv,
10,"下列何者為獨活湯與獨活寄生湯的共同組成藥物？
(A)獨活、桑寄生、羌活 (B)防風、細辛、川芎 (C)當歸、人參、遠志 (D)桂心、芍藥、甘草",B,99-中醫方劑學.csv,
11,"下列何方的藥物組成中不含有半夏？
(A)六和湯 (B)清脾飲 (C)茵陳丸 (D)定喘湯",C,99-中醫方劑學.csv,
12,"下列何方的藥物組成中不含有芍藥？
(A)冰解散 (B)五積散 (C)麻黃白朮湯 (D)防風通聖散",C,99-中醫方劑學.csv,
13,"感應丸治寒積瀉痢，方中何藥升降諸氣，和脾肝？
(A)肉蔻 (B)丁香 (C)木香 (D)杏仁",C,99-中醫方劑學.csv,
14,"下列何者非當歸拈痛湯之組成藥物？
(A)羌活、防風 (B)升麻、葛根 (C)蒼朮、白朮 (D)黃柏、茯苓",D,99-中醫方劑學.csv,
15,"陳皮、白朮、黃耆、人參、白芍、乾薑、藿香、甘草組成下列何方？
(A)補中湯 (B)治中湯 (C)安中散 (D)黃耆湯",D,99-中醫方劑學.csv,
16,"下列何者屬於良方牡丹皮散的組成藥物？
(A)赤芍、川芎 (B)歸尾、地龍 (C)桃仁、丹參 (D)牛膝、三稜",D,99-中醫方劑學.csv,
17,"下列何者屬於總錄止痛當歸湯的組成藥物？
(A)當歸、川芎 (B)生地、芍藥 (C)黃耆、白朮 (D)人參、元胡",B,99-中醫方劑學.csv,
18,"下列何者屬半夏天麻白朮湯與清暑益氣湯的共同組成藥物？
(A)天麻、乾薑 (B)當歸、黃柏 (C)蒼朮、澤瀉 (D)升麻、葛根",C,99-中醫方劑學.csv,
19,"下列何者為和中健脾丸的組成藥物？
(A)木香、檳榔 (B)白朮、人參 (C)厚朴、山查 (D)半夏、茯苓
代號：60140
頁次：4－3",A,99-中醫方劑學.csv,
20,"下列何者不是中滿分消丸與中滿分消湯的共同組成藥物？
(A)厚朴、黃柏 (B)人參、茯苓 (C)乾薑、半夏 (D)黃連、澤瀉",A,99-中醫方劑學.csv,
21,"鳳髓丹與療腎滋本丸的共同藥物組成為下列何者？
(A)五味子 (B)熟地黃 (C)山藥 (D)黃柏",D,99-中醫方劑學.csv,
22,"有關葛花解酲湯之敘述，下列何者錯誤？
(A)手足陽明藥 (B)乃內外分消之劑
(C)豆蔻、砂仁，驅濕熱從小便出 (D)葛花獨入陽明，令濕熱從肌肉而解",C,99-中醫方劑學.csv,
23,"下列何者為嚴氏鱉甲飲與直指秦艽扶羸湯的共同組成藥物？
(A)黃耆、白朮 (B)人參、地骨皮 (C)鱉甲、甘草 (D)草果、紫菀",C,99-中醫方劑學.csv,
24,"丹溪治氣血兩虛而脫肛者，用下列何組藥物？
(A)訶子、罌粟殼、附子、肉桂 (B)黃耆、當歸、升麻、人參、川芎
(C)柴胡、白朮、肉豆蔻、木香、甘草 (D)生地、熟地、黃芩、黃柏、黃連",B,99-中醫方劑學.csv,
25,"返魂丹治胎前產後一切諸病，但因各證不同而有不同服法，下列何者正確？
(A)產後瀉血，炒鹽湯下 (B)產後痢疾，棗湯下
(C)產後帶下，膠艾湯下 (D)產後二便不通，煩躁口苦，米湯下",C,99-中醫方劑學.csv,
26,"依〈勿藥元詮〉，下列何者錯誤？
(A)坐臥濕地，則病腳氣攣痹 (B)衝風冒雨，則病身重身痛
(C)長著汗衣，則病麻木發黃 (D)飢餓澡浴，則病骨節煩痛",A,99-中醫方劑學.csv,
27,"東垣枳實消痞丸之組成藥物中，枳實如何炮製？
(A)薑汁炒 (B)土炒 (C)麩炒 (D)酒炒",C,99-中醫方劑學.csv,
28,"有關茯菟丹的服用法，下列何者正確？
(A)漏精燈心湯下 (B)赤濁米飲下 (C)白濁茯苓湯下 (D)消渴鹽湯下",C,99-中醫方劑學.csv,
29,"下列何者為局方黑神散加酒煎煮之作用？
(A)引清熱藥上行 (B)助養陰之品升騰 (C)以緩其劑之峻利 (D)引入血分以助藥力",D,99-中醫方劑學.csv,
30,"消暑丸以下列何者製為丸劑？
(A)薑汁 (B)水 (C)酒 (D)蜜",A,99-中醫方劑學.csv,
31,"炙甘草湯的煎服法，下列何者正確？
(A)先煎大棗，內阿膠烊化後，糜粥服 (B)童便白酒各半煎，食遠服
(C)水酒各半煎，內阿膠烊化服 (D)諸藥研末，每服三錢，以酒煎阿膠配服
代號：60140
頁次：4－4",C,99-中醫方劑學.csv,
32,"李某，45 歲，感冒兩天，惡寒重，微發熱，頭痛連腦，身痛，無汗，面色白，說話無力，手足冰冷，舌
淡胖苔薄白，脈沉，下列何方最適宜？
(A)人參敗毒散 (B)參蘇飲 (C)桂枝新加湯 (D)麻黃附子細辛湯",D,99-中醫方劑學.csv,
33,"42 歲男性，失眠多年。伴有心煩，口苦，便軟，胸悶，心悸，多夢，脈滑，舌微紅，苔白膩。下列何方
最適宜？
(A)天王補心丹 (B)酸棗仁湯 (C)黃連阿膠雞子黃湯 (D)溫膽湯",D,99-中醫方劑學.csv,
34,"孫先生35歲為外務員，平素精神不佳，食慾不振，口渴，自汗出，夏天雨後全身困倦沉重，小便不利色
赤，脈沉細而虛，下列何方最適宜？
(A)白虎加參湯 (B)清暑益氣湯 (C)四味香薷飲 (D)豬苓湯",B,99-中醫方劑學.csv,
35,"67 歲女性，二十多年來大便四五日一行，晨起口苦咽乾，平日易怒，胸悶喜嘆氣，舌紅苔白，脈弦細，
治宜下列何者？
(A)麻子仁丸 (B)潤腸丸 (C)增液承氣湯 (D)小柴胡湯",D,99-中醫方劑學.csv,
36,"60 歲男性，咳嗽氣喘痰湧，日夜不能安臥已逾半年，今年冬季更甚，初服蘇子降氣湯，小青龍湯，溫肺
飲無效，繼服六君子湯及真武湯亦不應，一日來診，觀之形瘦面白，脈虛弱。下列何者為其辨證？
(A)痰濕阻滯 (B)肝火犯肺，灼液成痰
(C)肺腎虛寒，水泛為痰 (D)心陽虛衰，凌心射肺",C,99-中醫方劑學.csv,
37,"60 歲男性，咳嗽氣喘痰湧，日夜不能安臥已逾半年，今年冬季更甚，初服蘇子降氣湯，小青龍湯，溫肺
飲無效，繼服六君子湯及真武湯亦不應，一日來診，觀之形瘦面白，脈虛弱，宜以下列何方治之？
(A)礞石滾痰丸加白芥子、半夏、浙貝母 (B)玉屏風散加杏仁、紫蘇子、前胡
(C)金水六君煎加乾薑、細辛、五味子 (D)桂附八味丸加半夏、竹茹、紫蘇子",C,99-中醫方劑學.csv,
38,"40 歲女性，以往無特殊病史，亦無任何不適，一日與鄰居吵架後，開始出現胸悶脹，呼吸喘促，胃脘脹
悶，食不下等症狀，望其舌淡紅邊尖有朱點苔薄白，切其脈弦，下列何方最適宜？
(A)四磨湯 (B)烏藥順氣散 (C)越鞠丸 (D)橘皮竹茹湯",A,99-中醫方劑學.csv,
39,"60歲男性工人，自訴手足麻木已數年，近一週忽覺手臂有一點痛，餘無他症，切其脈弦澀，舌暗紅瘀斑，
下列何方最適宜？
(A)活絡丹 (B)如聖飲 (C)蠲痹湯 (D)三痹湯",A,99-中醫方劑學.csv,
40,"有一語音無力的老榮民因便秘來院就診，醫師問診知其腹不脹，身亦不熱，但小便量多，又診其脈弱、
苔薄舌微紅。此病例最宜選用下列何方治療？
(A)三一承氣湯 (B)三化湯 (C)麻子仁丸 (D)調胃承氣湯",C,99-中醫方劑學.csv,
1,"酸棗仁生用、炒用有何不同？
(A)生用甘溫而潤，炒熟酸溫而香 (B)生用甘酸而潤，炒熟甘溫而香
(C)生用甘溫而潤，炒熟甘溫而香 (D)生用甘酸而潤，炒熟酸溫而香",D,98-中醫藥物學.csv,
6,"依《神農本草經讀》記載，麻黃為何能破癥堅積聚？
(A)辛溫以達肝木之氣，則病愈矣
(B)癥堅積聚是寒氣凝結，血滯於中也，味辛氣溫，火性行血迅發，故能治
(C)推陳以致新，故能治
(D)癥堅積聚為陰寒之氣凝聚，發汗從陰寒之氣出，則癥堅積聚自散",D,98-中醫藥物學.csv,
7,"依《神農本草經讀》記載，下列、、之敘述，各為何藥？主大風，頭眩痛，惡風，風邪目盲無
所見 主大風，邪氣，陰痿不起，強筋骨，安五臟 主風寒濕痹，乳難，養五臟
(A)澤瀉巴天防風 (B)防風巴天澤瀉
(C)巴天防風澤瀉 (D)澤瀉防風巴天",B,98-中醫藥物學.csv,
8,"依《神農本草經讀》記載，下列何藥能辟瘟疫瘴氣、喉痛口瘡？
(A)菖蒲 (B)茜草 (C)牡桂 (D)升麻",D,98-中醫藥物學.csv,
12,"關於松的敘述，下列何者錯誤？
(A)琥珀為松脂入土年久結成，能使肺氣下降而通膀胱
(B)茯神心木又稱黃松節，能療諸筋攣縮
(C)松節性味辛溫，能治骨節間之風濕
(D)松脂苦甘性燥，能祛風去濕",C,98-中醫藥物學.csv,
13,"下列何藥，辛熱純陽，暖胃快膈，下氣消痰，可殺魚肉鼈蕈毒，食料宜之？
(A)胡椒 (B)蓽茇 (C)藿香 (D)白豆蔻",A,98-中醫藥物學.csv,
14,"何者的性味為甘寒？黑大豆 絲瓜 豆腐 鉛
(A) (B) (C) (D)",D,98-中醫藥物學.csv,
15,"關於側柏葉的功用主治，下列何者錯誤？
(A)養陰滋肺而燥土，最清血分 (B)止吐衄崩淋，腸風尿血痢血，一切血證
(C)去冷風熱痹、歷節風痛 (D)炙罨凍瘡，汁烏髭髮",C,98-中醫藥物學.csv,
16,"有關豬之敘述，下列何者錯誤？
(A)膽汁苦入心，能瀉肝膽之火 (B)腸治大便不通，入胃健脾
(C)腎鹹冷而通腎，治腰痛耳聾 (D)豬蹄煮湯通乳汁，洗敗瘡",B,98-中醫藥物學.csv,
17,"關於用藥之敘述，下列何者錯誤？
(A)鹿茸惟脈浮，相火衰者宜之 (B)麝香風病在骨髓者宜之
(C)蛤蚧肺痿咳血，氣虛血竭者宜之 (D)天冬寒熱嗽宜之，百部溫寒嗽宜之",A,98-中醫藥物學.csv,
18,"細辛具下列何功效，能治諸風痹痛，咳嗽上氣，頭痛脊強？
(A)苦辛通降 (B)辛苦大熱 (C)辛溫散風邪 (D)辛苦散結",C,98-中醫藥物學.csv,
19,"關於羌活之主治，下列何者錯誤？
(A)胸膈痞悶 (B)剛痙柔痙 (C)風濕相搏 (D)本經頭痛",A,98-中醫藥物學.csv,
20,"關於薑之敘述，下列何者錯誤？
(A)生薑通神明，去穢惡，救暴卒 (B)炮薑辛苦大熱，除胃冷而守中
(C)乾薑辛溫，止吐衄諸血 (D)久食生薑兼酒，則患目發痔",C,98-中醫藥物學.csv,
21,"關於治久嗽證治，下列何者內容有錯誤？
(A)沙參，久嗽肺痿，金受火剋者宜之
(B)久嗽之人肺氣必虛，虛則宜歛，百合之甘歛，勝於五味之酸收
(C)白芥子，久嗽肺虛人禁用
(D)板，益陰清熱故治之",D,98-中醫藥物學.csv,
22,"下列有關葱的敘述，何者錯誤？
(A)性味：生辛散，熟甘熱 (B)能發汗解肌，益目精，利耳鳴，通二便
(C)治婦人妊娠傷寒 (D)同蜜食殺人，同棗食令人病",A,98-中醫藥物學.csv,
23,"下列有關小麥的敘述，何者錯誤？
(A)味甘微寒，能養心除煩，利溲止血 (B)浮小麥性甘寒，能止虛汗盜汗
(C)《聖惠方》小麥飯治煩熱少睡多渴 (D)麥之涼全在皮，故麵去皮即熱",B,98-中醫藥物學.csv,
24,"下列何藥不能治督脈為病、脊強而厥？
(A)羌活 (B)附子 (C)藁本 (D)芎藭
代號：60130
頁次：4－4",D,98-中醫藥物學.csv,
25,"下列何者為辛溫有毒，治臍風撮口、驚癎瘰癧？
(A)蜈蚣 (B)蠍 (C)蟾酥 (D)斑蝥",A,98-中醫藥物學.csv,
26,"關於吳茱萸的敘述，下列何者錯誤？
(A)走氣動火，昏目發瘡，血虛有火者禁用 (B)炮製宜泡去苦烈汁用，止嘔用黃連水炒
(C)辛苦大熱，有小毒 (D)性雖熱而能引熱下行，產後多用之以止崩漏",D,98-中醫藥物學.csv,
27,"關於五加皮的敘述，下列何者錯誤？
(A)辛順氣而化痰，苦堅骨而益精，溫祛風而勝濕 (B)能逐肌膚之瘀血，療筋骨之拘攣
(C)其品質以芬香三葉者佳 (D)形態為莖青節白，花赤皮黃，根黑",C,98-中醫藥物學.csv,
28,"關於烏藥的敘述，下列何者錯誤？
(A)辛溫香竄，上入脾胃，下通肝腎 (B)能疏胸腹邪逆之氣
(C)用以治中氣中風、膀胱冷氣、反胃吐食 (D)氣虛氣熱者禁用",A,98-中醫藥物學.csv,
29,"下列均為木通之功能，何者非為導赤散中木通所引用的作用？
(A)降心火 (B)導諸濕熱，由小便出 (C)通利血脈、關節 (D)瀉小腸火",C,98-中醫藥物學.csv,
30,"關於青皮的敘述，下列何者錯誤？
(A)入肝膽氣分，能平下焦肝氣 (B)色青而氣烈，宜酒炒用
(C)能入肝散邪，入脾除痰，為瘧家必用之品 (D)最能發汗，有汗及氣虛人禁用",B,98-中醫藥物學.csv,
31,"下列有關胡麻的敘述，何者錯誤？
(A)補肺氣，益肝腎，潤五臟 (B)生嚼傅小兒頭瘡
(C)逐風濕氣，涼血解毒 (D)畏茯苓、白薇、牡蠣",D,98-中醫藥物學.csv,
32,"下列有關磁石的敘述，何者錯誤？
(A)用柴胡為使，殺鐵消金，惡牡丹 (B)補腎益精，除煩祛熱，聰耳明目
(C)性鹹溫，能引肺金之氣入腎 (D)藥材色黑能吸鐵者真",C,98-中醫藥物學.csv,
33,"下列何藥辛溫能瀉肺和脾，下氣行水，通大小腸，治水腫腳氣？
(A)桑白皮 (B)赤小豆 (C)滑石 (D)大腹皮",D,98-中醫藥物學.csv,
34,"關於訶子的敘述，下列何者錯誤？
(A)生用清金行氣 (B)煨熟溫腎固膀胱
(C)苦多酸少，雖濇腸而泄氣 (D)氣虛及嗽痢初起者忌服",B,98-中醫藥物學.csv,
35,"利水通淋藥中，下列何者為治淋要藥，兼能破血利竅，通經墮胎？
(A)瞿麥 (B)扁蓄 (C)石韋 (D)海金砂",A,98-中醫藥物學.csv,
36,"紫草能涼血活血，治痘瘡血熱毒盛，其性味為何？
(A)苦酸鹹寒 (B)甘鹹氣寒 (C)苦鹹而寒 (D)辛苦而寒",B,98-中醫藥物學.csv,
37,"郁李仁主治為何？
(A)夢遺洩精，泄痢便數 (B)五緩虛羸，小兒腳弱 (C)大腸氣滯，水腫癃急 (D)腰膝酸痛",C,98-中醫藥物學.csv,
38,"關於大棗的敘述，下列何者錯誤？
(A)多食損齒，中滿證忌之
(B)傷寒及補劑加用之，以發脾胃升騰之氣
(C)能調營衛、緩陰血，生津液，悅顏色，通九竅，助十二經，和百藥
(D)性味甘溫，為脾經氣分藥",D,98-中醫藥物學.csv,
1,"有關白頭翁湯之敘述，下列何者錯誤？
(A)治傷寒熱痢下重，欲飲水者 (B)組成：白頭翁、秦皮、黃連、黃蘗
(C)白頭翁苦寒，能入少陽血分，而涼血止澼 (D)秦皮苦寒，性濇，能涼肝益腎而固下焦",C,98-中醫方劑學.csv,
2,"有關清震湯之敘述，下列何者錯誤？
(A)治雷頭風，頭面疙瘩腫痛，憎寒壯熱，狀如傷寒 (B)組成：升麻、蒼朮、薄荷葉
(C)升麻性陽味甘氣升，能解百毒 (D)蒼朮辛烈，燥濕強脾，能辟瘴癘",B,98-中醫方劑學.csv,
3,"有關歸脾湯的敘述，下列何者錯誤？
(A)主治脾肺氣虛，榮血不足，驚悸健忘，寢汗發熱，食少無味，身倦肌瘦，色枯氣短
(B)或治脾虛不能攝血，致血妄行
(C)木香與補藥為佐則補，與泄藥為君則泄
(D)遠志苦泄心熱，棗仁酸歛心氣",A,98-中醫方劑學.csv,
4,"有關龍腦雞蘇丸的敘述，下列何者錯誤？
(A)治肺有鬱熱，欬嗽吐血，衄血下血 (B)治熱淋消渴，口臭口苦，清心明目
(C)方中以人參為君，補氣止血 (D)方中柴胡平肝，解肝熱
代號：60140
頁次：4－2",C,98-中醫方劑學.csv,
5,"有關葛根黃連黃芩湯的敘述，下列何者正確？
(A)治太陽病麻黃證，醫反下之，利遂不止，脈促者 (B)此足太陽少陽藥也
(C)舍桂枝而用葛根，專治陽明之裏 (D)煎煮法為「先煮葛根，內諸藥煎」",D,98-中醫方劑學.csv,
6,"有關十神湯之敘述，下列何者正確？
(A)煎服法：加薑、棗煎 (B)蒼朮、防風、葛根是組成藥物之一
(C)陽經外感之通劑 (D)加減法：口乾舌燥加石斛",C,98-中醫方劑學.csv,
7,"藥物組成中不含乾薑的為下列何方？
(A)漿水散 (B)白通加人尿豬膽汁湯 (C)回陽返本湯 (D)樂令建中湯",D,98-中醫方劑學.csv,
8,"清脾飲治瘧疾熱多寒少，口苦嗌乾，小便赤澀，脈來弦數，若見大渴，宜加下列何者？
(A)麥冬、知母 (B)石膏、知母 (C)常山、草果 (D)烏梅、茵陳",A,98-中醫方劑學.csv,
9,"下列何者治陰汗如水，陰冷如冰，腳痿無力？
(A)東垣黃耆人參湯 (B)東垣補肝湯 (C)補氣丸 (D)補氣湯",B,98-中醫方劑學.csv,
10,"下列何者為獨活湯與獨活寄生湯的共同組成藥物？
(A)獨活、桑寄生、羌活 (B)防風、細辛、川芎 (C)當歸、人參、遠志 (D)桂心、芍藥、甘草",B,98-中醫方劑學.csv,
11,"下列何方的藥物組成中不含有半夏？
(A)六和湯 (B)清脾飲 (C)茵陳丸 (D)定喘湯",C,98-中醫方劑學.csv,
12,"下列何方的藥物組成中不含有芍藥？
(A)冰解散 (B)五積散 (C)麻黃白朮湯 (D)防風通聖散",C,98-中醫方劑學.csv,
13,"感應丸治寒積瀉痢，方中何藥升降諸氣，和脾肝？
(A)肉蔻 (B)丁香 (C)木香 (D)杏仁",C,98-中醫方劑學.csv,
14,"下列何者非當歸拈痛湯之組成藥物？
(A)羌活、防風 (B)升麻、葛根 (C)蒼朮、白朮 (D)黃柏、茯苓",D,98-中醫方劑學.csv,
15,"陳皮、白朮、黃耆、人參、白芍、乾薑、藿香、甘草組成下列何方？
(A)補中湯 (B)治中湯 (C)安中散 (D)黃耆湯",D,98-中醫方劑學.csv,
16,"下列何者屬於良方牡丹皮散的組成藥物？
(A)赤芍、川芎 (B)歸尾、地龍 (C)桃仁、丹參 (D)牛膝、三稜",D,98-中醫方劑學.csv,
17,"下列何者屬於總錄止痛當歸湯的組成藥物？
(A)當歸、川芎 (B)生地、芍藥 (C)黃耆、白朮 (D)人參、元胡",B,98-中醫方劑學.csv,
18,"下列何者屬半夏天麻白朮湯與清暑益氣湯的共同組成藥物？
(A)天麻、乾薑 (B)當歸、黃柏 (C)蒼朮、澤瀉 (D)升麻、葛根",C,98-中醫方劑學.csv,
19,"下列何者為和中健脾丸的組成藥物？
(A)木香、檳榔 (B)白朮、人參 (C)厚朴、山查 (D)半夏、茯苓
代號：60140
頁次：4－3",A,98-中醫方劑學.csv,
20,"下列何者不是中滿分消丸與中滿分消湯的共同組成藥物？
(A)厚朴、黃柏 (B)人參、茯苓 (C)乾薑、半夏 (D)黃連、澤瀉",A,98-中醫方劑學.csv,
21,"鳳髓丹與療腎滋本丸的共同藥物組成為下列何者？
(A)五味子 (B)熟地黃 (C)山藥 (D)黃柏",D,98-中醫方劑學.csv,
22,"有關葛花解酲湯之敘述，下列何者錯誤？
(A)手足陽明藥 (B)乃內外分消之劑
(C)豆蔻、砂仁，驅濕熱從小便出 (D)葛花獨入陽明，令濕熱從肌肉而解",C,98-中醫方劑學.csv,
23,"下列何者為嚴氏鱉甲飲與直指秦艽扶羸湯的共同組成藥物？
(A)黃耆、白朮 (B)人參、地骨皮 (C)鱉甲、甘草 (D)草果、紫菀",C,98-中醫方劑學.csv,
24,"丹溪治氣血兩虛而脫肛者，用下列何組藥物？
(A)訶子、罌粟殼、附子、肉桂 (B)黃耆、當歸、升麻、人參、川芎
(C)柴胡、白朮、肉豆蔻、木香、甘草 (D)生地、熟地、黃芩、黃柏、黃連",B,98-中醫方劑學.csv,
25,"返魂丹治胎前產後一切諸病，但因各證不同而有不同服法，下列何者正確？
(A)產後瀉血，炒鹽湯下 (B)產後痢疾，棗湯下
(C)產後帶下，膠艾湯下 (D)產後二便不通，煩躁口苦，米湯下",C,98-中醫方劑學.csv,
26,"依〈勿藥元詮〉，下列何者錯誤？
(A)坐臥濕地，則病腳氣攣痹 (B)衝風冒雨，則病身重身痛
(C)長著汗衣，則病麻木發黃 (D)飢餓澡浴，則病骨節煩痛",A,98-中醫方劑學.csv,
27,"東垣枳實消痞丸之組成藥物中，枳實如何炮製？
(A)薑汁炒 (B)土炒 (C)麩炒 (D)酒炒",C,98-中醫方劑學.csv,
28,"有關茯菟丹的服用法，下列何者正確？
(A)漏精燈心湯下 (B)赤濁米飲下 (C)白濁茯苓湯下 (D)消渴鹽湯下",C,98-中醫方劑學.csv,
29,"下列何者為局方黑神散加酒煎煮之作用？
(A)引清熱藥上行 (B)助養陰之品升騰 (C)以緩其劑之峻利 (D)引入血分以助藥力",D,98-中醫方劑學.csv,
30,"消暑丸以下列何者製為丸劑？
(A)薑汁 (B)水 (C)酒 (D)蜜",A,98-中醫方劑學.csv,
31,"炙甘草湯的煎服法，下列何者正確？
(A)先煎大棗，內阿膠烊化後，糜粥服 (B)童便白酒各半煎，食遠服
(C)水酒各半煎，內阿膠烊化服 (D)諸藥研末，每服三錢，以酒煎阿膠配服
代號：60140
頁次：4－4",C,98-中醫方劑學.csv,
32,"李某，45 歲，感冒兩天，惡寒重，微發熱，頭痛連腦，身痛，無汗，面色白，說話無力，手足冰冷，舌
淡胖苔薄白，脈沉，下列何方最適宜？
(A)人參敗毒散 (B)參蘇飲 (C)桂枝新加湯 (D)麻黃附子細辛湯",D,98-中醫方劑學.csv,
33,"42 歲男性，失眠多年。伴有心煩，口苦，便軟，胸悶，心悸，多夢，脈滑，舌微紅，苔白膩。下列何方
最適宜？
(A)天王補心丹 (B)酸棗仁湯 (C)黃連阿膠雞子黃湯 (D)溫膽湯",D,98-中醫方劑學.csv,
34,"孫先生35歲為外務員，平素精神不佳，食慾不振，口渴，自汗出，夏天雨後全身困倦沉重，小便不利色
赤，脈沉細而虛，下列何方最適宜？
(A)白虎加參湯 (B)清暑益氣湯 (C)四味香薷飲 (D)豬苓湯",B,98-中醫方劑學.csv,
35,"67 歲女性，二十多年來大便四五日一行，晨起口苦咽乾，平日易怒，胸悶喜嘆氣，舌紅苔白，脈弦細，
治宜下列何者？
(A)麻子仁丸 (B)潤腸丸 (C)增液承氣湯 (D)小柴胡湯",D,98-中醫方劑學.csv,
36,"60 歲男性，咳嗽氣喘痰湧，日夜不能安臥已逾半年，今年冬季更甚，初服蘇子降氣湯，小青龍湯，溫肺
飲無效，繼服六君子湯及真武湯亦不應，一日來診，觀之形瘦面白，脈虛弱。下列何者為其辨證？
(A)痰濕阻滯 (B)肝火犯肺，灼液成痰
(C)肺腎虛寒，水泛為痰 (D)心陽虛衰，凌心射肺",C,98-中醫方劑學.csv,
37,"60 歲男性，咳嗽氣喘痰湧，日夜不能安臥已逾半年，今年冬季更甚，初服蘇子降氣湯，小青龍湯，溫肺
飲無效，繼服六君子湯及真武湯亦不應，一日來診，觀之形瘦面白，脈虛弱，宜以下列何方治之？
(A)礞石滾痰丸加白芥子、半夏、浙貝母 (B)玉屏風散加杏仁、紫蘇子、前胡
(C)金水六君煎加乾薑、細辛、五味子 (D)桂附八味丸加半夏、竹茹、紫蘇子",C,98-中醫方劑學.csv,
38,"40 歲女性，以往無特殊病史，亦無任何不適，一日與鄰居吵架後，開始出現胸悶脹，呼吸喘促，胃脘脹
悶，食不下等症狀，望其舌淡紅邊尖有朱點苔薄白，切其脈弦，下列何方最適宜？
(A)四磨湯 (B)烏藥順氣散 (C)越鞠丸 (D)橘皮竹茹湯",A,98-中醫方劑學.csv,
39,"60歲男性工人，自訴手足麻木已數年，近一週忽覺手臂有一點痛，餘無他症，切其脈弦澀，舌暗紅瘀斑，
下列何方最適宜？
(A)活絡丹 (B)如聖飲 (C)蠲痹湯 (D)三痹湯",A,98-中醫方劑學.csv,
40,"有一語音無力的老榮民因便秘來院就診，醫師問診知其腹不脹，身亦不熱，但小便量多，又診其脈弱、
苔薄舌微紅。此病例最宜選用下列何方治療？
(A)三一承氣湯 (B)三化湯 (C)麻子仁丸 (D)調胃承氣湯",C,98-中醫方劑學.csv,
1,"下列何者非牛膝酒蒸之主治？
(A) 淋痛尿血 (B) 腰膝骨痛 (C) 久瘧下痢 (D) 傷中少氣",A,97-中醫藥物學.csv,
2,"依《神農本草經讀》，有關肉蓯蓉的敘述，下列何者錯誤？
(A) 氣味甘微溫，可除莖中寒熱痛 (B) 可養五臟，強陰，益精氣，多子
(C) 可補中，治五勞七傷 (D) 可通十二經，達九竅",D,97-中醫藥物學.csv,
3,"半夏經下列何種造麴法所得之炮製品可治清水痰？
(A) 牛膽麴 (B) 皂角麴 (C) 礬麴 (D) 霞天麴",C,97-中醫藥物學.csv,
4,"依《神農本草經讀》，補骨脂主五勞七傷及婦人血氣墮胎，把墮胎當病情解者為以下何人？
(A) 葉天士 (B) 汪訒庵 (C) 李瀕湖 (D) 陳修園",D,97-中醫藥物學.csv,
5,"依《神農本草經讀》，下列何者性辛溫，能治寒熱咳逆諸症及止痛？
(A) 丹皮 (B) 吳茱萸 (C) 延胡索 (D) 鈎 藤",B,97-中醫藥物學.csv,
6,"依《神農本草經讀》，下列何者甘寒無毒，主身熱、洩澼、女子乳難、癃閉、能利小便，蕩胃中積聚？
(A) 滑石 (B) 竹茹 (C) 知母 (D) 石膏",A,97-中醫藥物學.csv,
7,"依《神農本草經讀》，下列何藥別名蘆茹，氣味苦寒，能治黃疸？
(A) 茵陳蒿 (B) 茜草 (C) 赤石脂 (D) 荊芥",B,97-中醫藥物學.csv,
8,"依《神農本草經讀》，天門冬之性味為何？
(A) 甘寒 (B) 苦平 (C) 苦辛平 (D) 甘淡鹹平",B,97-中醫藥物學.csv,
9,"依《神農本草經讀》，茵陳蒿性味為何？
(A) 苦平微寒 (B) 甘苦微寒 (C) 味苦甘辛 (D) 鹹平微寒",A,97-中醫藥物學.csv,
10,"依《神農本草經讀》，肉蓯蓉能補五臟之精，益精氣，其尚能治婦人何症？
(A) 腰痛 (B) 癥瘕 (C) 帶赤白 (D) 腹脹",B,97-中醫藥物學.csv,
11,"下列何者止血而不留瘀，孟詵認為產後可用？
(A) 藕 (B) 地榆 (C) 槐花 (D) 棕櫚",A,97-中醫藥物學.csv,
12,"味甘，可補肝、益腎而明耳目，用之以補風虛、烏髭髮者，下列何藥最宜？
(A) 覆盆子 (B) 熟地黃 (C) 何首烏 (D) 女貞子",D,97-中醫藥物學.csv,
13,"乳香、沒藥為一常用藥對，下列敘述何者錯誤？
(A) 乳香為樹脂類藥材 (B) 沒藥有散瘀定痛作用，能治金瘡杖瘡
(C) 沒藥去風伸筋，活血調氣作用比乳香佳 (D) 乳香辛溫通十二經
代號：70130
頁次：4－2",C,97-中醫藥物學.csv,
14,"下列何者藥用部位為心材，具有止血定痛，療金瘡作用？
(A) 薰陸香 (B) 降真香 (C) 楓脂香 (D) 乳香",B,97-中醫藥物學.csv,
15,"關於玄參之敘述，下列何者錯誤？
(A) 治傷寒陽毒發斑 (B) 治 懊 憹 煩 渴 喉 痹 (C) 能壯水以制火 (D) 脾虛腹脹者忌用",D,97-中醫藥物學.csv,
16,"胡黃連與黃連功用相同之處，下列何者正確？
(A) 益肝膽，厚腸胃 (B) 熱痢疸黃 (C) 燥渴虛煩 (D) 癖痢腹痛",A,97-中醫藥物學.csv,
17,"下列何功效，小薊不如大薊？
(A) 下氣 (B) 消癰毒 (C) 破血 (D) 除血熱",B,97-中醫藥物學.csv,
18,"關於木賊之主治，下列何者錯誤？
(A) 目疾 (B) 諸氣病 (C) 崩中 (D) 痔 瘻",B,97-中醫藥物學.csv,
19,"下列何藥無法治崩帶？
(A) 香附 (B) 益智仁 (C) 蒲黃 (D) 紫草",D,97-中醫藥物學.csv,
20,"下列敘述何者正確？
(A) 巴旦杏仁：甘平；能止欬上氣，消心腹逆悶，功專潤肺
(B) 梅花：酸濇甘；能清香開胃散鬱，止渴生津，解熱滌煩
(C) 香欒：苦甘辛酸而平；能下氣消食，快膈化痰，解酒毒
(D) 化州橘紅：辛熱；能理氣化痰",C,97-中醫藥物學.csv,
21,"下列敘述何者錯誤？
(A) 金：性辛平有毒；治驚癇風熱肝膽之病
(B) 銅綠：性酸平微毒；治風爛淚眼，惡瘡，婦人血氣心痛
(C) 鉛：性甘寒；治驚疳，瘧痢
(D) 密陀僧：性辛平小毒；能消積殺蟲，療腫毒",D,97-中醫藥物學.csv,
22,"下列有關石蓮子的敘述何者錯誤？
(A) 石蓮子入水則沉，入鹵則浮 (B) 石蓮子其味苦
(C) 石蓮子清心除煩 (D) 石蓮子人得食之髮黑不老",B,97-中醫藥物學.csv,
23,"關於木瓜與柿的敘述，下列何者錯誤？
(A) 木瓜及柿乾均入脾肺血分
(B) 木瓜及柿乾之性味中均帶酸濇
(C) 木瓜化食，取其酸能斂，斂則化；柿蒂止嘔逆乃取其苦寒降氣
(D) 木瓜能斂肺和胃，理脾伐肝；柿乾能健脾濇腸，潤肺寧嗽",C,97-中醫藥物學.csv,
24,"關於密蒙花的敘述，下列何者錯誤？
(A) 性味甘而微寒 (B) 入肝經氣血分
(C) 能治目中赤脈、青盲膚翳、赤腫眵淚 (D) 炮製宜醋浸一宿，候乾，蜜拌蒸曬三次",D,97-中醫藥物學.csv,
25,"下列何藥功同竹瀝，而性和緩，無寒滑之患？
(A) 淡竹葉 (B) 竹茹 (C) 天竹黃 (D) 荊瀝",C,97-中醫藥物學.csv,
26,"關於皂角及皂角刺的敘述，下列何者錯誤？
(A) 皂角辛鹹性燥，氣浮而散；皂角刺辛溫
(B) 皂角入肺大腸經，兼入肝；皂角刺能直達患處
(C) 皂角煎膏貼一切痹痛；皂角刺合蒼朮焚能辟瘟疫濕氣
(D) 皂角多脂者良；皂角刺癰疽已潰者禁用",C,97-中醫藥物學.csv,
27,"下列何藥可治風瘡疥癬，女子陰中腫痛，單味煎湯可治產後風？
(A) 旱蓮草 (B) 馬鞭草 (C) 土茯苓 (D) 白鮮皮",D,97-中醫藥物學.csv,
28,"下列何藥沒有行十二經之功用？
(A) 防己 (B) 甘遂 (C) 附子 (D) 香附",B,97-中醫藥物學.csv,
29,"下列藥材中，何者形狀非「連珠」者？
(A) 黃連 (B) 甘遂 (C) 胡黃連 (D) 巴天",C,97-中醫藥物學.csv,
30,"下列何者非括蔞仁之功效主治？
(A) 結胸胸痺 (B) 通乳消腫 (C) 歛肺止嗽 (D) 二便不通",C,97-中醫藥物學.csv,
31,"連翹不入下列何經氣分？
(A) 手厥陰經 (B) 手太陽經 (C) 手少陽經 (D) 手陽明經",B,97-中醫藥物學.csv,
32,"豨薟草主治中，若痹痛屬下列何者兩虛，陰血不足，不由風濕而得者忌服？
(A) 心脾 (B) 肝脾 (C) 肝腎 (D) 脾腎
代號：70130
頁次：4－3",D,97-中醫藥物學.csv,
1,"益氣聰明湯為下列何經藥？
(A) 足太陰陽明少陰厥陰 (B) 手足太陰足少陽 (C) 手太陰足少陽 (D) 手太陰足少陰",A,97-中醫方劑學.csv,
2,"下列何者不是滋腎丸的主治證候？
(A) 陰痿陰汗 (B) 口渴而小便秘 (C) 衝脈上衝而喘 (D) 腎虛蒸熱",B,97-中醫方劑學.csv,
3,"有關嚴氏清魂散的敘述，下列何者正確？
(A) 主治惡露不行 (B) 人參是君藥
(C) 溫酒調下 (D) 當歸、澤蘭是方劑組成成分",C,97-中醫方劑學.csv,
4,"下列何組方藥最宜治療產後胞損成淋瀝證？
(A) 白朮、人參、茯苓、黃耆、桃仁、陳皮、炙甘草
(B) 白朮、當歸、川芎、熟地、人參、芍藥、陳皮、半夏、炙甘草
(C) 白朮、陳皮、大腹皮、薑皮、茯苓皮
(D) 人參、細辛、當歸、甘草、燈草、木通、滑石、麥冬",A,97-中醫方劑學.csv,
5,"下列何組方藥最宜治療勞役飲食不節所致之內障目病？
(A) 甘菊花、枳殼、生地黃、天冬
(B) 人參、當歸、防風、葛根、黃連、細辛、蔓荊子、甘草
(C) 枸 子、當歸、熟地黃、菟絲子、車前子
(D) 白芍、甘草、黃耆、人參、黃柏、蔓荊子
代號：70140
頁次：4－2",D,97-中醫方劑學.csv,
6,"下列各項敘述，何者正確？
(A) 千金方用桂枝去芍藥加皂角湯治療癰疽初起
(B) 東垣散腫潰堅湯用銀花、連翹清熱解毒散結
(C) 二賢散的服法：鹽湯下
(D) 嚴氏抑氣散的組成是香附、陳皮、茯神、炙甘草",D,97-中醫方劑學.csv,
7,"下列各項敘述，何者正確？
(A) 局方茯菟丹用芡實固腎補脾 (B) 張子和固下丸用乾薑以散寒濕
(C) 東垣圓明膏用柴胡、麻黃解表散邪 (D) 嚴氏鱉甲飲用常山引吐行水",C,97-中醫方劑學.csv,
8,"下列各項敘述，何者正確？
(A) 清氣化痰丸乃治肺之通劑 (B) 托裏十補散用治諸瘡潰後膿多
(C) 大安丸與健脾丸的組成均有人參、白朮 (D) 枳實消痞丸用乾薑以去惡血而通關",D,97-中醫方劑學.csv,
9,"有關加減駐景丸的敘述，下列何者錯誤？
(A) 治肝腎氣虛，兩目昏暗 (B) 足少陰厥陰藥
(C) 車前子補肝滋腎 (D) 五味子斂耗散而助金水",C,97-中醫方劑學.csv,
10,"中滿分消丸的相關敘述，下列何者錯誤？
(A) 與中滿分消湯均是李東垣的創方 (B) 用治中滿寒脹寒疝
(C) 薑黃、砂仁是組成藥物 (D) 配用黃連有瀉熱消痞的功效",B,97-中醫方劑學.csv,
11,"有關消風散的敘述，下列何者錯誤？
(A) 治風熱上攻，頭目昏痛，項背拘急，鼻嚏聲重 (B) 治皮膚頑麻，癮疹瘙癢，婦人血風
(C) 每服三錢，酒下，瘡癬薄荷湯下 (D) 殭蠶、蟬蛻之清揚，以去皮膚之風",C,97-中醫方劑學.csv,
12,"桂心、半夏、人參、厚朴、陳皮、茯苓、白芍、紫蘇組成的方劑主治，下列何者正確？
(A) 七情鬱結，陰陽反戾，吐利交作，寒熱眩運，痞滿噎塞
(B) 七情氣鬱，痰涎結聚，咯不出，嚥不下，胸滿喘急
(C) 七情氣鬱，痰涎結聚，虛冷上氣
(D) 七情氣逆，上氣喘急，妨悶不食",A,97-中醫方劑學.csv,
13,"有關如聖飲的敘述，下列何者錯誤？
(A) 為足太陽厥陰藥 (B) 入薑汁竹瀝服
(C) 剛痙加白朮、桂枝 (D) 用烏藥者，治風須順氣",C,97-中醫方劑學.csv,
14,"下列何方的藥物組成中不含有人參？
(A) 中滿分消湯 (B) 再造散 (C) 胃風湯 (D) 木香順氣湯",D,97-中醫方劑學.csv,
15,"主治壯實人風痰鬱熱，肢體麻痹，走注疼痛，溼熱腫滿，氣血壅滿，不得宣通，宜下列何組方藥？
(A) 大黃、巴豆霜、乾薑 (B) 梔子、鱉甲、芒硝、巴豆、大黃
(C) 柴胡、大黃、甘草、厚朴、黃芩、芒硝、枳實 (D) 芫花、黑丑、大、大黃、輕粉、甘遂、大棗",D,97-中醫方劑學.csv,
16,"主治夢遺驚惕，宜下列何組方藥？
(A) 熟地、陳皮、棗仁、半夏、竹茹、遠志、茯苓、枳實、甘草、人參
(B) 山藥、菟絲子、五味子、石蓮肉、茯苓
(C) 蓮鬚、黃柏、益智仁、黃連、砂仁、茯苓、半夏、甘草、豬苓
(D) 沙苑蒺藜、蓮鬚、龍骨、芡實、蓮子粉、牡蠣",A,97-中醫方劑學.csv,
17,"有一身體瘦弱、神疲乏力的年輕女患者，因容易受驚嚇，驚則心悸不安而來就診，更抱怨平素容易畏風
自汗、懶言少氣，醫者診其脈細無力，舌淡胖有齒痕苔白。試問本病例最宜選用下列何方治療？
(A) 阿膠雞子黃湯 (B) 養心湯 (C) 甘麥大棗湯 (D) 柴胡加龍骨牡蠣湯
代號：70140
頁次：4－3",B,97-中醫方劑學.csv,
18,"下列何方組成藥物不含南星？
(A) 牛黃丸 (B) 辰砂散 (C) 青州白丸子 (D) 滌痰湯",B,97-中醫方劑學.csv,
19,"下列何方組成藥物不含杏仁？
(A) 清氣化痰丸 (B) 順氣消食化痰丸 (C) 清肺散 (D) 金沸草散",D,97-中醫方劑學.csv,
20,"關於白朮散之敘述，下列何者錯誤？
(A) 主治子腫 (B) 桑皮、五加皮辛而能散，使水從毛竅出
(C) 腹皮、苓皮淡而能泄，使水從溺竅出 (D) 用白朮之甘溫以扶脾土而隄防之，不致泛溢也",B,97-中醫方劑學.csv,
21,"有關竹葉石膏湯之敘述，下列何者錯誤？
(A) 治傷寒解後，虛羸少氣，氣逆欲吐
(B) 亦治傷暑發渴，脈實
(C) 組成：竹葉、石膏、人參、甘草、麥冬、半夏、粳米，加薑煎
(D) 竹葉、石膏之辛寒以散餘熱；半夏之辛溫以豁痰止嘔",B,97-中醫方劑學.csv,
22,"有關黃耆湯之敘述，下列何者錯誤？
(A) 治心中煩躁，不生津液，不思飲食
(B) 組成：黃耆、熟地黃、芍藥、五味子、麥冬、天冬、人參、甘草、茯苓
(C) 煎服法：每服三錢，加薑汁、大棗煎
(D) 此手足太陰藥",C,97-中醫方劑學.csv,
23,"有關元參升麻湯之敘述，下列何者錯誤？
(A) 治發斑咽痛 (B) 組成：元參、升麻、甘草
(C) 升麻能入太陽，升陽而解毒 (D) 元參能入少陰，壯水以制火",C,97-中醫方劑學.csv,
24,"有關清骨散的方義，下列敘述何者錯誤？
(A) 用治骨蒸勞熱 (B) 柴胡、黃連、知母是組成藥物
(C) 鱉甲能引諸藥入骨而補陰 (D) 足少陽厥陰藥",B,97-中醫方劑學.csv,
25,"有關防己飲之敘述，下列何者正確？
(A) 治寒濕腳氣 (B) 宜食後服
(C) 肥人有痰加竹瀝、薑汁，或南星 (D) 防己行水療風，降心火由小便出",C,97-中醫方劑學.csv,
26,"有關中滿分消丸之敘述，下列何者正確？
(A) 東垣治中滿寒脹 (B) 方中厚朴、枳實瀉熱而消痞
(C) 知母治陽明獨勝之火，潤腎滋陰 (D) 黃連、黃芩瀉脾腎妄行之水，升清降濁",C,97-中醫方劑學.csv,
27,"關於大順散的敘述，下列何者正確？
(A) 組成為乾薑、當歸、杏仁、甘草 (B) 製法為先將甘草用白砂炒，次入薑杏炒過
(C) 為足太陰藥 (D) 屬於正治法",B,97-中醫方劑學.csv,
28,"升陽除濕防風湯組成中，藥物劑量最重的為下列何者？
(A) 蒼朮 (B) 白朮 (C) 茯苓 (D) 防風",A,97-中醫方劑學.csv,
29,"有關藿香正氣散的敘述，下列何者錯誤？
(A) 元氣虛弱之人慎用 (B) 橘皮、半夏，散逆除痰，為臣使也
(C) 方中茯苓、白朮，益脾去濕 (D) 方中厚朴、大腹皮，行水消滿
代號：70140
頁次：4－4",B,97-中醫方劑學.csv,
30,"川芎茶調散與羌活沖和湯的比較，下列何者正確？
(A) 二方的細辛用量一樣 (B) 組成中有五味相同藥物
(C) 二方皆可治憎寒壯熱 (D) 二方均用茶調服",C,97-中醫方劑學.csv,
31,"九味羌活陽治傷寒傷風，憎寒壯熱，頭痛身痛，項痛脊強，嘔吐口渴，太陽無汗，及感冒四時不正之氣，溫
病熱病；若關節痛甚無汗時應加減下列何藥？
(A) 去蒼朮，加白朮、黃耆 (B) 加杏仁 (C) 倍用防風 (D) 倍用羌活",D,97-中醫方劑學.csv,
32,"下列何方製成成方中不需羊肉？
(A) 虎潛丸 (B) 唐鄭相國方 (C) 當歸羊肉湯 (D) 天真丸",B,97-中醫方劑學.csv,
33,"下列何方的藥物組成中含有羌活？
(A) 胃風湯 (B) 麻黃白朮湯
(C) 白朮附子湯 (D) 補脾胃瀉陰火升陽湯",D,97-中醫方劑學.csv,
34,"30 歲男性工人，一日忽然感到全身麻木，骨節疼痛，行走艱難，並伴有說話發音不正常，至醫院做電腦
斷層掃描檢查（CTscan），結果並無任何異常，切其脈浮弦。下列何方最適宜？
(A) 河間地黃飲子 (B) 烏藥順氣散 (C) 牽正散 (D) 活絡丹",B,97-中醫方劑學.csv,
35,"有關黃耆鱉甲散的敘述，下列何者錯誤？
(A) 治男女虛勞客熱，五心煩熱，四肢怠惰，欬嗽咽乾，自汗食少，或日晡發熱
(B) 即秦艽扶羸湯減當歸，加黃耆、茯苓、生地、芍藥、天冬、知母、桑皮、桔梗、肉桂
(C) 秦艽、地骨皮以散內熱而除蒸
(D) 柴胡散少陽之邪",D,97-中醫方劑學.csv,
36,"桑白皮、地骨皮、黃芩、知母、麥冬、五味子、桔梗組成，下列何者正確？
(A) 易老瀉白散 (B) 東垣加減瀉白散 (C) 寶鑑加減瀉白散 (D) 羅謙甫加減瀉白散",D,97-中醫方劑學.csv,
37,"有關桂枝加大黃湯的敘述，下列何者錯誤？
(A) 治太陽誤下，轉屬陽明，腹滿大實痛
(B) 若裏證尚淺，腹滿時痛，猶宜和之以桂枝加芍藥湯
(C) 惟滿痛便秘口燥咽乾者，方可以此湯下之
(D) 乃桂枝湯加大黃一兩，芍藥三兩",A,97-中醫方劑學.csv,
38,"一位45歲男性，平素有糖尿病史，近日血糖突升高至350 mg/dL，而出現多食善飢，口渴欲飲症狀，緊
急求助中醫治療，經診察發現脈細數，舌質紅，舌少苔，無外感或任何發炎現象，下列敘述何者錯誤？
(A) 本患者出現善消水穀證候，屬中醫「渴證胃熱」範疇
(B) 臨床可以考慮使用「朱丹溪消渴方」治療，其組成：黃連、天花粉、熟地汁、甘蔗汁、牛乳
(C) 消渴方的製服法：黃連、花粉為末調服，或加薑汁、蜂蜜為膏，噙化
(D) 消渴方中黃連苦寒，以瀉心火；花粉、藕汁降火生津",B,97-中醫方劑學.csv,
39,"有關川芎茶調散之敘述，下列何者錯誤？
(A) 可升散風熱
(B) 足三陽藥
(C) 方中防風為風藥卒徒
(D) 一方加菊花、蟬退，名菊花茶調散，治頭目風熱",D,97-中醫方劑學.csv,
40,"30歲女性在天冷時不慎感冒，出現發熱頭痛、惡寒、咳嗽、吐痰、氣湧，下列何組方藥最適宜？
(A) 羌活、葛根、白芷、柴胡、桔梗、甘草、黃芩、芍藥
(B) 川芎、紫蘇、陳皮、柴胡、乾葛、半夏、茯苓、枳殼、生薑、大棗、甘草、桔梗、木香
(C) 香附、紫蘇、陳皮、甘草
(D) 羌活、桂枝、細辛、附子、防風、人參、黃耆、川芎",B,97-中醫方劑學.csv,
1,"古某，主訴聽覺減退，耳鳴，時重時輕，視物昏花，頭痛時發，平日煩勞過度，勞則耳鳴加重，常感到
倦怠四肢無力，舌淡紅，苔白膩，脈細弱，下列何方最適宜？
(A)(A)菊地黃丸 (B)龍膽瀉肝湯 (C)益氣聰明湯 (D)溫膽湯",C,96-中醫方劑學.csv,
2,"20 歲女性患者，主訴一週來脘腹綿綿作痛，喜溫喜按，嘔吐便溏，並見有脘痞食少，畏寒肢冷等症，口
不渴，舌淡苔白潤，脈沈細，治宜下列何者？
(A)小建中湯 (B)人參養胃湯 (C)理中湯 (D)參苓白朮散",C,96-中醫方劑學.csv,
3,"有關柏子仁丸（收澀之劑）之敘述，下列何者錯誤？
(A)柏子仁之甘辛平，清熱寧心為君 (B)牡蠣、麥麩之鹹涼，靜躁收脫為臣
(C)五味酸歛濇收，半夏和胃燥濕為佐 (D)麻黃根專走肌表，引人參、白朮以固衛氣為使",A,96-中醫方劑學.csv,
4,"75 歲女性患者，平素有心臟瓣膜閉鎖不全，體弱易外感，近日天氣忽冷忽熱，出現發熱頭痛，鼻塞咳嗽
有白黏痰，嘔逆泄瀉，苔白脈浮弱，宜治以下列何方？
(A)藿香正氣散 (B)荊防敗毒散 (C)參蘇飲 (D)十神湯",C,96-中醫方劑學.csv,
5,"依《重訂通俗傷寒論》，下列何者是柴胡達原飲的功用？
(A)清膽利濕，和胃化痰 (B)透邪解鬱，疏肝理脾 (C)宣濕化痰，透達膜原 (D)疏肝解鬱，健脾和營
代號：70140
頁次：4－2",C,96-中醫方劑學.csv,
6,"桂苓甘朮湯的組成中，何者劑量最重？
(A)桂枝 (B)茯苓 (C)甘草 (D)白朮",B,96-中醫方劑學.csv,
7,"地芝丸由生地黃、枳殼與下列何藥所組成？
(A)麥冬、甘菊花 (B)麥冬、密蒙花 (C)天冬、甘菊花 (D)天冬、密蒙花",C,96-中醫方劑學.csv,
8,"治療酒食生痰，胸膈膨悶，五更咳嗽的方劑，下列何者不是其組成之一？
(A)膽星 (B)香附 (C)枳實 (D)葛根",C,96-中醫方劑學.csv,
9,"有關枳朮丸之敘述，下列何者正確？
(A)為李東垣所創 (B)為末，荷葉包陳米飯煨乾為丸
(C)加神麴、麥芽名消飲丸 (D)枳實之劑量大於白朮",B,96-中醫方劑學.csv,
10,"關於《良方》紫菀湯之敘述，下列何者錯誤？
(A)桔梗、桑皮之涼以瀉之 (B)麥冬、竹葉之寒以清之
(C)紫菀、炙草之溫以潤之 (D)杏仁、白蜜之澤以潤之",B,96-中醫方劑學.csv,
11,"下列何者非平胃散之加味方？
(A)除濕湯 (B)和解散 (C)厚朴溫中湯 (D)對金飲子",C,96-中醫方劑學.csv,
12,"關於清魂散之敘述，下列何者錯誤？
(A)治產後氣血虛弱，又感風邪 (B)以人參補氣為君
(C)肝藏魂故曰清魂 (D)以溫酒調下",B,96-中醫方劑學.csv,
13,"左金丸以下列何者製為丸劑？
(A)水 (B)酒 (C)蜜 (D)粥",A,96-中醫方劑學.csv,
14,"桃紅四物去川芎加天冬、麥冬、栝蔞主治下列何證？
(A)內燥津液枯少 (B)肺金受濕熱之邪 (C)血虛外燥 (D)肺傷咽痛，喘嗽痰血",A,96-中醫方劑學.csv,
15,"有關清胃散之敘述，下列何者錯誤？
(A)治胃有積熱，上下牙痛，牽引頭腦，滿面發熱
(B)治牙喜寒惡熱，或牙齦潰爛，或牙宣出血，或唇口頰腮腫痛
(C)組成為：生大黃、牡丹皮、黃連、當歸、升麻
(D)一方加石膏",C,96-中醫方劑學.csv,
16,"有關《局方》涼膈散之敘述，下列何者錯誤？
(A)治心火上盛，中焦燥實，煩躁口渴，目赤頭眩，口瘡唇裂，吐血衄血，大小便秘，諸風瘛瘲，胃熱發
斑發狂
(B)治小兒驚急，痘瘡黑陷
(C)此上中下三焦瀉火藥也
(D)組成：連翹、大黃、芒硝、甘草、梔子、黃芩、薄荷，每服三錢，加竹葉、生蜜煎
代號：70140
頁次：4－3",C,96-中醫方劑學.csv,
17,"下列何方非屬少陽陽明之藥？
(A)小承氣湯 (B)大柴胡湯 (C)柴胡升麻湯 (D)黃芩湯",D,96-中醫方劑學.csv,
18,"四逆散治陽證厥熱，若泄利下重加下列何者？
(A)附子 (B)薤白 (C)白朮 (D)乾薑",B,96-中醫方劑學.csv,
19,"回陽返本湯為四逆湯加下列何藥，治陰盛格陽？
(A)四君子湯、升麻 (B)四物湯、陳皮 (C)生脈散、陳皮 (D)升麻葛根湯、辰砂",C,96-中醫方劑學.csv,
20,"下列何方治支飲嘔吐不渴，亦治黃疸？
(A)茯苓桂枝白朮甘草湯 (B)小半夏湯 (C)大半夏湯 (D)小柴胡湯",B,96-中醫方劑學.csv,
21,"有關琥珀散之敘述，下列何者正確？
(A)含黃耆能補氣，治勞淋 (B)琥珀能降腎氣，通於膀胱
(C)木通能瀉小腸火，入於心 (D)含當歸能引血歸經，治血淋",D,96-中醫方劑學.csv,
22,"下列何方，《宣明》用治胞痹，膀胱熱痛，濇於小便，上為清涕？
(A)《金匱》甘薑苓朮湯 (B)茯苓甘草湯 (C)《金匱》腎氣丸 (D)《金匱》防己黃耆湯",A,96-中醫方劑學.csv,
23,"有關當歸補血湯的敘述，下列何者錯誤？
(A)組成為炙黃耆一兩、酒洗當歸二錢 (B)空心服
(C)此足少陰厥陰藥也 (D)適應證得之於內傷，血虛發熱，脈洪大而無力",C,96-中醫方劑學.csv,
24,"有關如聖飲的敘述，下列何者錯誤？
(A)水酒各半煎，入薑汁、竹瀝服 (B)柔痙加白朮、桂枝
(C)用烏藥者，治風須順氣也 (D)治剛柔二痙，面赤項強，頭搖口噤，角弓反張",A,96-中醫方劑學.csv,
25,"順風勻氣散的煎服法，下列何者正確？
(A)薑煎 (B)酒煎 (C)水酒各半煎 (D)蜜煎",A,96-中醫方劑學.csv,
26,"出血久不止，治以四物湯加下列何者引血歸經？
(A)升麻 (B)柴胡 (C)肉桂 (D)黃耆",A,96-中醫方劑學.csv,
27,"下列何方不含生脈散的藥物組成？
(A)回陽返本湯 (B)麻黃人參芍藥湯 (C)養心湯 (D)益元湯",C,96-中醫方劑學.csv,
28,"防風、桂枝、麻黃、杏仁、芎藭、白芍、人參、甘草、黃芩、防己、附子組成下列何者？
(A)古今錄驗續命湯 (B)附子續命湯 (C)桂枝續命湯 (D)千金大續命湯",C,96-中醫方劑學.csv,
29,"下列何者是三痹湯與羌活續斷湯的共同藥物組成？
(A)羌活、續斷、川芎 (B)人參、黃耆、桂心 (C)杜仲、當歸、牛膝 (D)秦艽、防風、獨活",C,96-中醫方劑學.csv,
30,"下列何者為調榮養衛湯及順氣和中湯的共同藥物組成？
(A)川芎、細辛 (B)當歸、熟地 (C)柴胡、羌活 (D)白芍、人參
代號：70140
頁次：4－4",A,96-中醫方劑學.csv,
31,"有關柴胡加芒硝湯的敘述，下列何者錯誤？
(A)治傷寒十三日不解，胸脅滿而嘔，日晡潮熱，已而微利
(B)表證誤下，邪熱乘虛入腸，以致下利而滿嘔，潮熱之證猶在
(C)此少陽陽明藥也
(D)其組成乃小柴胡湯，再加芒硝",B,96-中醫方劑學.csv,
32,"有關五積散的敘述，下列何者錯誤？
(A)有汗去蒼朮、桂枝
(B)其組成藥物含平胃散
(C)為解表溫中除濕之劑，去痰消痞調經之方
(D)本方能散寒積、食積、氣積、血積、痰積，故名五積",A,96-中醫方劑學.csv,
33,"關於麻黃白朮湯的敘述，下列何者錯誤？
(A)其適應證蓋因表裏俱傷，陽氣抑不得升，故風火濕熱鬱而為病也
(B)方中內含四君子湯、五苓散
(C)皆氣藥而無血藥，與五積不同
(D)此手三陽三陰通治之劑",D,96-中醫方劑學.csv,
34,"主治上中下三焦消渴，宜下列何方？
(A)天門冬、人參、熟地 (B)黃柏、砂仁、甘草 (C)大黃、甘草、黑豆 (D)黃連、黃芩、大黃",C,96-中醫方劑學.csv,
35,"下列何者《外臺》用於治吐水？
(A)當歸承氣湯 (B)大黃甘草湯 (C)破棺丹 (D)三化湯",B,96-中醫方劑學.csv,
36,"治肺勞虛熱宜下列何方？
(A)補肺湯 (B)百合固金湯 (C)補肺阿膠散 (D)人參固本丸",D,96-中醫方劑學.csv,
37,"下列何方的藥物組成中不含有當歸？
(A)七寶美髯丹 (B)天真丸 (C)大造丸 (D)秦艽扶羸湯",C,96-中醫方劑學.csv,
38,"下列何者為大青龍湯與疏邪實表湯的共同藥物組成？
(A)麻黃、桂枝 (B)桂枝、甘草 (C)杏仁、甘草 (D)麻黃、杏仁",B,96-中醫方劑學.csv,
39,"神朮散中具有散寒發汗，辟惡升陽作用的組成藥物，為下列何者？
(A)防風 (B)葱白 (C)生薑 (D)蒼朮",D,96-中醫方劑學.csv,
40,"小胃丹為下列何方加減而成？
(A)小陷胸湯 (B)十棗湯 (C)平胃散 (D)小承氣湯",B,96-中醫方劑學.csv,
1,"二陳湯治一切痰飲為病，若治頑痰膠固，宜加下列何者？
(A)菖蒲、鬱金 (B)枳實、膽星 (C)木香、香附 (D)薑黃、蒼朮",B,94-中醫方劑學.csv,
2,"下列何者由滑石、甘草、青黛組成？
(A)六一散 (B)益元散 (C)雞蘇散 (D)碧玉散",D,94-中醫方劑學.csv,
3,"有關白朮除濕湯之主治，下列敘述何者正確？
(A)午前發熱，背惡風，四肢沈困，小便色黃 (B)汗後惡寒
(C)午後發熱，背惡風，四肢沈困，小便色黃 (D)汗後虛煩",C,94-中醫方劑學.csv,
4,"許姓婦人32歲，懷孕約16週，終日煩悶，心驚膽怯，胎動不安，脈細數，舌紅苔薄黃，下列何方最適宜？
(A)天仙藤散 (B)竹葉湯 (C)鉤藤湯 (D)紫蘇飲",B,94-中醫方劑學.csv,
5,"有關橘皮竹茹湯的組成，下列何者錯誤？
(A)人參、甘草 (B)麥冬、半夏 (C)赤茯苓、枇杷葉 (D)茯苓、乾薑",D,94-中醫方劑學.csv,
6,"理中湯以何藥為使？
(A)人參 (B)白朮 (C)乾薑 (D)甘草",C,94-中醫方劑學.csv,
7,"蘇子降氣湯主治虛陽上攻，氣不升降，上盛下虛，痰涎壅盛，一方無桂，用下列何藥？
(A)木香 (B)柴胡 (C)桂枝 (D)沈香",D,94-中醫方劑學.csv,
8,"琥珀散的組成藥物中，琥珀的功用為下列何者？
(A)瀉心火入於小腸 (B)降肺氣通於膀胱 (C)升降諸氣 (D)涼心散肝，下氣破血",B,94-中醫方劑學.csv,
9,"地芝丸由生地黃、枳殼與下列何藥所組成？
(A)麥冬、蔓荊子 (B)枸杞子、防風 (C)天冬、甘菊花 (D)玉竹、荊芥",C,94-中醫方劑學.csv,
10,"治勞熱骨蒸，四肢微瘦，有汗，脈長者，何方主之？
(A)清骨散 (B)石膏散 (C)人參清肌散 (D)清蒿鱉甲散",B,94-中醫方劑學.csv,
11,"當歸拈痛湯的組成藥物中，何者為君藥？
(A)防風、羌活 (B)白朮、蒼朮 (C)苦參、知母 (D)當歸、豬苓",A,94-中醫方劑學.csv,
12,"固下丸以何藥為君？
(A)白芍 (B)樗皮 (C)良薑 (D)黃蘗",B,94-中醫方劑學.csv,
13,"下列何者為厚朴溫中湯的組成藥物？
(A)人參、白朮、草果 (B)陳皮、乾薑、草蔻 (C)茴香、肉桂、丁香 (D)蒼朮、茯苓、白朮",B,94-中醫方劑學.csv,
14,"下列何者主治項強睛暗，時氣疫癘，赤眼口瘡，諸瘡斑疹等證？
(A)九味羌活湯 (B)大羌活湯 (C)人參敗毒散 (D)羌活勝濕湯",C,94-中醫方劑學.csv,
15,"下列何方主治經行復止，血少神衰？
(A)人參荊芥湯 (B)連附四物湯 (C)四物加芩朮湯 (D)柏子仁丸",D,94-中醫方劑學.csv,
16,"40歲女性，近一週來食後欲嘔，時吐涎沫，伴有巔頂痛，舌淡白脈沈弦，治宜下列何者？
(A)左金丸 (B)丁香杮蒂湯 (C)橘皮竹茹湯 (D)吳茱萸湯",D,94-中醫方劑學.csv,
17,"紫河車、敗板、黃蘗、杜仲、牛膝、天冬、麥冬、人參及地黃組成何方？
(A)七寶美髯丹 (B)補天丸 (C)大造丸 (D)大補陰丸",C,94-中醫方劑學.csv,
18,"有關桂苓朮甘湯之敘述，下列何者錯誤？
(A)治心下有痰飲，胸脅支滿，目眩 (B)甘草得茯苓，則不資滿而反泄滿
(C)此證為痰飲阻抑其陽，故用陽藥以升陽而化氣也 (D)此足少陰藥也
（請接背面）
全一張",D,94-中醫方劑學.csv,
19,"有關炙甘草湯的敘述，下列何者錯誤？
(A)治傷寒脈結代，心動悸，及肺痿欬唾多，心中溫溫液液者
(B)組成：甘草、生薑、桂枝、人參、阿膠、生地黃、麥冬、麻仁、大棗
(C)煎服法：水煎，內阿膠烊化服
(D)喻嘉言曰：此仲景傷寒門中之聖方也，千金翼用治虛勞，外臺用治肺痿",C,94-中醫方劑學.csv,
20,"治火爍肺金，血虛外燥，皮膚皺揭，筋急爪枯，或大便風秘，應以下列何方主之？
(A)滋燥養榮湯 (B)清燥湯李東垣
(C)活血潤燥生津湯朱丹溪 (D)清燥救肺湯",A,94-中醫方劑學.csv,
21,"有關麥門冬湯之敘述，下列何者錯誤？
(A)治火逆上氣，咽喉不利 (B)組成：麥門冬、半夏、人參、甘草、大棗、粳米
(C)喻嘉言曰：此胃中津液乾枯，虛火上炎之證 (D)半夏一味辛溫，用以化痰止嘔",D,94-中醫方劑學.csv,
22,"有關當歸四逆湯方義，下列何者正確？
(A)當歸之辛溫以助肝血 (B)此足少陽藥也
(C)芍藥之酸以收肝氣 (D)大棗、甘草、通草以緩陰血",D,94-中醫方劑學.csv,
23,"理中湯中加下列何藥，名治中湯，治理中湯證腹滿痞悶，兼食積者？
(A)青皮、陳皮 (B)山楂、神麯 (C)厚朴、草果 (D)陳皮、茯苓",A,94-中醫方劑學.csv,
24,"下列何方治病後脾肺氣虛而致腫滿？
(A)羅氏五皮飲 (B)實脾飲 (C)中滿分消湯 (D)大橘皮湯",A,94-中醫方劑學.csv,
25,"下列何方治濕熱諸淋？
(A)萆薢分清飲 (B)琥珀散 (C)八正散 (D)豬苓湯",B,94-中醫方劑學.csv,
26,"傷寒病解後，痞鞕噫氣，不下利者，用旋覆代赭石湯，下利者，用下列何方最宜？
(A)參苓白朮散 (B)生薑瀉心湯 (C)附子瀉心湯 (D)補中益氣湯",B,94-中醫方劑學.csv,
27,"有關人參養榮湯的敘述，下列何者錯誤？
(A)手少陰手足太陰氣血藥 (B)能引心氣下交於腎
(C)桂心能導諸藥入營生血 (D)亦治發汗過多，身振脈搖，筋愓肉瞤",B,94-中醫方劑學.csv,
28,"有關順風勻氣散的敘述，下列何者錯誤？
(A)羌活、防風、白芷以疏風氣 (B)烏藥、青皮、沈香以行滯氣
(C)人參、白朮、炙草以補正氣 (D)治中風半身不遂，口眼喎邪",A,94-中醫方劑學.csv,
29,"下列何者屬於六和湯與藿香正氣散的相同組成藥物？
(A)砂仁、枳殼、陳皮、白朮 (B)藿香、厚朴、半夏、白朮
(C)砂仁、厚朴、陳皮、蒼朮 (D)藿香、枳殼、半夏、蒼朮",B,94-中醫方劑學.csv,
30,"稀涎散的用法為何？
(A)熟水或酸虀水調下 (B)令病人噙水一口，以此散一字吹入鼻中
(C)為末，溫水調下 (D)燒鹽、熱童便，三飲而三吐之",C,94-中醫方劑學.csv,
31,"有關薑茶飲的敘述，下列何者錯誤？
(A)治赤白痢，及寒熱瘧 (B)濃煎服，或微炒煎
(C)組成為乾薑、新茶 (D)茶助陰，薑助陽，使寒熱平調，並能消暑，解酒食毒",C,94-中醫方劑學.csv,
32,"下列何方為陽經外感之通劑？
(A)十神湯 (B)葛根湯 (C)桂枝湯 (D)九味羌活湯",A,94-中醫方劑學.csv,
33,"小建中湯以何藥為君，除此藥即不名建中矣？
(A)桂枝 (B)芍藥 (C)飴糖 (D)甘草",C,94-中醫方劑學.csv,
34,"有關川芎茶調散之敘述，下列何者錯誤？
(A)治諸風上攻，正偏頭痛，惡風有汗，憎寒壯熱，鼻塞痰盛，頭暈目眩
(B)薄荷、荊芥並能消散風熱，清利頭目，故以為君
(C)一方加菊花、白附子，名菊花茶調散，治頭目風熱
(D)用茶調者，茶能上清頭目",C,94-中醫方劑學.csv,
35,"31歲男性，神昏譫語，身熱似火，小便短赤，大便數日未解，渴喜滾燙水飲，脈浮虛欲散，治宜下列何方？
(A)大承氣湯 (B)黃連解毒湯 (C)紫雪丹 (D)白通湯加肉桂",D,94-中醫方劑學.csv,
36,"下列何者的組成藥物中含有荊芥、玄參，治療咽喉腫痛？
(A)元參升麻湯 (B)普濟消毒飲 (C)玉屑無憂散 (D)利膈散",C,94-中醫方劑學.csv,
37,"吳茱萸湯加下列何藥，可治寒疝腰痛，牽引睪丸，尺脈沈遲？
(A)烏藥 (B)附子 (C)小茴香 (D)肉桂",B,94-中醫方劑學.csv,
38,"有一 36 歲女性患者，主訴腹脹，月經來前症狀加重。伴有頭暈，胸悶，脈弦細，舌淡紅，苔薄白等證。下列何方最
適宜？
(A)枳實導滯丸 (B)天麻鉤藤飲 (C)芍藥甘草湯 (D)逍遙散",D,94-中醫方劑學.csv,
39,"失笑散加木通、赤芍各五錢，每四錢入鹽少許，主治下列何證？
(A)淋瀝尿赤 (B)九種心痛 (C)產後尿閉 (D)胞衣不下",B,94-中醫方劑學.csv,
40,"下列何方加入煨薑、薄荷共煎？
(A)逍遙散 (B)溫膽湯 (C)六和湯 (D)藿香正氣散",A,94-中醫方劑學.csv,
1,"有關禹功散之敘述，下列何者正確？
(A)東垣治寒濕水疝 (B)黑牽牛甘溫，能暖丹田，祛小腸冷氣
(C)茴香辛熱溫散，能達右腎命門 (D)為末，每一錢，薑汁調下",D,95-中醫方劑學.csv,
2,"下列何者非益元湯之組成？
(A)附子、乾薑 (B)黃連、知母 (C)人參、五味子 (D)黃耆、肉桂",D,95-中醫方劑學.csv,
3,"下列何方治陰證發斑，寒甚脈微？
(A)大建中湯 (B)小建中湯 (C)十四味建中湯 (D)黃耆建中湯",C,95-中醫方劑學.csv,
4,"四逆湯加下列何藥名漿水散，治虛寒水瀉？
(A)官桂、良薑、半夏 (B)桂枝、薑黃、白朮 (C)花椒、半夏、茯苓 (D)柴胡、半夏、黃芩",A,95-中醫方劑學.csv,
5,"下列何方之組成中無甘遂？
(A)十棗湯 (B)大陷胸湯 (C)小陷胸湯 (D)大陷胸丸",C,95-中醫方劑學.csv,
6,"以下何方主治腸風臟毒下血？
(A)槐花散 (B)秦艽白朮丸 (C)蒼朮地榆湯 (D)抵當湯",A,95-中醫方劑學.csv,
7,"金匱大黃甘草湯乃調胃承氣湯加減何藥所組成？
(A)加當歸 (B)加芍藥 (C)除芒硝 (D)加半夏",C,95-中醫方劑學.csv,
8,"藿香正氣散方義中，下列何者用以行水消滿？
(A)紫蘇、白芷、桔梗 (B)橘皮、半夏 (C)厚朴、大腹皮 (D)茯苓、白朮",C,95-中醫方劑學.csv,
9,"有關越鞠丸的敘述，下列何者錯誤？
(A)火鬱加黃連 (B)血鬱加桃仁、紅花 (C)挾寒加吳茱萸 (D)夏加苦參",A,95-中醫方劑學.csv,
10,"有關清血膏的敘述，下列何者錯誤？
(A)治正偏頭痛，年深不愈，及風寒濕上壅頭目 (B)如少陰頭痛，加細辛
(C)如自汗發熱惡熱而渴，此陽明頭痛，只與白虎湯加白芷 (D)川芎入厥陰，為通陰陽血氣之使",A,95-中醫方劑學.csv,
11,"風寒在表，則惡寒發熱，頭痛項強，風寒在肺，則鼻寒聲重，痰多咳嗽，聲如蛙鳴，俗名蝦蟆瘟，治以下列何方？
(A)清胃散 (B)涼膈散 (C)銀翹散 (D)人參敗毒散",D,95-中醫方劑學.csv,
12,"下列何方為海藏所製以代麻黃湯？
(A)神朮散 (B)白朮湯 (C)黃耆湯 (D)表實六合湯",A,95-中醫方劑學.csv,
13,"下列何方治太陽陽明合病下利？
(A)桂枝加大黃湯 (B)葛根湯 (C)葛根黃芩黃連湯 (D)升麻葛根湯",B,95-中醫方劑學.csv,
14,"黑地黃丸的組成中，不含下列何者？
(A)五味子 (B)生薑 (C)熟地黃 (D)蒼朮",B,95-中醫方劑學.csv,
15,"下列何者非通幽湯的組成藥物？
(A)當歸身、升麻 (B)桃仁、紅花 (C)甘草、大黃 (D)生地黃、熟地黃",C,95-中醫方劑學.csv,
16,"有關升陽散火湯之方義，下列敘述何者錯誤？
(A)柴胡以發少陽之火為君 (B)升、葛以發陽明之火 (C)羌、防以發太陽之火 (D)獨活以發太陰之火為臣
（請接背面）
中 醫 師
驗 船 師",D,95-中醫方劑學.csv,
17,"下列何方主治消渴煩躁，咽乾面赤？
(A)豬膏酒 (B)地黃飲子（易簡） (C)麻仁蘇子粥（本事方） (D)消渴方（丹溪）",B,95-中醫方劑學.csv,
18,"有關清骨散的方義，下列敘述何者錯誤？
(A)地骨皮、黃連、知母之苦寒，能除陰分之熱而平之於內 (B)柴胡、青蒿、秦艽之辛寒，能除肝膽之熱而散之於表
(C)鱉陰類而甲屬骨，能引諸藥入骨而補陽 (D)甘草甘平，能和諸藥而退虛熱",C,95-中醫方劑學.csv,
19,"有關二母散之敘述，下列何者錯誤？
(A)治肺勞有熱，能服補氣之劑者 (B)組成：知母、貝母
(C)貝母化痰瀉肺火 (D)知母滋腎清肺金",A,95-中醫方劑學.csv,
20,"茯苓丸主治為何？
(A)濕熱頭痛 (B)氣實痰盛 (C)停痰臂痛 (D)痰迷心竅",C,95-中醫方劑學.csv,
21,"下列何方治倒睫拳毛？
(A)人參益胃湯 (B)補肝散 (C)防風飲子 (D)羊肝丸",C,95-中醫方劑學.csv,
22,"下列何方於婦人妊娠八、九月，服數十劑，可使易生有力？
(A)束胎散 (B)啟宮丸 (C)當歸羊肉湯 (D)參朮散",A,95-中醫方劑學.csv,
23,"趙先生35歲，體瘦肢寒，習慣性腹瀉，常於清晨發生，腰痠耳鳴，疲勞倦怠，舌淡苔白，脈沈細，下列何方最適宜？
(A)藿香正氣散 (B)胃苓湯 (C)四神丸 (D)半夏瀉心湯",C,95-中醫方劑學.csv,
24,"20 歲女性大學生，平素身體瘦弱，曾被西醫診為焦慮症，主訴心悸 2 個月，伴有神疲乏力，畏風自汗，少氣懶言，
易受驚嚇，驚則心悸不安，脈細無力，舌淡胖有齒痕苔白，下列何方最適宜？
(A)柴胡加龍骨牡蠣湯 (B)溫膽湯 (C)養心湯 (D)天王補心丹",C,95-中醫方劑學.csv,
25,"76 歲老人，男性，開刀手術不久後即覺排便困難，後經外科複診，並無器質性病變。其症狀有便秘，溲多，身不熱
，腹不脹，說話無力，舌微紅，苔薄，脈弱。下列各方以何者治之最適宜？
(A)麻子仁丸 (B)大承氣湯 (C)六一順氣湯 (D)黃龍湯",A,95-中醫方劑學.csv,
26,"木香檳榔丸與枳實導滯丸的共同組成藥物為下列何者？
(A)芒硝 (B)枳實 (C)枳殼 (D)大黃",D,95-中醫方劑學.csv,
27,"45歲女性，平日納差，易胸悶。每逢情緒緊張則腹痛泄瀉，瀉後痛仍不止。治宜下列何者？
(A)藿香正氣散 (B)參苓白朮散 (C)痛瀉要方 (D)六君子湯",C,95-中醫方劑學.csv,
28,"有關清氣化痰丸之敘述，下列何者錯誤？
(A)茯苓以行水氣 (B)杏仁以降逆氣 (C)南星以破積氣 (D)陳皮以順裏氣",C,95-中醫方劑學.csv,
29,"陰陽水可治何者？
(A)霍亂 (B)筋疝 (C)寒熱瘧 (D)嘔噦",A,95-中醫方劑學.csv,
30,"有關甘草黑豆湯的敘述，下列何者錯誤？
(A)兼治寒疝 (B)解百藥毒 (C)若治筋疝，當用甘草梢 (D)甘草和中以解毒",A,95-中醫方劑學.csv,
31,"治傷寒水氣乘心，厥而心下悸者，亦治傷寒汗出不渴者為下列何方？
(A)五苓散 (B)人參白虎湯 (C)茯苓甘草湯 (D)苓桂朮甘湯",C,95-中醫方劑學.csv,
32,"疏鑿飲子的組成藥物中，下列何者可行水於腹裏？
(A)赤小豆 (B)大腹皮 (C)木通 (D)茯苓皮",A,95-中醫方劑學.csv,
33,"升陽除濕防風湯治大便閉塞或裏急後重，若胃寒泄瀉腸鳴者加下列何者？
(A)乾薑、附子 (B)黃芩、乾薑 (C)半夏、附子 (D)益智仁、半夏",D,95-中醫方劑學.csv,
34,"搜風順氣丸主治風祕氣祕，方中大黃如何炮製？
(A)九蒸九曬 (B)酒蒸 (C)酒洗 (D)醋蒸",A,95-中醫方劑學.csv,
35,"有關礞石滾痰丸之敘述，下列何者有錯？
(A)此手足太陰陽明藥 (B)礞石能攻陳積伏歷之痰 (C)大黃蕩熱去實 (D)服後宜飲水行動",D,95-中醫方劑學.csv,
36,"下列何者主治中風痰迷心竅，舌強不能言？
(A)導痰湯 (B)滌痰湯 (C)白金丸 (D)常山飲",B,95-中醫方劑學.csv,
37,"下列何者不是清咽太平丸的組成藥物？
(A)玄參 (B)桔梗 (C)防風 (D)川芎",A,95-中醫方劑學.csv,
38,"有關真人活命飲之敘述，下列何者錯誤？
(A)治一切癰疽腫毒初起未消者 (B)喜飲者多飲酒以行藥勢
(C)以皂角刺為佐 (D)以白芷排膿消腫",C,95-中醫方劑學.csv,
39,"下列何者為健脾丸的主治？
(A)脾虛氣弱，飲食不消 (B)食瘧下痢 (C)痰飲痞膈 (D)山嵐瘴霧，不服水土",A,95-中醫方劑學.csv,
40,"白金丸的歸經為下列何者？
(A)手厥陰 (B)手少陰 (C)手太陰 (D)手少陽",B,95-中醫方劑學.csv,
